2025-03-18 12:33:32.015 [Test worker]  INFO p6spy - #1742315612015 | took 18ms | statement | connection 1| url jdbc:mysql://localhost:3306/mymemopetdb?useSSL=false&serverTimezone=UTC&allowPublicKeyRetrieval=true
alter table access_log modify column request_at  datetime(6)
alter table access_log modify column request_at  datetime(6);
2025-03-18 12:33:32.026 [Test worker]  INFO p6spy - #1742315612026 | took 10ms | statement | connection 1| url jdbc:mysql://localhost:3306/mymemopetdb?useSSL=false&serverTimezone=UTC&allowPublicKeyRetrieval=true
alter table access_log modify column response_at  datetime(6)
alter table access_log modify column response_at  datetime(6);
2025-03-18 12:33:32.030 [Test worker]  INFO p6spy - #1742315612030 | took 3ms | statement | connection 1| url jdbc:mysql://localhost:3306/mymemopetdb?useSSL=false&serverTimezone=UTC&allowPublicKeyRetrieval=true
alter table audit modify column created_date  datetime(6)
alter table audit modify column created_date  datetime(6);
2025-03-18 12:33:32.034 [Test worker]  INFO p6spy - #1742315612034 | took 4ms | statement | connection 1| url jdbc:mysql://localhost:3306/mymemopetdb?useSSL=false&serverTimezone=UTC&allowPublicKeyRetrieval=true
alter table blocked modify column created_date  datetime(6) not null
alter table blocked modify column created_date  datetime(6) not null;
2025-03-18 12:33:32.040 [Test worker]  INFO p6spy - #1742315612040 | took 5ms | statement | connection 1| url jdbc:mysql://localhost:3306/mymemopetdb?useSSL=false&serverTimezone=UTC&allowPublicKeyRetrieval=true
alter table comment modify column last_modified_date  datetime(6)
alter table comment modify column last_modified_date  datetime(6);
2025-03-18 12:33:32.045 [Test worker]  INFO p6spy - #1742315612045 | took 5ms | statement | connection 1| url jdbc:mysql://localhost:3306/mymemopetdb?useSSL=false&serverTimezone=UTC&allowPublicKeyRetrieval=true
alter table comment modify column created_date  datetime(6)
alter table comment modify column created_date  datetime(6);
2025-03-18 12:33:32.050 [Test worker]  INFO p6spy - #1742315612050 | took 5ms | statement | connection 1| url jdbc:mysql://localhost:3306/mymemopetdb?useSSL=false&serverTimezone=UTC&allowPublicKeyRetrieval=true
alter table comment modify column comment_group  enum ('LAST_WORD','MEMORY_COMMENT') not null
alter table comment modify column comment_group  enum ('LAST_WORD','MEMORY_COMMENT') not null;
2025-03-18 12:33:32.057 [Test worker]  INFO p6spy - #1742315612057 | took 6ms | statement | connection 1| url jdbc:mysql://localhost:3306/mymemopetdb?useSSL=false&serverTimezone=UTC&allowPublicKeyRetrieval=true
alter table comment modify column deleted_date  datetime(6)
alter table comment modify column deleted_date  datetime(6);
2025-03-18 12:33:32.062 [Test worker]  INFO p6spy - #1742315612062 | took 5ms | statement | connection 1| url jdbc:mysql://localhost:3306/mymemopetdb?useSSL=false&serverTimezone=UTC&allowPublicKeyRetrieval=true
alter table follow modify column last_modified_date  datetime(6)
alter table follow modify column last_modified_date  datetime(6);
2025-03-18 12:33:32.067 [Test worker]  INFO p6spy - #1742315612067 | took 4ms | statement | connection 1| url jdbc:mysql://localhost:3306/mymemopetdb?useSSL=false&serverTimezone=UTC&allowPublicKeyRetrieval=true
alter table follow modify column created_date  datetime(6)
alter table follow modify column created_date  datetime(6);
2025-03-18 12:33:32.071 [Test worker]  INFO p6spy - #1742315612071 | took 4ms | statement | connection 1| url jdbc:mysql://localhost:3306/mymemopetdb?useSSL=false&serverTimezone=UTC&allowPublicKeyRetrieval=true
alter table likes modify column created_date  datetime(6)
alter table likes modify column created_date  datetime(6);
2025-03-18 12:33:32.078 [Test worker]  INFO p6spy - #1742315612078 | took 6ms | statement | connection 1| url jdbc:mysql://localhost:3306/mymemopetdb?useSSL=false&serverTimezone=UTC&allowPublicKeyRetrieval=true
alter table member modify column last_modified_date  datetime(6)
alter table member modify column last_modified_date  datetime(6);
2025-03-18 12:33:32.089 [Test worker]  INFO p6spy - #1742315612089 | took 10ms | statement | connection 1| url jdbc:mysql://localhost:3306/mymemopetdb?useSSL=false&serverTimezone=UTC&allowPublicKeyRetrieval=true
alter table member modify column created_date  datetime(6)
alter table member modify column created_date  datetime(6);
2025-03-18 12:33:32.101 [Test worker]  INFO p6spy - #1742315612101 | took 11ms | statement | connection 1| url jdbc:mysql://localhost:3306/mymemopetdb?useSSL=false&serverTimezone=UTC&allowPublicKeyRetrieval=true
alter table member modify column agree_date  datetime(6) not null
alter table member modify column agree_date  datetime(6) not null;
2025-03-18 12:33:32.108 [Test worker]  INFO p6spy - #1742315612108 | took 6ms | statement | connection 1| url jdbc:mysql://localhost:3306/mymemopetdb?useSSL=false&serverTimezone=UTC&allowPublicKeyRetrieval=true
alter table member modify column deleted_date  datetime(6)
alter table member modify column deleted_date  datetime(6);
2025-03-18 12:33:32.115 [Test worker]  INFO p6spy - #1742315612115 | took 6ms | statement | connection 1| url jdbc:mysql://localhost:3306/mymemopetdb?useSSL=false&serverTimezone=UTC&allowPublicKeyRetrieval=true
alter table member_social modify column last_modified_date  datetime(6)
alter table member_social modify column last_modified_date  datetime(6);
2025-03-18 12:33:32.120 [Test worker]  INFO p6spy - #1742315612120 | took 5ms | statement | connection 1| url jdbc:mysql://localhost:3306/mymemopetdb?useSSL=false&serverTimezone=UTC&allowPublicKeyRetrieval=true
alter table member_social modify column created_date  datetime(6)
alter table member_social modify column created_date  datetime(6);
2025-03-18 12:33:32.127 [Test worker]  INFO p6spy - #1742315612127 | took 6ms | statement | connection 1| url jdbc:mysql://localhost:3306/mymemopetdb?useSSL=false&serverTimezone=UTC&allowPublicKeyRetrieval=true
alter table member_social modify column deleted_date  datetime(6)
alter table member_social modify column deleted_date  datetime(6);
2025-03-18 12:33:32.134 [Test worker]  INFO p6spy - #1742315612134 | took 6ms | statement | connection 1| url jdbc:mysql://localhost:3306/mymemopetdb?useSSL=false&serverTimezone=UTC&allowPublicKeyRetrieval=true
alter table member_social modify column last_login_date  datetime(6)
alter table member_social modify column last_login_date  datetime(6);
2025-03-18 12:33:32.139 [Test worker]  INFO p6spy - #1742315612139 | took 5ms | statement | connection 1| url jdbc:mysql://localhost:3306/mymemopetdb?useSSL=false&serverTimezone=UTC&allowPublicKeyRetrieval=true
alter table member_social modify column member_status  enum ('BAN','LOCKED','NORMAL')
alter table member_social modify column member_status  enum ('BAN','LOCKED','NORMAL');
2025-03-18 12:33:32.148 [Test worker]  INFO p6spy - #1742315612148 | took 8ms | statement | connection 1| url jdbc:mysql://localhost:3306/mymemopetdb?useSSL=false&serverTimezone=UTC&allowPublicKeyRetrieval=true
alter table memory modify column last_modified_date  datetime(6)
alter table memory modify column last_modified_date  datetime(6);
2025-03-18 12:33:32.156 [Test worker]  INFO p6spy - #1742315612156 | took 7ms | statement | connection 1| url jdbc:mysql://localhost:3306/mymemopetdb?useSSL=false&serverTimezone=UTC&allowPublicKeyRetrieval=true
alter table memory modify column created_date  datetime(6)
alter table memory modify column created_date  datetime(6);
2025-03-18 12:33:32.162 [Test worker]  INFO p6spy - #1742315612162 | took 6ms | statement | connection 1| url jdbc:mysql://localhost:3306/mymemopetdb?useSSL=false&serverTimezone=UTC&allowPublicKeyRetrieval=true
alter table memory modify column audience  enum ('ALL','FRIEND','ME') not null
alter table memory modify column audience  enum ('ALL','FRIEND','ME') not null;
2025-03-18 12:33:32.169 [Test worker]  INFO p6spy - #1742315612169 | took 6ms | statement | connection 1| url jdbc:mysql://localhost:3306/mymemopetdb?useSSL=false&serverTimezone=UTC&allowPublicKeyRetrieval=true
alter table memory modify column deleted_date  datetime(6)
alter table memory modify column deleted_date  datetime(6);
2025-03-18 12:33:32.174 [Test worker]  INFO p6spy - #1742315612174 | took 5ms | statement | connection 1| url jdbc:mysql://localhost:3306/mymemopetdb?useSSL=false&serverTimezone=UTC&allowPublicKeyRetrieval=true
alter table memory_image modify column created_date  datetime(6)
alter table memory_image modify column created_date  datetime(6);
2025-03-18 12:33:32.179 [Test worker]  INFO p6spy - #1742315612179 | took 4ms | statement | connection 1| url jdbc:mysql://localhost:3306/mymemopetdb?useSSL=false&serverTimezone=UTC&allowPublicKeyRetrieval=true
alter table memory_image modify column deleted_date  datetime(6)
alter table memory_image modify column deleted_date  datetime(6);
2025-03-18 12:33:32.183 [Test worker]  INFO p6spy - #1742315612183 | took 3ms | statement | connection 1| url jdbc:mysql://localhost:3306/mymemopetdb?useSSL=false&serverTimezone=UTC&allowPublicKeyRetrieval=true
alter table meta modify column last_modified_date  datetime(6)
alter table meta modify column last_modified_date  datetime(6);
2025-03-18 12:33:32.187 [Test worker]  INFO p6spy - #1742315612187 | took 3ms | statement | connection 1| url jdbc:mysql://localhost:3306/mymemopetdb?useSSL=false&serverTimezone=UTC&allowPublicKeyRetrieval=true
alter table notification modify column last_modified_date  datetime(6)
alter table notification modify column last_modified_date  datetime(6);
2025-03-18 12:33:32.192 [Test worker]  INFO p6spy - #1742315612192 | took 4ms | statement | connection 1| url jdbc:mysql://localhost:3306/mymemopetdb?useSSL=false&serverTimezone=UTC&allowPublicKeyRetrieval=true
alter table notification modify column created_date  datetime(6)
alter table notification modify column created_date  datetime(6);
2025-03-18 12:33:32.203 [Test worker]  INFO p6spy - #1742315612203 | took 10ms | statement | connection 1| url jdbc:mysql://localhost:3306/mymemopetdb?useSSL=false&serverTimezone=UTC&allowPublicKeyRetrieval=true
alter table pet modify column last_modified_date  datetime(6)
alter table pet modify column last_modified_date  datetime(6);
2025-03-18 12:33:32.214 [Test worker]  INFO p6spy - #1742315612214 | took 11ms | statement | connection 1| url jdbc:mysql://localhost:3306/mymemopetdb?useSSL=false&serverTimezone=UTC&allowPublicKeyRetrieval=true
alter table pet modify column created_date  datetime(6)
alter table pet modify column created_date  datetime(6);
2025-03-18 12:33:32.225 [Test worker]  INFO p6spy - #1742315612225 | took 10ms | statement | connection 1| url jdbc:mysql://localhost:3306/mymemopetdb?useSSL=false&serverTimezone=UTC&allowPublicKeyRetrieval=true
alter table pet modify column deleted_date  datetime(6)
alter table pet modify column deleted_date  datetime(6);
2025-03-18 12:33:32.237 [Test worker]  INFO p6spy - #1742315612237 | took 12ms | statement | connection 1| url jdbc:mysql://localhost:3306/mymemopetdb?useSSL=false&serverTimezone=UTC&allowPublicKeyRetrieval=true
alter table pet modify column gender  enum ('F','M') not null
alter table pet modify column gender  enum ('F','M') not null;
2025-03-18 12:33:32.248 [Test worker]  INFO p6spy - #1742315612248 | took 10ms | statement | connection 1| url jdbc:mysql://localhost:3306/mymemopetdb?useSSL=false&serverTimezone=UTC&allowPublicKeyRetrieval=true
alter table pet modify column pet_status  enum ('ACTIVE','DEACTIVE') not null
alter table pet modify column pet_status  enum ('ACTIVE','DEACTIVE') not null;
2025-03-18 12:33:32.253 [Test worker]  INFO p6spy - #1742315612253 | took 5ms | statement | connection 1| url jdbc:mysql://localhost:3306/mymemopetdb?useSSL=false&serverTimezone=UTC&allowPublicKeyRetrieval=true
alter table recent_search modify column created_date  datetime(6)
alter table recent_search modify column created_date  datetime(6);
2025-03-18 12:33:32.269 [Test worker]  INFO p6spy - #1742315612269 | took 15ms | statement | connection 1| url jdbc:mysql://localhost:3306/mymemopetdb?useSSL=false&serverTimezone=UTC&allowPublicKeyRetrieval=true
alter table refresh_token modify column expired_at  datetime(6)
alter table refresh_token modify column expired_at  datetime(6);
2025-03-18 12:33:32.273 [Test worker]  INFO p6spy - #1742315612273 | took 4ms | statement | connection 1| url jdbc:mysql://localhost:3306/mymemopetdb?useSSL=false&serverTimezone=UTC&allowPublicKeyRetrieval=true
alter table report modify column created_date  datetime(6)
alter table report modify column created_date  datetime(6);
2025-03-18 12:33:32.280 [Test worker]  INFO p6spy - #1742315612280 | took 6ms | statement | connection 1| url jdbc:mysql://localhost:3306/mymemopetdb?useSSL=false&serverTimezone=UTC&allowPublicKeyRetrieval=true
alter table species modify column last_modified_date  datetime(6)
alter table species modify column last_modified_date  datetime(6);
2025-03-18 12:33:32.284 [Test worker]  INFO p6spy - #1742315612284 | took 4ms | statement | connection 1| url jdbc:mysql://localhost:3306/mymemopetdb?useSSL=false&serverTimezone=UTC&allowPublicKeyRetrieval=true
alter table verification_status_entity modify column expired_at  datetime(6)
alter table verification_status_entity modify column expired_at  datetime(6);
2025-03-18 12:33:32.298 [Test worker]  INFO p6spy - #1742315612298 | took 2ms | statement | connection 1| url jdbc:mysql://localhost:3306/mymemopetdb?useSSL=false&serverTimezone=UTC&allowPublicKeyRetrieval=true
select * from `mymemopetdb`.`pet` where 1=0
select * from `mymemopetdb`.`pet` where 1=0;
2025-03-18 12:33:32.306 [Test worker]  INFO p6spy - #1742315612305 | took 1ms | statement | connection 1| url jdbc:mysql://localhost:3306/mymemopetdb?useSSL=false&serverTimezone=UTC&allowPublicKeyRetrieval=true
select * from `mymemopetdb`.`memory` where 1=0
select * from `mymemopetdb`.`memory` where 1=0;
2025-03-18 12:33:32.308 [Test worker]  INFO p6spy - #1742315612308 | took 0ms | statement | connection 1| url jdbc:mysql://localhost:3306/mymemopetdb?useSSL=false&serverTimezone=UTC&allowPublicKeyRetrieval=true
select * from `mymemopetdb`.`pet` where 1=0
select * from `mymemopetdb`.`pet` where 1=0;
2025-03-18 12:33:32.313 [Test worker]  INFO p6spy - #1742315612313 | took 0ms | statement | connection 1| url jdbc:mysql://localhost:3306/mymemopetdb?useSSL=false&serverTimezone=UTC&allowPublicKeyRetrieval=true
select * from `mymemopetdb`.`pet` where 1=0
select * from `mymemopetdb`.`pet` where 1=0;
2025-03-18 12:33:32.318 [Test worker]  INFO p6spy - #1742315612317 | took 0ms | statement | connection 1| url jdbc:mysql://localhost:3306/mymemopetdb?useSSL=false&serverTimezone=UTC&allowPublicKeyRetrieval=true
select * from `mymemopetdb`.`memory` where 1=0
select * from `mymemopetdb`.`memory` where 1=0;
2025-03-18 12:33:32.319 [Test worker]  INFO p6spy - #1742315612319 | took 0ms | statement | connection 1| url jdbc:mysql://localhost:3306/mymemopetdb?useSSL=false&serverTimezone=UTC&allowPublicKeyRetrieval=true
select * from `mymemopetdb`.`pet` where 1=0
select * from `mymemopetdb`.`pet` where 1=0;
2025-03-18 12:33:32.324 [Test worker]  INFO p6spy - #1742315612324 | took 0ms | statement | connection 1| url jdbc:mysql://localhost:3306/mymemopetdb?useSSL=false&serverTimezone=UTC&allowPublicKeyRetrieval=true
select * from `mymemopetdb`.`pet` where 1=0
select * from `mymemopetdb`.`pet` where 1=0;
2025-03-18 12:33:32.328 [Test worker]  INFO p6spy - #1742315612328 | took 0ms | statement | connection 1| url jdbc:mysql://localhost:3306/mymemopetdb?useSSL=false&serverTimezone=UTC&allowPublicKeyRetrieval=true
select * from `mymemopetdb`.`memory` where 1=0
select * from `mymemopetdb`.`memory` where 1=0;
2025-03-18 12:33:32.332 [Test worker]  INFO p6spy - #1742315612332 | took 0ms | statement | connection 1| url jdbc:mysql://localhost:3306/mymemopetdb?useSSL=false&serverTimezone=UTC&allowPublicKeyRetrieval=true
select * from `mymemopetdb`.`pet` where 1=0
select * from `mymemopetdb`.`pet` where 1=0;
2025-03-18 12:33:32.335 [Test worker]  INFO p6spy - #1742315612335 | took 0ms | statement | connection 1| url jdbc:mysql://localhost:3306/mymemopetdb?useSSL=false&serverTimezone=UTC&allowPublicKeyRetrieval=true
select * from `mymemopetdb`.`member` where 1=0
select * from `mymemopetdb`.`member` where 1=0;
2025-03-18 12:33:32.337 [Test worker]  INFO p6spy - #1742315612337 | took 0ms | statement | connection 1| url jdbc:mysql://localhost:3306/mymemopetdb?useSSL=false&serverTimezone=UTC&allowPublicKeyRetrieval=true
select * from `mymemopetdb`.`species` where 1=0
select * from `mymemopetdb`.`species` where 1=0;
2025-03-18 12:33:32.341 [Test worker]  INFO p6spy - #1742315612341 | took 0ms | statement | connection 1| url jdbc:mysql://localhost:3306/mymemopetdb?useSSL=false&serverTimezone=UTC&allowPublicKeyRetrieval=true
select * from `mymemopetdb`.`pet` where 1=0
select * from `mymemopetdb`.`pet` where 1=0;
2025-03-18 12:33:32.345 [Test worker]  INFO p6spy - #1742315612345 | took 0ms | statement | connection 1| url jdbc:mysql://localhost:3306/mymemopetdb?useSSL=false&serverTimezone=UTC&allowPublicKeyRetrieval=true
select * from `mymemopetdb`.`member_social` where 1=0
select * from `mymemopetdb`.`member_social` where 1=0;
2025-03-18 13:24:21.398 [Test worker]  INFO p6spy - #1742318661398 | took 17ms | statement | connection 1| url jdbc:mysql://localhost:3306/mymemopetdb?useSSL=false&serverTimezone=UTC&allowPublicKeyRetrieval=true
alter table access_log modify column request_at  datetime(6)
alter table access_log modify column request_at  datetime(6);
2025-03-18 13:24:21.404 [Test worker]  INFO p6spy - #1742318661404 | took 5ms | statement | connection 1| url jdbc:mysql://localhost:3306/mymemopetdb?useSSL=false&serverTimezone=UTC&allowPublicKeyRetrieval=true
alter table access_log modify column response_at  datetime(6)
alter table access_log modify column response_at  datetime(6);
2025-03-18 13:24:21.409 [Test worker]  INFO p6spy - #1742318661409 | took 4ms | statement | connection 1| url jdbc:mysql://localhost:3306/mymemopetdb?useSSL=false&serverTimezone=UTC&allowPublicKeyRetrieval=true
alter table audit modify column created_date  datetime(6)
alter table audit modify column created_date  datetime(6);
2025-03-18 13:24:21.415 [Test worker]  INFO p6spy - #1742318661415 | took 5ms | statement | connection 1| url jdbc:mysql://localhost:3306/mymemopetdb?useSSL=false&serverTimezone=UTC&allowPublicKeyRetrieval=true
alter table blocked modify column created_date  datetime(6) not null
alter table blocked modify column created_date  datetime(6) not null;
2025-03-18 13:24:21.421 [Test worker]  INFO p6spy - #1742318661421 | took 4ms | statement | connection 1| url jdbc:mysql://localhost:3306/mymemopetdb?useSSL=false&serverTimezone=UTC&allowPublicKeyRetrieval=true
alter table comment modify column last_modified_date  datetime(6)
alter table comment modify column last_modified_date  datetime(6);
2025-03-18 13:24:21.425 [Test worker]  INFO p6spy - #1742318661425 | took 4ms | statement | connection 1| url jdbc:mysql://localhost:3306/mymemopetdb?useSSL=false&serverTimezone=UTC&allowPublicKeyRetrieval=true
alter table comment modify column created_date  datetime(6)
alter table comment modify column created_date  datetime(6);
2025-03-18 13:24:21.430 [Test worker]  INFO p6spy - #1742318661430 | took 5ms | statement | connection 1| url jdbc:mysql://localhost:3306/mymemopetdb?useSSL=false&serverTimezone=UTC&allowPublicKeyRetrieval=true
alter table comment modify column comment_group  enum ('LAST_WORD','MEMORY_COMMENT') not null
alter table comment modify column comment_group  enum ('LAST_WORD','MEMORY_COMMENT') not null;
2025-03-18 13:24:21.435 [Test worker]  INFO p6spy - #1742318661435 | took 4ms | statement | connection 1| url jdbc:mysql://localhost:3306/mymemopetdb?useSSL=false&serverTimezone=UTC&allowPublicKeyRetrieval=true
alter table comment modify column deleted_date  datetime(6)
alter table comment modify column deleted_date  datetime(6);
2025-03-18 13:24:21.441 [Test worker]  INFO p6spy - #1742318661441 | took 5ms | statement | connection 1| url jdbc:mysql://localhost:3306/mymemopetdb?useSSL=false&serverTimezone=UTC&allowPublicKeyRetrieval=true
alter table follow modify column last_modified_date  datetime(6)
alter table follow modify column last_modified_date  datetime(6);
2025-03-18 13:24:21.445 [Test worker]  INFO p6spy - #1742318661445 | took 3ms | statement | connection 1| url jdbc:mysql://localhost:3306/mymemopetdb?useSSL=false&serverTimezone=UTC&allowPublicKeyRetrieval=true
alter table follow modify column created_date  datetime(6)
alter table follow modify column created_date  datetime(6);
2025-03-18 13:24:21.450 [Test worker]  INFO p6spy - #1742318661450 | took 4ms | statement | connection 1| url jdbc:mysql://localhost:3306/mymemopetdb?useSSL=false&serverTimezone=UTC&allowPublicKeyRetrieval=true
alter table likes modify column created_date  datetime(6)
alter table likes modify column created_date  datetime(6);
2025-03-18 13:24:21.459 [Test worker]  INFO p6spy - #1742318661459 | took 8ms | statement | connection 1| url jdbc:mysql://localhost:3306/mymemopetdb?useSSL=false&serverTimezone=UTC&allowPublicKeyRetrieval=true
alter table member modify column last_modified_date  datetime(6)
alter table member modify column last_modified_date  datetime(6);
2025-03-18 13:24:21.466 [Test worker]  INFO p6spy - #1742318661466 | took 7ms | statement | connection 1| url jdbc:mysql://localhost:3306/mymemopetdb?useSSL=false&serverTimezone=UTC&allowPublicKeyRetrieval=true
alter table member modify column created_date  datetime(6)
alter table member modify column created_date  datetime(6);
2025-03-18 13:24:21.472 [Test worker]  INFO p6spy - #1742318661472 | took 5ms | statement | connection 1| url jdbc:mysql://localhost:3306/mymemopetdb?useSSL=false&serverTimezone=UTC&allowPublicKeyRetrieval=true
alter table member modify column agree_date  datetime(6) not null
alter table member modify column agree_date  datetime(6) not null;
2025-03-18 13:24:21.478 [Test worker]  INFO p6spy - #1742318661478 | took 6ms | statement | connection 1| url jdbc:mysql://localhost:3306/mymemopetdb?useSSL=false&serverTimezone=UTC&allowPublicKeyRetrieval=true
alter table member modify column deleted_date  datetime(6)
alter table member modify column deleted_date  datetime(6);
2025-03-18 13:24:21.485 [Test worker]  INFO p6spy - #1742318661484 | took 5ms | statement | connection 1| url jdbc:mysql://localhost:3306/mymemopetdb?useSSL=false&serverTimezone=UTC&allowPublicKeyRetrieval=true
alter table member_social modify column last_modified_date  datetime(6)
alter table member_social modify column last_modified_date  datetime(6);
2025-03-18 13:24:21.491 [Test worker]  INFO p6spy - #1742318661491 | took 6ms | statement | connection 1| url jdbc:mysql://localhost:3306/mymemopetdb?useSSL=false&serverTimezone=UTC&allowPublicKeyRetrieval=true
alter table member_social modify column created_date  datetime(6)
alter table member_social modify column created_date  datetime(6);
2025-03-18 13:24:21.497 [Test worker]  INFO p6spy - #1742318661497 | took 5ms | statement | connection 1| url jdbc:mysql://localhost:3306/mymemopetdb?useSSL=false&serverTimezone=UTC&allowPublicKeyRetrieval=true
alter table member_social modify column deleted_date  datetime(6)
alter table member_social modify column deleted_date  datetime(6);
2025-03-18 13:24:21.503 [Test worker]  INFO p6spy - #1742318661503 | took 6ms | statement | connection 1| url jdbc:mysql://localhost:3306/mymemopetdb?useSSL=false&serverTimezone=UTC&allowPublicKeyRetrieval=true
alter table member_social modify column last_login_date  datetime(6)
alter table member_social modify column last_login_date  datetime(6);
2025-03-18 13:24:21.509 [Test worker]  INFO p6spy - #1742318661509 | took 5ms | statement | connection 1| url jdbc:mysql://localhost:3306/mymemopetdb?useSSL=false&serverTimezone=UTC&allowPublicKeyRetrieval=true
alter table member_social modify column member_status  enum ('BAN','LOCKED','NORMAL')
alter table member_social modify column member_status  enum ('BAN','LOCKED','NORMAL');
2025-03-18 13:24:21.517 [Test worker]  INFO p6spy - #1742318661517 | took 8ms | statement | connection 1| url jdbc:mysql://localhost:3306/mymemopetdb?useSSL=false&serverTimezone=UTC&allowPublicKeyRetrieval=true
alter table memory modify column last_modified_date  datetime(6)
alter table memory modify column last_modified_date  datetime(6);
2025-03-18 13:24:21.526 [Test worker]  INFO p6spy - #1742318661526 | took 8ms | statement | connection 1| url jdbc:mysql://localhost:3306/mymemopetdb?useSSL=false&serverTimezone=UTC&allowPublicKeyRetrieval=true
alter table memory modify column created_date  datetime(6)
alter table memory modify column created_date  datetime(6);
2025-03-18 13:24:21.536 [Test worker]  INFO p6spy - #1742318661536 | took 9ms | statement | connection 1| url jdbc:mysql://localhost:3306/mymemopetdb?useSSL=false&serverTimezone=UTC&allowPublicKeyRetrieval=true
alter table memory modify column audience  enum ('ALL','FRIEND','ME') not null
alter table memory modify column audience  enum ('ALL','FRIEND','ME') not null;
2025-03-18 13:24:21.545 [Test worker]  INFO p6spy - #1742318661545 | took 8ms | statement | connection 1| url jdbc:mysql://localhost:3306/mymemopetdb?useSSL=false&serverTimezone=UTC&allowPublicKeyRetrieval=true
alter table memory modify column deleted_date  datetime(6)
alter table memory modify column deleted_date  datetime(6);
2025-03-18 13:24:21.549 [Test worker]  INFO p6spy - #1742318661549 | took 4ms | statement | connection 1| url jdbc:mysql://localhost:3306/mymemopetdb?useSSL=false&serverTimezone=UTC&allowPublicKeyRetrieval=true
alter table memory_image modify column created_date  datetime(6)
alter table memory_image modify column created_date  datetime(6);
2025-03-18 13:24:21.554 [Test worker]  INFO p6spy - #1742318661554 | took 4ms | statement | connection 1| url jdbc:mysql://localhost:3306/mymemopetdb?useSSL=false&serverTimezone=UTC&allowPublicKeyRetrieval=true
alter table memory_image modify column deleted_date  datetime(6)
alter table memory_image modify column deleted_date  datetime(6);
2025-03-18 13:24:21.558 [Test worker]  INFO p6spy - #1742318661558 | took 3ms | statement | connection 1| url jdbc:mysql://localhost:3306/mymemopetdb?useSSL=false&serverTimezone=UTC&allowPublicKeyRetrieval=true
alter table meta modify column last_modified_date  datetime(6)
alter table meta modify column last_modified_date  datetime(6);
2025-03-18 13:24:21.563 [Test worker]  INFO p6spy - #1742318661563 | took 4ms | statement | connection 1| url jdbc:mysql://localhost:3306/mymemopetdb?useSSL=false&serverTimezone=UTC&allowPublicKeyRetrieval=true
alter table notification modify column last_modified_date  datetime(6)
alter table notification modify column last_modified_date  datetime(6);
2025-03-18 13:24:21.567 [Test worker]  INFO p6spy - #1742318661567 | took 4ms | statement | connection 1| url jdbc:mysql://localhost:3306/mymemopetdb?useSSL=false&serverTimezone=UTC&allowPublicKeyRetrieval=true
alter table notification modify column created_date  datetime(6)
alter table notification modify column created_date  datetime(6);
2025-03-18 13:24:21.580 [Test worker]  INFO p6spy - #1742318661580 | took 12ms | statement | connection 1| url jdbc:mysql://localhost:3306/mymemopetdb?useSSL=false&serverTimezone=UTC&allowPublicKeyRetrieval=true
alter table pet modify column last_modified_date  datetime(6)
alter table pet modify column last_modified_date  datetime(6);
2025-03-18 13:24:21.591 [Test worker]  INFO p6spy - #1742318661591 | took 11ms | statement | connection 1| url jdbc:mysql://localhost:3306/mymemopetdb?useSSL=false&serverTimezone=UTC&allowPublicKeyRetrieval=true
alter table pet modify column created_date  datetime(6)
alter table pet modify column created_date  datetime(6);
2025-03-18 13:24:21.603 [Test worker]  INFO p6spy - #1742318661603 | took 11ms | statement | connection 1| url jdbc:mysql://localhost:3306/mymemopetdb?useSSL=false&serverTimezone=UTC&allowPublicKeyRetrieval=true
alter table pet modify column deleted_date  datetime(6)
alter table pet modify column deleted_date  datetime(6);
2025-03-18 13:24:21.613 [Test worker]  INFO p6spy - #1742318661613 | took 10ms | statement | connection 1| url jdbc:mysql://localhost:3306/mymemopetdb?useSSL=false&serverTimezone=UTC&allowPublicKeyRetrieval=true
alter table pet modify column gender  enum ('F','M') not null
alter table pet modify column gender  enum ('F','M') not null;
2025-03-18 13:24:21.623 [Test worker]  INFO p6spy - #1742318661623 | took 10ms | statement | connection 1| url jdbc:mysql://localhost:3306/mymemopetdb?useSSL=false&serverTimezone=UTC&allowPublicKeyRetrieval=true
alter table pet modify column pet_status  enum ('ACTIVE','DEACTIVE') not null
alter table pet modify column pet_status  enum ('ACTIVE','DEACTIVE') not null;
2025-03-18 13:24:21.628 [Test worker]  INFO p6spy - #1742318661628 | took 4ms | statement | connection 1| url jdbc:mysql://localhost:3306/mymemopetdb?useSSL=false&serverTimezone=UTC&allowPublicKeyRetrieval=true
alter table recent_search modify column created_date  datetime(6)
alter table recent_search modify column created_date  datetime(6);
2025-03-18 13:24:21.631 [Test worker]  INFO p6spy - #1742318661631 | took 3ms | statement | connection 1| url jdbc:mysql://localhost:3306/mymemopetdb?useSSL=false&serverTimezone=UTC&allowPublicKeyRetrieval=true
alter table refresh_token modify column expired_at  datetime(6)
alter table refresh_token modify column expired_at  datetime(6);
2025-03-18 13:24:21.635 [Test worker]  INFO p6spy - #1742318661635 | took 3ms | statement | connection 1| url jdbc:mysql://localhost:3306/mymemopetdb?useSSL=false&serverTimezone=UTC&allowPublicKeyRetrieval=true
alter table report modify column created_date  datetime(6)
alter table report modify column created_date  datetime(6);
2025-03-18 13:24:21.640 [Test worker]  INFO p6spy - #1742318661640 | took 4ms | statement | connection 1| url jdbc:mysql://localhost:3306/mymemopetdb?useSSL=false&serverTimezone=UTC&allowPublicKeyRetrieval=true
alter table species modify column last_modified_date  datetime(6)
alter table species modify column last_modified_date  datetime(6);
2025-03-18 13:24:21.644 [Test worker]  INFO p6spy - #1742318661644 | took 3ms | statement | connection 1| url jdbc:mysql://localhost:3306/mymemopetdb?useSSL=false&serverTimezone=UTC&allowPublicKeyRetrieval=true
alter table verification_status_entity modify column expired_at  datetime(6)
alter table verification_status_entity modify column expired_at  datetime(6);
2025-03-18 13:24:21.666 [Test worker]  INFO p6spy - #1742318661666 | took 9ms | statement | connection 1| url jdbc:mysql://localhost:3306/mymemopetdb?useSSL=false&serverTimezone=UTC&allowPublicKeyRetrieval=true
select * from `mymemopetdb`.`pet` where 1=0
select * from `mymemopetdb`.`pet` where 1=0;
2025-03-18 13:24:21.674 [Test worker]  INFO p6spy - #1742318661674 | took 0ms | statement | connection 1| url jdbc:mysql://localhost:3306/mymemopetdb?useSSL=false&serverTimezone=UTC&allowPublicKeyRetrieval=true
select * from `mymemopetdb`.`memory` where 1=0
select * from `mymemopetdb`.`memory` where 1=0;
2025-03-18 13:24:21.675 [Test worker]  INFO p6spy - #1742318661675 | took 0ms | statement | connection 1| url jdbc:mysql://localhost:3306/mymemopetdb?useSSL=false&serverTimezone=UTC&allowPublicKeyRetrieval=true
select * from `mymemopetdb`.`pet` where 1=0
select * from `mymemopetdb`.`pet` where 1=0;
2025-03-18 13:24:21.679 [Test worker]  INFO p6spy - #1742318661679 | took 0ms | statement | connection 1| url jdbc:mysql://localhost:3306/mymemopetdb?useSSL=false&serverTimezone=UTC&allowPublicKeyRetrieval=true
select * from `mymemopetdb`.`pet` where 1=0
select * from `mymemopetdb`.`pet` where 1=0;
2025-03-18 13:24:21.684 [Test worker]  INFO p6spy - #1742318661684 | took 0ms | statement | connection 1| url jdbc:mysql://localhost:3306/mymemopetdb?useSSL=false&serverTimezone=UTC&allowPublicKeyRetrieval=true
select * from `mymemopetdb`.`memory` where 1=0
select * from `mymemopetdb`.`memory` where 1=0;
2025-03-18 13:24:21.686 [Test worker]  INFO p6spy - #1742318661686 | took 0ms | statement | connection 1| url jdbc:mysql://localhost:3306/mymemopetdb?useSSL=false&serverTimezone=UTC&allowPublicKeyRetrieval=true
select * from `mymemopetdb`.`pet` where 1=0
select * from `mymemopetdb`.`pet` where 1=0;
2025-03-18 13:24:21.690 [Test worker]  INFO p6spy - #1742318661690 | took 0ms | statement | connection 1| url jdbc:mysql://localhost:3306/mymemopetdb?useSSL=false&serverTimezone=UTC&allowPublicKeyRetrieval=true
select * from `mymemopetdb`.`pet` where 1=0
select * from `mymemopetdb`.`pet` where 1=0;
2025-03-18 13:24:21.694 [Test worker]  INFO p6spy - #1742318661694 | took 0ms | statement | connection 1| url jdbc:mysql://localhost:3306/mymemopetdb?useSSL=false&serverTimezone=UTC&allowPublicKeyRetrieval=true
select * from `mymemopetdb`.`memory` where 1=0
select * from `mymemopetdb`.`memory` where 1=0;
2025-03-18 13:24:21.698 [Test worker]  INFO p6spy - #1742318661698 | took 0ms | statement | connection 1| url jdbc:mysql://localhost:3306/mymemopetdb?useSSL=false&serverTimezone=UTC&allowPublicKeyRetrieval=true
select * from `mymemopetdb`.`pet` where 1=0
select * from `mymemopetdb`.`pet` where 1=0;
2025-03-18 13:24:21.702 [Test worker]  INFO p6spy - #1742318661702 | took 0ms | statement | connection 1| url jdbc:mysql://localhost:3306/mymemopetdb?useSSL=false&serverTimezone=UTC&allowPublicKeyRetrieval=true
select * from `mymemopetdb`.`member` where 1=0
select * from `mymemopetdb`.`member` where 1=0;
2025-03-18 13:24:21.704 [Test worker]  INFO p6spy - #1742318661704 | took 0ms | statement | connection 1| url jdbc:mysql://localhost:3306/mymemopetdb?useSSL=false&serverTimezone=UTC&allowPublicKeyRetrieval=true
select * from `mymemopetdb`.`species` where 1=0
select * from `mymemopetdb`.`species` where 1=0;
2025-03-18 13:24:21.708 [Test worker]  INFO p6spy - #1742318661708 | took 0ms | statement | connection 1| url jdbc:mysql://localhost:3306/mymemopetdb?useSSL=false&serverTimezone=UTC&allowPublicKeyRetrieval=true
select * from `mymemopetdb`.`pet` where 1=0
select * from `mymemopetdb`.`pet` where 1=0;
2025-03-18 13:24:21.712 [Test worker]  INFO p6spy - #1742318661712 | took 0ms | statement | connection 1| url jdbc:mysql://localhost:3306/mymemopetdb?useSSL=false&serverTimezone=UTC&allowPublicKeyRetrieval=true
select * from `mymemopetdb`.`member_social` where 1=0
select * from `mymemopetdb`.`member_social` where 1=0;
2025-03-18 13:37:40.111 [Test worker]  INFO p6spy - #1742319460111 | took 14ms | statement | connection 1| url jdbc:mysql://localhost:3306/mymemopetdb?useSSL=false&serverTimezone=UTC&allowPublicKeyRetrieval=true
alter table access_log modify column request_at  datetime(6)
alter table access_log modify column request_at  datetime(6);
2025-03-18 13:37:40.118 [Test worker]  INFO p6spy - #1742319460118 | took 6ms | statement | connection 1| url jdbc:mysql://localhost:3306/mymemopetdb?useSSL=false&serverTimezone=UTC&allowPublicKeyRetrieval=true
alter table access_log modify column response_at  datetime(6)
alter table access_log modify column response_at  datetime(6);
2025-03-18 13:37:40.123 [Test worker]  INFO p6spy - #1742319460123 | took 5ms | statement | connection 1| url jdbc:mysql://localhost:3306/mymemopetdb?useSSL=false&serverTimezone=UTC&allowPublicKeyRetrieval=true
alter table audit modify column created_date  datetime(6)
alter table audit modify column created_date  datetime(6);
2025-03-18 13:37:40.128 [Test worker]  INFO p6spy - #1742319460128 | took 4ms | statement | connection 1| url jdbc:mysql://localhost:3306/mymemopetdb?useSSL=false&serverTimezone=UTC&allowPublicKeyRetrieval=true
alter table blocked modify column created_date  datetime(6) not null
alter table blocked modify column created_date  datetime(6) not null;
2025-03-18 13:37:40.134 [Test worker]  INFO p6spy - #1742319460134 | took 5ms | statement | connection 1| url jdbc:mysql://localhost:3306/mymemopetdb?useSSL=false&serverTimezone=UTC&allowPublicKeyRetrieval=true
alter table comment modify column last_modified_date  datetime(6)
alter table comment modify column last_modified_date  datetime(6);
2025-03-18 13:37:40.139 [Test worker]  INFO p6spy - #1742319460139 | took 5ms | statement | connection 1| url jdbc:mysql://localhost:3306/mymemopetdb?useSSL=false&serverTimezone=UTC&allowPublicKeyRetrieval=true
alter table comment modify column created_date  datetime(6)
alter table comment modify column created_date  datetime(6);
2025-03-18 13:37:40.144 [Test worker]  INFO p6spy - #1742319460144 | took 4ms | statement | connection 1| url jdbc:mysql://localhost:3306/mymemopetdb?useSSL=false&serverTimezone=UTC&allowPublicKeyRetrieval=true
alter table comment modify column comment_group  enum ('LAST_WORD','MEMORY_COMMENT') not null
alter table comment modify column comment_group  enum ('LAST_WORD','MEMORY_COMMENT') not null;
2025-03-18 13:37:40.149 [Test worker]  INFO p6spy - #1742319460149 | took 5ms | statement | connection 1| url jdbc:mysql://localhost:3306/mymemopetdb?useSSL=false&serverTimezone=UTC&allowPublicKeyRetrieval=true
alter table comment modify column deleted_date  datetime(6)
alter table comment modify column deleted_date  datetime(6);
2025-03-18 13:37:40.154 [Test worker]  INFO p6spy - #1742319460154 | took 4ms | statement | connection 1| url jdbc:mysql://localhost:3306/mymemopetdb?useSSL=false&serverTimezone=UTC&allowPublicKeyRetrieval=true
alter table follow modify column last_modified_date  datetime(6)
alter table follow modify column last_modified_date  datetime(6);
2025-03-18 13:37:40.159 [Test worker]  INFO p6spy - #1742319460159 | took 4ms | statement | connection 1| url jdbc:mysql://localhost:3306/mymemopetdb?useSSL=false&serverTimezone=UTC&allowPublicKeyRetrieval=true
alter table follow modify column created_date  datetime(6)
alter table follow modify column created_date  datetime(6);
2025-03-18 13:37:40.164 [Test worker]  INFO p6spy - #1742319460164 | took 4ms | statement | connection 1| url jdbc:mysql://localhost:3306/mymemopetdb?useSSL=false&serverTimezone=UTC&allowPublicKeyRetrieval=true
alter table likes modify column created_date  datetime(6)
alter table likes modify column created_date  datetime(6);
2025-03-18 13:37:40.174 [Test worker]  INFO p6spy - #1742319460174 | took 10ms | statement | connection 1| url jdbc:mysql://localhost:3306/mymemopetdb?useSSL=false&serverTimezone=UTC&allowPublicKeyRetrieval=true
alter table member modify column last_modified_date  datetime(6)
alter table member modify column last_modified_date  datetime(6);
2025-03-18 13:37:40.181 [Test worker]  INFO p6spy - #1742319460181 | took 6ms | statement | connection 1| url jdbc:mysql://localhost:3306/mymemopetdb?useSSL=false&serverTimezone=UTC&allowPublicKeyRetrieval=true
alter table member modify column created_date  datetime(6)
alter table member modify column created_date  datetime(6);
2025-03-18 13:37:40.188 [Test worker]  INFO p6spy - #1742319460188 | took 6ms | statement | connection 1| url jdbc:mysql://localhost:3306/mymemopetdb?useSSL=false&serverTimezone=UTC&allowPublicKeyRetrieval=true
alter table member modify column agree_date  datetime(6) not null
alter table member modify column agree_date  datetime(6) not null;
2025-03-18 13:37:40.195 [Test worker]  INFO p6spy - #1742319460195 | took 7ms | statement | connection 1| url jdbc:mysql://localhost:3306/mymemopetdb?useSSL=false&serverTimezone=UTC&allowPublicKeyRetrieval=true
alter table member modify column deleted_date  datetime(6)
alter table member modify column deleted_date  datetime(6);
2025-03-18 13:37:40.201 [Test worker]  INFO p6spy - #1742319460201 | took 6ms | statement | connection 1| url jdbc:mysql://localhost:3306/mymemopetdb?useSSL=false&serverTimezone=UTC&allowPublicKeyRetrieval=true
alter table member_social modify column last_modified_date  datetime(6)
alter table member_social modify column last_modified_date  datetime(6);
2025-03-18 13:37:40.208 [Test worker]  INFO p6spy - #1742319460208 | took 6ms | statement | connection 1| url jdbc:mysql://localhost:3306/mymemopetdb?useSSL=false&serverTimezone=UTC&allowPublicKeyRetrieval=true
alter table member_social modify column created_date  datetime(6)
alter table member_social modify column created_date  datetime(6);
2025-03-18 13:37:40.214 [Test worker]  INFO p6spy - #1742319460214 | took 5ms | statement | connection 1| url jdbc:mysql://localhost:3306/mymemopetdb?useSSL=false&serverTimezone=UTC&allowPublicKeyRetrieval=true
alter table member_social modify column deleted_date  datetime(6)
alter table member_social modify column deleted_date  datetime(6);
2025-03-18 13:37:40.220 [Test worker]  INFO p6spy - #1742319460220 | took 6ms | statement | connection 1| url jdbc:mysql://localhost:3306/mymemopetdb?useSSL=false&serverTimezone=UTC&allowPublicKeyRetrieval=true
alter table member_social modify column last_login_date  datetime(6)
alter table member_social modify column last_login_date  datetime(6);
2025-03-18 13:37:40.226 [Test worker]  INFO p6spy - #1742319460226 | took 6ms | statement | connection 1| url jdbc:mysql://localhost:3306/mymemopetdb?useSSL=false&serverTimezone=UTC&allowPublicKeyRetrieval=true
alter table member_social modify column member_status  enum ('BAN','LOCKED','NORMAL')
alter table member_social modify column member_status  enum ('BAN','LOCKED','NORMAL');
2025-03-18 13:37:40.235 [Test worker]  INFO p6spy - #1742319460235 | took 8ms | statement | connection 1| url jdbc:mysql://localhost:3306/mymemopetdb?useSSL=false&serverTimezone=UTC&allowPublicKeyRetrieval=true
alter table memory modify column last_modified_date  datetime(6)
alter table memory modify column last_modified_date  datetime(6);
2025-03-18 13:37:40.242 [Test worker]  INFO p6spy - #1742319460242 | took 7ms | statement | connection 1| url jdbc:mysql://localhost:3306/mymemopetdb?useSSL=false&serverTimezone=UTC&allowPublicKeyRetrieval=true
alter table memory modify column created_date  datetime(6)
alter table memory modify column created_date  datetime(6);
2025-03-18 13:37:40.250 [Test worker]  INFO p6spy - #1742319460250 | took 7ms | statement | connection 1| url jdbc:mysql://localhost:3306/mymemopetdb?useSSL=false&serverTimezone=UTC&allowPublicKeyRetrieval=true
alter table memory modify column audience  enum ('ALL','FRIEND','ME') not null
alter table memory modify column audience  enum ('ALL','FRIEND','ME') not null;
2025-03-18 13:37:40.257 [Test worker]  INFO p6spy - #1742319460257 | took 6ms | statement | connection 1| url jdbc:mysql://localhost:3306/mymemopetdb?useSSL=false&serverTimezone=UTC&allowPublicKeyRetrieval=true
alter table memory modify column deleted_date  datetime(6)
alter table memory modify column deleted_date  datetime(6);
2025-03-18 13:37:40.262 [Test worker]  INFO p6spy - #1742319460262 | took 4ms | statement | connection 1| url jdbc:mysql://localhost:3306/mymemopetdb?useSSL=false&serverTimezone=UTC&allowPublicKeyRetrieval=true
alter table memory_image modify column created_date  datetime(6)
alter table memory_image modify column created_date  datetime(6);
2025-03-18 13:37:40.266 [Test worker]  INFO p6spy - #1742319460266 | took 4ms | statement | connection 1| url jdbc:mysql://localhost:3306/mymemopetdb?useSSL=false&serverTimezone=UTC&allowPublicKeyRetrieval=true
alter table memory_image modify column deleted_date  datetime(6)
alter table memory_image modify column deleted_date  datetime(6);
2025-03-18 13:37:40.270 [Test worker]  INFO p6spy - #1742319460270 | took 3ms | statement | connection 1| url jdbc:mysql://localhost:3306/mymemopetdb?useSSL=false&serverTimezone=UTC&allowPublicKeyRetrieval=true
alter table meta modify column last_modified_date  datetime(6)
alter table meta modify column last_modified_date  datetime(6);
2025-03-18 13:37:40.277 [Test worker]  INFO p6spy - #1742319460277 | took 6ms | statement | connection 1| url jdbc:mysql://localhost:3306/mymemopetdb?useSSL=false&serverTimezone=UTC&allowPublicKeyRetrieval=true
alter table notification modify column last_modified_date  datetime(6)
alter table notification modify column last_modified_date  datetime(6);
2025-03-18 13:37:40.282 [Test worker]  INFO p6spy - #1742319460282 | took 5ms | statement | connection 1| url jdbc:mysql://localhost:3306/mymemopetdb?useSSL=false&serverTimezone=UTC&allowPublicKeyRetrieval=true
alter table notification modify column created_date  datetime(6)
alter table notification modify column created_date  datetime(6);
2025-03-18 13:37:40.294 [Test worker]  INFO p6spy - #1742319460294 | took 11ms | statement | connection 1| url jdbc:mysql://localhost:3306/mymemopetdb?useSSL=false&serverTimezone=UTC&allowPublicKeyRetrieval=true
alter table pet modify column last_modified_date  datetime(6)
alter table pet modify column last_modified_date  datetime(6);
2025-03-18 13:37:40.305 [Test worker]  INFO p6spy - #1742319460305 | took 10ms | statement | connection 1| url jdbc:mysql://localhost:3306/mymemopetdb?useSSL=false&serverTimezone=UTC&allowPublicKeyRetrieval=true
alter table pet modify column created_date  datetime(6)
alter table pet modify column created_date  datetime(6);
2025-03-18 13:37:40.318 [Test worker]  INFO p6spy - #1742319460318 | took 12ms | statement | connection 1| url jdbc:mysql://localhost:3306/mymemopetdb?useSSL=false&serverTimezone=UTC&allowPublicKeyRetrieval=true
alter table pet modify column deleted_date  datetime(6)
alter table pet modify column deleted_date  datetime(6);
2025-03-18 13:37:40.330 [Test worker]  INFO p6spy - #1742319460330 | took 12ms | statement | connection 1| url jdbc:mysql://localhost:3306/mymemopetdb?useSSL=false&serverTimezone=UTC&allowPublicKeyRetrieval=true
alter table pet modify column gender  enum ('F','M') not null
alter table pet modify column gender  enum ('F','M') not null;
2025-03-18 13:37:40.341 [Test worker]  INFO p6spy - #1742319460341 | took 10ms | statement | connection 1| url jdbc:mysql://localhost:3306/mymemopetdb?useSSL=false&serverTimezone=UTC&allowPublicKeyRetrieval=true
alter table pet modify column pet_status  enum ('ACTIVE','DEACTIVE') not null
alter table pet modify column pet_status  enum ('ACTIVE','DEACTIVE') not null;
2025-03-18 13:37:40.347 [Test worker]  INFO p6spy - #1742319460347 | took 5ms | statement | connection 1| url jdbc:mysql://localhost:3306/mymemopetdb?useSSL=false&serverTimezone=UTC&allowPublicKeyRetrieval=true
alter table recent_search modify column created_date  datetime(6)
alter table recent_search modify column created_date  datetime(6);
2025-03-18 13:37:40.353 [Test worker]  INFO p6spy - #1742319460353 | took 5ms | statement | connection 1| url jdbc:mysql://localhost:3306/mymemopetdb?useSSL=false&serverTimezone=UTC&allowPublicKeyRetrieval=true
alter table refresh_token modify column expired_at  datetime(6)
alter table refresh_token modify column expired_at  datetime(6);
2025-03-18 13:37:40.358 [Test worker]  INFO p6spy - #1742319460358 | took 5ms | statement | connection 1| url jdbc:mysql://localhost:3306/mymemopetdb?useSSL=false&serverTimezone=UTC&allowPublicKeyRetrieval=true
alter table report modify column created_date  datetime(6)
alter table report modify column created_date  datetime(6);
2025-03-18 13:37:40.364 [Test worker]  INFO p6spy - #1742319460364 | took 5ms | statement | connection 1| url jdbc:mysql://localhost:3306/mymemopetdb?useSSL=false&serverTimezone=UTC&allowPublicKeyRetrieval=true
alter table species modify column last_modified_date  datetime(6)
alter table species modify column last_modified_date  datetime(6);
2025-03-18 13:37:40.368 [Test worker]  INFO p6spy - #1742319460368 | took 3ms | statement | connection 1| url jdbc:mysql://localhost:3306/mymemopetdb?useSSL=false&serverTimezone=UTC&allowPublicKeyRetrieval=true
alter table verification_status_entity modify column expired_at  datetime(6)
alter table verification_status_entity modify column expired_at  datetime(6);
2025-03-18 13:37:40.384 [Test worker]  INFO p6spy - #1742319460384 | took 2ms | statement | connection 1| url jdbc:mysql://localhost:3306/mymemopetdb?useSSL=false&serverTimezone=UTC&allowPublicKeyRetrieval=true
select * from `mymemopetdb`.`pet` where 1=0
select * from `mymemopetdb`.`pet` where 1=0;
2025-03-18 13:37:40.396 [Test worker]  INFO p6spy - #1742319460396 | took 0ms | statement | connection 1| url jdbc:mysql://localhost:3306/mymemopetdb?useSSL=false&serverTimezone=UTC&allowPublicKeyRetrieval=true
select * from `mymemopetdb`.`memory` where 1=0
select * from `mymemopetdb`.`memory` where 1=0;
2025-03-18 13:37:40.398 [Test worker]  INFO p6spy - #1742319460398 | took 0ms | statement | connection 1| url jdbc:mysql://localhost:3306/mymemopetdb?useSSL=false&serverTimezone=UTC&allowPublicKeyRetrieval=true
select * from `mymemopetdb`.`pet` where 1=0
select * from `mymemopetdb`.`pet` where 1=0;
2025-03-18 13:37:40.403 [Test worker]  INFO p6spy - #1742319460403 | took 0ms | statement | connection 1| url jdbc:mysql://localhost:3306/mymemopetdb?useSSL=false&serverTimezone=UTC&allowPublicKeyRetrieval=true
select * from `mymemopetdb`.`pet` where 1=0
select * from `mymemopetdb`.`pet` where 1=0;
2025-03-18 13:37:40.408 [Test worker]  INFO p6spy - #1742319460408 | took 0ms | statement | connection 1| url jdbc:mysql://localhost:3306/mymemopetdb?useSSL=false&serverTimezone=UTC&allowPublicKeyRetrieval=true
select * from `mymemopetdb`.`memory` where 1=0
select * from `mymemopetdb`.`memory` where 1=0;
2025-03-18 13:37:40.410 [Test worker]  INFO p6spy - #1742319460410 | took 0ms | statement | connection 1| url jdbc:mysql://localhost:3306/mymemopetdb?useSSL=false&serverTimezone=UTC&allowPublicKeyRetrieval=true
select * from `mymemopetdb`.`pet` where 1=0
select * from `mymemopetdb`.`pet` where 1=0;
2025-03-18 13:37:40.415 [Test worker]  INFO p6spy - #1742319460415 | took 0ms | statement | connection 1| url jdbc:mysql://localhost:3306/mymemopetdb?useSSL=false&serverTimezone=UTC&allowPublicKeyRetrieval=true
select * from `mymemopetdb`.`pet` where 1=0
select * from `mymemopetdb`.`pet` where 1=0;
2025-03-18 13:37:40.425 [Test worker]  INFO p6spy - #1742319460425 | took 0ms | statement | connection 1| url jdbc:mysql://localhost:3306/mymemopetdb?useSSL=false&serverTimezone=UTC&allowPublicKeyRetrieval=true
select * from `mymemopetdb`.`memory` where 1=0
select * from `mymemopetdb`.`memory` where 1=0;
2025-03-18 13:37:40.429 [Test worker]  INFO p6spy - #1742319460429 | took 0ms | statement | connection 1| url jdbc:mysql://localhost:3306/mymemopetdb?useSSL=false&serverTimezone=UTC&allowPublicKeyRetrieval=true
select * from `mymemopetdb`.`pet` where 1=0
select * from `mymemopetdb`.`pet` where 1=0;
2025-03-18 13:37:40.434 [Test worker]  INFO p6spy - #1742319460434 | took 0ms | statement | connection 1| url jdbc:mysql://localhost:3306/mymemopetdb?useSSL=false&serverTimezone=UTC&allowPublicKeyRetrieval=true
select * from `mymemopetdb`.`member` where 1=0
select * from `mymemopetdb`.`member` where 1=0;
2025-03-18 13:37:40.437 [Test worker]  INFO p6spy - #1742319460437 | took 0ms | statement | connection 1| url jdbc:mysql://localhost:3306/mymemopetdb?useSSL=false&serverTimezone=UTC&allowPublicKeyRetrieval=true
select * from `mymemopetdb`.`species` where 1=0
select * from `mymemopetdb`.`species` where 1=0;
2025-03-18 13:37:40.444 [Test worker]  INFO p6spy - #1742319460444 | took 0ms | statement | connection 1| url jdbc:mysql://localhost:3306/mymemopetdb?useSSL=false&serverTimezone=UTC&allowPublicKeyRetrieval=true
select * from `mymemopetdb`.`pet` where 1=0
select * from `mymemopetdb`.`pet` where 1=0;
2025-03-18 13:37:40.449 [Test worker]  INFO p6spy - #1742319460449 | took 0ms | statement | connection 1| url jdbc:mysql://localhost:3306/mymemopetdb?useSSL=false&serverTimezone=UTC&allowPublicKeyRetrieval=true
select * from `mymemopetdb`.`member_social` where 1=0
select * from `mymemopetdb`.`member_social` where 1=0;
2025-03-18 13:39:15.170 [Test worker]  INFO p6spy - #1742319555170 | took 13ms | statement | connection 1| url jdbc:mysql://localhost:3306/mymemopetdb?useSSL=false&serverTimezone=UTC&allowPublicKeyRetrieval=true
alter table access_log modify column request_at  datetime(6)
alter table access_log modify column request_at  datetime(6);
2025-03-18 13:39:15.178 [Test worker]  INFO p6spy - #1742319555178 | took 7ms | statement | connection 1| url jdbc:mysql://localhost:3306/mymemopetdb?useSSL=false&serverTimezone=UTC&allowPublicKeyRetrieval=true
alter table access_log modify column response_at  datetime(6)
alter table access_log modify column response_at  datetime(6);
2025-03-18 13:39:15.182 [Test worker]  INFO p6spy - #1742319555182 | took 4ms | statement | connection 1| url jdbc:mysql://localhost:3306/mymemopetdb?useSSL=false&serverTimezone=UTC&allowPublicKeyRetrieval=true
alter table audit modify column created_date  datetime(6)
alter table audit modify column created_date  datetime(6);
2025-03-18 13:39:15.188 [Test worker]  INFO p6spy - #1742319555188 | took 5ms | statement | connection 1| url jdbc:mysql://localhost:3306/mymemopetdb?useSSL=false&serverTimezone=UTC&allowPublicKeyRetrieval=true
alter table blocked modify column created_date  datetime(6) not null
alter table blocked modify column created_date  datetime(6) not null;
2025-03-18 13:39:15.196 [Test worker]  INFO p6spy - #1742319555196 | took 7ms | statement | connection 1| url jdbc:mysql://localhost:3306/mymemopetdb?useSSL=false&serverTimezone=UTC&allowPublicKeyRetrieval=true
alter table comment modify column last_modified_date  datetime(6)
alter table comment modify column last_modified_date  datetime(6);
2025-03-18 13:39:15.200 [Test worker]  INFO p6spy - #1742319555200 | took 4ms | statement | connection 1| url jdbc:mysql://localhost:3306/mymemopetdb?useSSL=false&serverTimezone=UTC&allowPublicKeyRetrieval=true
alter table comment modify column created_date  datetime(6)
alter table comment modify column created_date  datetime(6);
2025-03-18 13:39:15.205 [Test worker]  INFO p6spy - #1742319555205 | took 4ms | statement | connection 1| url jdbc:mysql://localhost:3306/mymemopetdb?useSSL=false&serverTimezone=UTC&allowPublicKeyRetrieval=true
alter table comment modify column comment_group  enum ('LAST_WORD','MEMORY_COMMENT') not null
alter table comment modify column comment_group  enum ('LAST_WORD','MEMORY_COMMENT') not null;
2025-03-18 13:39:15.209 [Test worker]  INFO p6spy - #1742319555209 | took 4ms | statement | connection 1| url jdbc:mysql://localhost:3306/mymemopetdb?useSSL=false&serverTimezone=UTC&allowPublicKeyRetrieval=true
alter table comment modify column deleted_date  datetime(6)
alter table comment modify column deleted_date  datetime(6);
2025-03-18 13:39:15.214 [Test worker]  INFO p6spy - #1742319555214 | took 4ms | statement | connection 1| url jdbc:mysql://localhost:3306/mymemopetdb?useSSL=false&serverTimezone=UTC&allowPublicKeyRetrieval=true
alter table follow modify column last_modified_date  datetime(6)
alter table follow modify column last_modified_date  datetime(6);
2025-03-18 13:39:15.219 [Test worker]  INFO p6spy - #1742319555219 | took 5ms | statement | connection 1| url jdbc:mysql://localhost:3306/mymemopetdb?useSSL=false&serverTimezone=UTC&allowPublicKeyRetrieval=true
alter table follow modify column created_date  datetime(6)
alter table follow modify column created_date  datetime(6);
2025-03-18 13:39:15.224 [Test worker]  INFO p6spy - #1742319555224 | took 4ms | statement | connection 1| url jdbc:mysql://localhost:3306/mymemopetdb?useSSL=false&serverTimezone=UTC&allowPublicKeyRetrieval=true
alter table likes modify column created_date  datetime(6)
alter table likes modify column created_date  datetime(6);
2025-03-18 13:39:15.232 [Test worker]  INFO p6spy - #1742319555232 | took 7ms | statement | connection 1| url jdbc:mysql://localhost:3306/mymemopetdb?useSSL=false&serverTimezone=UTC&allowPublicKeyRetrieval=true
alter table member modify column last_modified_date  datetime(6)
alter table member modify column last_modified_date  datetime(6);
2025-03-18 13:39:15.237 [Test worker]  INFO p6spy - #1742319555237 | took 5ms | statement | connection 1| url jdbc:mysql://localhost:3306/mymemopetdb?useSSL=false&serverTimezone=UTC&allowPublicKeyRetrieval=true
alter table member modify column created_date  datetime(6)
alter table member modify column created_date  datetime(6);
2025-03-18 13:39:15.244 [Test worker]  INFO p6spy - #1742319555244 | took 5ms | statement | connection 1| url jdbc:mysql://localhost:3306/mymemopetdb?useSSL=false&serverTimezone=UTC&allowPublicKeyRetrieval=true
alter table member modify column agree_date  datetime(6) not null
alter table member modify column agree_date  datetime(6) not null;
2025-03-18 13:39:15.249 [Test worker]  INFO p6spy - #1742319555249 | took 5ms | statement | connection 1| url jdbc:mysql://localhost:3306/mymemopetdb?useSSL=false&serverTimezone=UTC&allowPublicKeyRetrieval=true
alter table member modify column deleted_date  datetime(6)
alter table member modify column deleted_date  datetime(6);
2025-03-18 13:39:15.257 [Test worker]  INFO p6spy - #1742319555257 | took 7ms | statement | connection 1| url jdbc:mysql://localhost:3306/mymemopetdb?useSSL=false&serverTimezone=UTC&allowPublicKeyRetrieval=true
alter table member_social modify column last_modified_date  datetime(6)
alter table member_social modify column last_modified_date  datetime(6);
2025-03-18 13:39:15.262 [Test worker]  INFO p6spy - #1742319555262 | took 5ms | statement | connection 1| url jdbc:mysql://localhost:3306/mymemopetdb?useSSL=false&serverTimezone=UTC&allowPublicKeyRetrieval=true
alter table member_social modify column created_date  datetime(6)
alter table member_social modify column created_date  datetime(6);
2025-03-18 13:39:15.268 [Test worker]  INFO p6spy - #1742319555268 | took 5ms | statement | connection 1| url jdbc:mysql://localhost:3306/mymemopetdb?useSSL=false&serverTimezone=UTC&allowPublicKeyRetrieval=true
alter table member_social modify column deleted_date  datetime(6)
alter table member_social modify column deleted_date  datetime(6);
2025-03-18 13:39:15.272 [Test worker]  INFO p6spy - #1742319555272 | took 4ms | statement | connection 1| url jdbc:mysql://localhost:3306/mymemopetdb?useSSL=false&serverTimezone=UTC&allowPublicKeyRetrieval=true
alter table member_social modify column last_login_date  datetime(6)
alter table member_social modify column last_login_date  datetime(6);
2025-03-18 13:39:15.279 [Test worker]  INFO p6spy - #1742319555279 | took 6ms | statement | connection 1| url jdbc:mysql://localhost:3306/mymemopetdb?useSSL=false&serverTimezone=UTC&allowPublicKeyRetrieval=true
alter table member_social modify column member_status  enum ('BAN','LOCKED','NORMAL')
alter table member_social modify column member_status  enum ('BAN','LOCKED','NORMAL');
2025-03-18 13:39:15.287 [Test worker]  INFO p6spy - #1742319555287 | took 8ms | statement | connection 1| url jdbc:mysql://localhost:3306/mymemopetdb?useSSL=false&serverTimezone=UTC&allowPublicKeyRetrieval=true
alter table memory modify column last_modified_date  datetime(6)
alter table memory modify column last_modified_date  datetime(6);
2025-03-18 13:39:15.294 [Test worker]  INFO p6spy - #1742319555294 | took 6ms | statement | connection 1| url jdbc:mysql://localhost:3306/mymemopetdb?useSSL=false&serverTimezone=UTC&allowPublicKeyRetrieval=true
alter table memory modify column created_date  datetime(6)
alter table memory modify column created_date  datetime(6);
2025-03-18 13:39:15.302 [Test worker]  INFO p6spy - #1742319555302 | took 8ms | statement | connection 1| url jdbc:mysql://localhost:3306/mymemopetdb?useSSL=false&serverTimezone=UTC&allowPublicKeyRetrieval=true
alter table memory modify column audience  enum ('ALL','FRIEND','ME') not null
alter table memory modify column audience  enum ('ALL','FRIEND','ME') not null;
2025-03-18 13:39:15.309 [Test worker]  INFO p6spy - #1742319555309 | took 6ms | statement | connection 1| url jdbc:mysql://localhost:3306/mymemopetdb?useSSL=false&serverTimezone=UTC&allowPublicKeyRetrieval=true
alter table memory modify column deleted_date  datetime(6)
alter table memory modify column deleted_date  datetime(6);
2025-03-18 13:39:15.314 [Test worker]  INFO p6spy - #1742319555314 | took 5ms | statement | connection 1| url jdbc:mysql://localhost:3306/mymemopetdb?useSSL=false&serverTimezone=UTC&allowPublicKeyRetrieval=true
alter table memory_image modify column created_date  datetime(6)
alter table memory_image modify column created_date  datetime(6);
2025-03-18 13:39:15.324 [Test worker]  INFO p6spy - #1742319555324 | took 9ms | statement | connection 1| url jdbc:mysql://localhost:3306/mymemopetdb?useSSL=false&serverTimezone=UTC&allowPublicKeyRetrieval=true
alter table memory_image modify column deleted_date  datetime(6)
alter table memory_image modify column deleted_date  datetime(6);
2025-03-18 13:39:15.329 [Test worker]  INFO p6spy - #1742319555329 | took 4ms | statement | connection 1| url jdbc:mysql://localhost:3306/mymemopetdb?useSSL=false&serverTimezone=UTC&allowPublicKeyRetrieval=true
alter table meta modify column last_modified_date  datetime(6)
alter table meta modify column last_modified_date  datetime(6);
2025-03-18 13:39:15.334 [Test worker]  INFO p6spy - #1742319555334 | took 5ms | statement | connection 1| url jdbc:mysql://localhost:3306/mymemopetdb?useSSL=false&serverTimezone=UTC&allowPublicKeyRetrieval=true
alter table notification modify column last_modified_date  datetime(6)
alter table notification modify column last_modified_date  datetime(6);
2025-03-18 13:39:15.339 [Test worker]  INFO p6spy - #1742319555339 | took 4ms | statement | connection 1| url jdbc:mysql://localhost:3306/mymemopetdb?useSSL=false&serverTimezone=UTC&allowPublicKeyRetrieval=true
alter table notification modify column created_date  datetime(6)
alter table notification modify column created_date  datetime(6);
2025-03-18 13:39:15.352 [Test worker]  INFO p6spy - #1742319555352 | took 12ms | statement | connection 1| url jdbc:mysql://localhost:3306/mymemopetdb?useSSL=false&serverTimezone=UTC&allowPublicKeyRetrieval=true
alter table pet modify column last_modified_date  datetime(6)
alter table pet modify column last_modified_date  datetime(6);
2025-03-18 13:39:15.363 [Test worker]  INFO p6spy - #1742319555363 | took 10ms | statement | connection 1| url jdbc:mysql://localhost:3306/mymemopetdb?useSSL=false&serverTimezone=UTC&allowPublicKeyRetrieval=true
alter table pet modify column created_date  datetime(6)
alter table pet modify column created_date  datetime(6);
2025-03-18 13:39:15.372 [Test worker]  INFO p6spy - #1742319555372 | took 9ms | statement | connection 1| url jdbc:mysql://localhost:3306/mymemopetdb?useSSL=false&serverTimezone=UTC&allowPublicKeyRetrieval=true
alter table pet modify column deleted_date  datetime(6)
alter table pet modify column deleted_date  datetime(6);
2025-03-18 13:39:15.382 [Test worker]  INFO p6spy - #1742319555382 | took 9ms | statement | connection 1| url jdbc:mysql://localhost:3306/mymemopetdb?useSSL=false&serverTimezone=UTC&allowPublicKeyRetrieval=true
alter table pet modify column gender  enum ('F','M') not null
alter table pet modify column gender  enum ('F','M') not null;
2025-03-18 13:39:15.392 [Test worker]  INFO p6spy - #1742319555392 | took 10ms | statement | connection 1| url jdbc:mysql://localhost:3306/mymemopetdb?useSSL=false&serverTimezone=UTC&allowPublicKeyRetrieval=true
alter table pet modify column pet_status  enum ('ACTIVE','DEACTIVE') not null
alter table pet modify column pet_status  enum ('ACTIVE','DEACTIVE') not null;
2025-03-18 13:39:15.396 [Test worker]  INFO p6spy - #1742319555396 | took 3ms | statement | connection 1| url jdbc:mysql://localhost:3306/mymemopetdb?useSSL=false&serverTimezone=UTC&allowPublicKeyRetrieval=true
alter table recent_search modify column created_date  datetime(6)
alter table recent_search modify column created_date  datetime(6);
2025-03-18 13:39:15.402 [Test worker]  INFO p6spy - #1742319555402 | took 4ms | statement | connection 1| url jdbc:mysql://localhost:3306/mymemopetdb?useSSL=false&serverTimezone=UTC&allowPublicKeyRetrieval=true
alter table refresh_token modify column expired_at  datetime(6)
alter table refresh_token modify column expired_at  datetime(6);
2025-03-18 13:39:15.407 [Test worker]  INFO p6spy - #1742319555407 | took 5ms | statement | connection 1| url jdbc:mysql://localhost:3306/mymemopetdb?useSSL=false&serverTimezone=UTC&allowPublicKeyRetrieval=true
alter table report modify column created_date  datetime(6)
alter table report modify column created_date  datetime(6);
2025-03-18 13:39:15.412 [Test worker]  INFO p6spy - #1742319555412 | took 4ms | statement | connection 1| url jdbc:mysql://localhost:3306/mymemopetdb?useSSL=false&serverTimezone=UTC&allowPublicKeyRetrieval=true
alter table species modify column last_modified_date  datetime(6)
alter table species modify column last_modified_date  datetime(6);
2025-03-18 13:39:15.416 [Test worker]  INFO p6spy - #1742319555416 | took 3ms | statement | connection 1| url jdbc:mysql://localhost:3306/mymemopetdb?useSSL=false&serverTimezone=UTC&allowPublicKeyRetrieval=true
alter table verification_status_entity modify column expired_at  datetime(6)
alter table verification_status_entity modify column expired_at  datetime(6);
2025-03-18 13:39:15.430 [Test worker]  INFO p6spy - #1742319555430 | took 2ms | statement | connection 1| url jdbc:mysql://localhost:3306/mymemopetdb?useSSL=false&serverTimezone=UTC&allowPublicKeyRetrieval=true
select * from `mymemopetdb`.`pet` where 1=0
select * from `mymemopetdb`.`pet` where 1=0;
2025-03-18 13:39:15.436 [Test worker]  INFO p6spy - #1742319555436 | took 0ms | statement | connection 1| url jdbc:mysql://localhost:3306/mymemopetdb?useSSL=false&serverTimezone=UTC&allowPublicKeyRetrieval=true
select * from `mymemopetdb`.`memory` where 1=0
select * from `mymemopetdb`.`memory` where 1=0;
2025-03-18 13:39:15.437 [Test worker]  INFO p6spy - #1742319555437 | took 0ms | statement | connection 1| url jdbc:mysql://localhost:3306/mymemopetdb?useSSL=false&serverTimezone=UTC&allowPublicKeyRetrieval=true
select * from `mymemopetdb`.`pet` where 1=0
select * from `mymemopetdb`.`pet` where 1=0;
2025-03-18 13:39:15.441 [Test worker]  INFO p6spy - #1742319555441 | took 0ms | statement | connection 1| url jdbc:mysql://localhost:3306/mymemopetdb?useSSL=false&serverTimezone=UTC&allowPublicKeyRetrieval=true
select * from `mymemopetdb`.`pet` where 1=0
select * from `mymemopetdb`.`pet` where 1=0;
2025-03-18 13:39:15.445 [Test worker]  INFO p6spy - #1742319555445 | took 0ms | statement | connection 1| url jdbc:mysql://localhost:3306/mymemopetdb?useSSL=false&serverTimezone=UTC&allowPublicKeyRetrieval=true
select * from `mymemopetdb`.`memory` where 1=0
select * from `mymemopetdb`.`memory` where 1=0;
2025-03-18 13:39:15.446 [Test worker]  INFO p6spy - #1742319555446 | took 0ms | statement | connection 1| url jdbc:mysql://localhost:3306/mymemopetdb?useSSL=false&serverTimezone=UTC&allowPublicKeyRetrieval=true
select * from `mymemopetdb`.`pet` where 1=0
select * from `mymemopetdb`.`pet` where 1=0;
2025-03-18 13:39:15.450 [Test worker]  INFO p6spy - #1742319555450 | took 0ms | statement | connection 1| url jdbc:mysql://localhost:3306/mymemopetdb?useSSL=false&serverTimezone=UTC&allowPublicKeyRetrieval=true
select * from `mymemopetdb`.`pet` where 1=0
select * from `mymemopetdb`.`pet` where 1=0;
2025-03-18 13:39:15.454 [Test worker]  INFO p6spy - #1742319555454 | took 0ms | statement | connection 1| url jdbc:mysql://localhost:3306/mymemopetdb?useSSL=false&serverTimezone=UTC&allowPublicKeyRetrieval=true
select * from `mymemopetdb`.`memory` where 1=0
select * from `mymemopetdb`.`memory` where 1=0;
2025-03-18 13:39:15.458 [Test worker]  INFO p6spy - #1742319555458 | took 0ms | statement | connection 1| url jdbc:mysql://localhost:3306/mymemopetdb?useSSL=false&serverTimezone=UTC&allowPublicKeyRetrieval=true
select * from `mymemopetdb`.`pet` where 1=0
select * from `mymemopetdb`.`pet` where 1=0;
2025-03-18 13:39:15.462 [Test worker]  INFO p6spy - #1742319555462 | took 0ms | statement | connection 1| url jdbc:mysql://localhost:3306/mymemopetdb?useSSL=false&serverTimezone=UTC&allowPublicKeyRetrieval=true
select * from `mymemopetdb`.`member` where 1=0
select * from `mymemopetdb`.`member` where 1=0;
2025-03-18 13:39:15.464 [Test worker]  INFO p6spy - #1742319555464 | took 0ms | statement | connection 1| url jdbc:mysql://localhost:3306/mymemopetdb?useSSL=false&serverTimezone=UTC&allowPublicKeyRetrieval=true
select * from `mymemopetdb`.`species` where 1=0
select * from `mymemopetdb`.`species` where 1=0;
2025-03-18 13:39:15.468 [Test worker]  INFO p6spy - #1742319555468 | took 0ms | statement | connection 1| url jdbc:mysql://localhost:3306/mymemopetdb?useSSL=false&serverTimezone=UTC&allowPublicKeyRetrieval=true
select * from `mymemopetdb`.`pet` where 1=0
select * from `mymemopetdb`.`pet` where 1=0;
2025-03-18 13:39:15.472 [Test worker]  INFO p6spy - #1742319555472 | took 0ms | statement | connection 1| url jdbc:mysql://localhost:3306/mymemopetdb?useSSL=false&serverTimezone=UTC&allowPublicKeyRetrieval=true
select * from `mymemopetdb`.`member_social` where 1=0
select * from `mymemopetdb`.`member_social` where 1=0;
2025-03-18 13:41:21.390 [Test worker]  INFO p6spy - #1742319681390 | took 13ms | statement | connection 1| url jdbc:mysql://localhost:3306/mymemopetdb?useSSL=false&serverTimezone=UTC&allowPublicKeyRetrieval=true
alter table access_log modify column request_at  datetime(6)
alter table access_log modify column request_at  datetime(6);
2025-03-18 13:41:21.397 [Test worker]  INFO p6spy - #1742319681397 | took 6ms | statement | connection 1| url jdbc:mysql://localhost:3306/mymemopetdb?useSSL=false&serverTimezone=UTC&allowPublicKeyRetrieval=true
alter table access_log modify column response_at  datetime(6)
alter table access_log modify column response_at  datetime(6);
2025-03-18 13:41:21.402 [Test worker]  INFO p6spy - #1742319681402 | took 4ms | statement | connection 1| url jdbc:mysql://localhost:3306/mymemopetdb?useSSL=false&serverTimezone=UTC&allowPublicKeyRetrieval=true
alter table audit modify column created_date  datetime(6)
alter table audit modify column created_date  datetime(6);
2025-03-18 13:41:21.406 [Test worker]  INFO p6spy - #1742319681406 | took 3ms | statement | connection 1| url jdbc:mysql://localhost:3306/mymemopetdb?useSSL=false&serverTimezone=UTC&allowPublicKeyRetrieval=true
alter table blocked modify column created_date  datetime(6) not null
alter table blocked modify column created_date  datetime(6) not null;
2025-03-18 13:41:21.412 [Test worker]  INFO p6spy - #1742319681412 | took 5ms | statement | connection 1| url jdbc:mysql://localhost:3306/mymemopetdb?useSSL=false&serverTimezone=UTC&allowPublicKeyRetrieval=true
alter table comment modify column last_modified_date  datetime(6)
alter table comment modify column last_modified_date  datetime(6);
2025-03-18 13:41:21.417 [Test worker]  INFO p6spy - #1742319681417 | took 4ms | statement | connection 1| url jdbc:mysql://localhost:3306/mymemopetdb?useSSL=false&serverTimezone=UTC&allowPublicKeyRetrieval=true
alter table comment modify column created_date  datetime(6)
alter table comment modify column created_date  datetime(6);
2025-03-18 13:41:21.421 [Test worker]  INFO p6spy - #1742319681421 | took 4ms | statement | connection 1| url jdbc:mysql://localhost:3306/mymemopetdb?useSSL=false&serverTimezone=UTC&allowPublicKeyRetrieval=true
alter table comment modify column comment_group  enum ('LAST_WORD','MEMORY_COMMENT') not null
alter table comment modify column comment_group  enum ('LAST_WORD','MEMORY_COMMENT') not null;
2025-03-18 13:41:21.426 [Test worker]  INFO p6spy - #1742319681426 | took 4ms | statement | connection 1| url jdbc:mysql://localhost:3306/mymemopetdb?useSSL=false&serverTimezone=UTC&allowPublicKeyRetrieval=true
alter table comment modify column deleted_date  datetime(6)
alter table comment modify column deleted_date  datetime(6);
2025-03-18 13:41:21.430 [Test worker]  INFO p6spy - #1742319681430 | took 4ms | statement | connection 1| url jdbc:mysql://localhost:3306/mymemopetdb?useSSL=false&serverTimezone=UTC&allowPublicKeyRetrieval=true
alter table follow modify column last_modified_date  datetime(6)
alter table follow modify column last_modified_date  datetime(6);
2025-03-18 13:41:21.434 [Test worker]  INFO p6spy - #1742319681434 | took 3ms | statement | connection 1| url jdbc:mysql://localhost:3306/mymemopetdb?useSSL=false&serverTimezone=UTC&allowPublicKeyRetrieval=true
alter table follow modify column created_date  datetime(6)
alter table follow modify column created_date  datetime(6);
2025-03-18 13:41:21.438 [Test worker]  INFO p6spy - #1742319681438 | took 3ms | statement | connection 1| url jdbc:mysql://localhost:3306/mymemopetdb?useSSL=false&serverTimezone=UTC&allowPublicKeyRetrieval=true
alter table likes modify column created_date  datetime(6)
alter table likes modify column created_date  datetime(6);
2025-03-18 13:41:21.444 [Test worker]  INFO p6spy - #1742319681444 | took 6ms | statement | connection 1| url jdbc:mysql://localhost:3306/mymemopetdb?useSSL=false&serverTimezone=UTC&allowPublicKeyRetrieval=true
alter table member modify column last_modified_date  datetime(6)
alter table member modify column last_modified_date  datetime(6);
2025-03-18 13:41:21.452 [Test worker]  INFO p6spy - #1742319681452 | took 6ms | statement | connection 1| url jdbc:mysql://localhost:3306/mymemopetdb?useSSL=false&serverTimezone=UTC&allowPublicKeyRetrieval=true
alter table member modify column created_date  datetime(6)
alter table member modify column created_date  datetime(6);
2025-03-18 13:41:21.457 [Test worker]  INFO p6spy - #1742319681457 | took 5ms | statement | connection 1| url jdbc:mysql://localhost:3306/mymemopetdb?useSSL=false&serverTimezone=UTC&allowPublicKeyRetrieval=true
alter table member modify column agree_date  datetime(6) not null
alter table member modify column agree_date  datetime(6) not null;
2025-03-18 13:41:21.466 [Test worker]  INFO p6spy - #1742319681466 | took 8ms | statement | connection 1| url jdbc:mysql://localhost:3306/mymemopetdb?useSSL=false&serverTimezone=UTC&allowPublicKeyRetrieval=true
alter table member modify column deleted_date  datetime(6)
alter table member modify column deleted_date  datetime(6);
2025-03-18 13:41:21.472 [Test worker]  INFO p6spy - #1742319681472 | took 6ms | statement | connection 1| url jdbc:mysql://localhost:3306/mymemopetdb?useSSL=false&serverTimezone=UTC&allowPublicKeyRetrieval=true
alter table member_social modify column last_modified_date  datetime(6)
alter table member_social modify column last_modified_date  datetime(6);
2025-03-18 13:41:21.478 [Test worker]  INFO p6spy - #1742319681478 | took 5ms | statement | connection 1| url jdbc:mysql://localhost:3306/mymemopetdb?useSSL=false&serverTimezone=UTC&allowPublicKeyRetrieval=true
alter table member_social modify column created_date  datetime(6)
alter table member_social modify column created_date  datetime(6);
2025-03-18 13:41:21.484 [Test worker]  INFO p6spy - #1742319681484 | took 6ms | statement | connection 1| url jdbc:mysql://localhost:3306/mymemopetdb?useSSL=false&serverTimezone=UTC&allowPublicKeyRetrieval=true
alter table member_social modify column deleted_date  datetime(6)
alter table member_social modify column deleted_date  datetime(6);
2025-03-18 13:41:21.491 [Test worker]  INFO p6spy - #1742319681491 | took 6ms | statement | connection 1| url jdbc:mysql://localhost:3306/mymemopetdb?useSSL=false&serverTimezone=UTC&allowPublicKeyRetrieval=true
alter table member_social modify column last_login_date  datetime(6)
alter table member_social modify column last_login_date  datetime(6);
2025-03-18 13:41:21.497 [Test worker]  INFO p6spy - #1742319681497 | took 5ms | statement | connection 1| url jdbc:mysql://localhost:3306/mymemopetdb?useSSL=false&serverTimezone=UTC&allowPublicKeyRetrieval=true
alter table member_social modify column member_status  enum ('BAN','LOCKED','NORMAL')
alter table member_social modify column member_status  enum ('BAN','LOCKED','NORMAL');
2025-03-18 13:41:21.505 [Test worker]  INFO p6spy - #1742319681505 | took 7ms | statement | connection 1| url jdbc:mysql://localhost:3306/mymemopetdb?useSSL=false&serverTimezone=UTC&allowPublicKeyRetrieval=true
alter table memory modify column last_modified_date  datetime(6)
alter table memory modify column last_modified_date  datetime(6);
2025-03-18 13:41:21.511 [Test worker]  INFO p6spy - #1742319681511 | took 6ms | statement | connection 1| url jdbc:mysql://localhost:3306/mymemopetdb?useSSL=false&serverTimezone=UTC&allowPublicKeyRetrieval=true
alter table memory modify column created_date  datetime(6)
alter table memory modify column created_date  datetime(6);
2025-03-18 13:41:21.518 [Test worker]  INFO p6spy - #1742319681518 | took 6ms | statement | connection 1| url jdbc:mysql://localhost:3306/mymemopetdb?useSSL=false&serverTimezone=UTC&allowPublicKeyRetrieval=true
alter table memory modify column audience  enum ('ALL','FRIEND','ME') not null
alter table memory modify column audience  enum ('ALL','FRIEND','ME') not null;
2025-03-18 13:41:21.525 [Test worker]  INFO p6spy - #1742319681525 | took 6ms | statement | connection 1| url jdbc:mysql://localhost:3306/mymemopetdb?useSSL=false&serverTimezone=UTC&allowPublicKeyRetrieval=true
alter table memory modify column deleted_date  datetime(6)
alter table memory modify column deleted_date  datetime(6);
2025-03-18 13:41:21.530 [Test worker]  INFO p6spy - #1742319681530 | took 4ms | statement | connection 1| url jdbc:mysql://localhost:3306/mymemopetdb?useSSL=false&serverTimezone=UTC&allowPublicKeyRetrieval=true
alter table memory_image modify column created_date  datetime(6)
alter table memory_image modify column created_date  datetime(6);
2025-03-18 13:41:21.533 [Test worker]  INFO p6spy - #1742319681533 | took 3ms | statement | connection 1| url jdbc:mysql://localhost:3306/mymemopetdb?useSSL=false&serverTimezone=UTC&allowPublicKeyRetrieval=true
alter table memory_image modify column deleted_date  datetime(6)
alter table memory_image modify column deleted_date  datetime(6);
2025-03-18 13:41:21.537 [Test worker]  INFO p6spy - #1742319681537 | took 3ms | statement | connection 1| url jdbc:mysql://localhost:3306/mymemopetdb?useSSL=false&serverTimezone=UTC&allowPublicKeyRetrieval=true
alter table meta modify column last_modified_date  datetime(6)
alter table meta modify column last_modified_date  datetime(6);
2025-03-18 13:41:21.541 [Test worker]  INFO p6spy - #1742319681541 | took 3ms | statement | connection 1| url jdbc:mysql://localhost:3306/mymemopetdb?useSSL=false&serverTimezone=UTC&allowPublicKeyRetrieval=true
alter table notification modify column last_modified_date  datetime(6)
alter table notification modify column last_modified_date  datetime(6);
2025-03-18 13:41:21.546 [Test worker]  INFO p6spy - #1742319681546 | took 4ms | statement | connection 1| url jdbc:mysql://localhost:3306/mymemopetdb?useSSL=false&serverTimezone=UTC&allowPublicKeyRetrieval=true
alter table notification modify column created_date  datetime(6)
alter table notification modify column created_date  datetime(6);
2025-03-18 13:41:21.557 [Test worker]  INFO p6spy - #1742319681557 | took 10ms | statement | connection 1| url jdbc:mysql://localhost:3306/mymemopetdb?useSSL=false&serverTimezone=UTC&allowPublicKeyRetrieval=true
alter table pet modify column last_modified_date  datetime(6)
alter table pet modify column last_modified_date  datetime(6);
2025-03-18 13:41:21.568 [Test worker]  INFO p6spy - #1742319681568 | took 10ms | statement | connection 1| url jdbc:mysql://localhost:3306/mymemopetdb?useSSL=false&serverTimezone=UTC&allowPublicKeyRetrieval=true
alter table pet modify column created_date  datetime(6)
alter table pet modify column created_date  datetime(6);
2025-03-18 13:41:21.578 [Test worker]  INFO p6spy - #1742319681578 | took 9ms | statement | connection 1| url jdbc:mysql://localhost:3306/mymemopetdb?useSSL=false&serverTimezone=UTC&allowPublicKeyRetrieval=true
alter table pet modify column deleted_date  datetime(6)
alter table pet modify column deleted_date  datetime(6);
2025-03-18 13:41:21.590 [Test worker]  INFO p6spy - #1742319681590 | took 12ms | statement | connection 1| url jdbc:mysql://localhost:3306/mymemopetdb?useSSL=false&serverTimezone=UTC&allowPublicKeyRetrieval=true
alter table pet modify column gender  enum ('F','M') not null
alter table pet modify column gender  enum ('F','M') not null;
2025-03-18 13:41:21.600 [Test worker]  INFO p6spy - #1742319681600 | took 9ms | statement | connection 1| url jdbc:mysql://localhost:3306/mymemopetdb?useSSL=false&serverTimezone=UTC&allowPublicKeyRetrieval=true
alter table pet modify column pet_status  enum ('ACTIVE','DEACTIVE') not null
alter table pet modify column pet_status  enum ('ACTIVE','DEACTIVE') not null;
2025-03-18 13:41:21.604 [Test worker]  INFO p6spy - #1742319681604 | took 3ms | statement | connection 1| url jdbc:mysql://localhost:3306/mymemopetdb?useSSL=false&serverTimezone=UTC&allowPublicKeyRetrieval=true
alter table recent_search modify column created_date  datetime(6)
alter table recent_search modify column created_date  datetime(6);
2025-03-18 13:41:21.608 [Test worker]  INFO p6spy - #1742319681608 | took 3ms | statement | connection 1| url jdbc:mysql://localhost:3306/mymemopetdb?useSSL=false&serverTimezone=UTC&allowPublicKeyRetrieval=true
alter table refresh_token modify column expired_at  datetime(6)
alter table refresh_token modify column expired_at  datetime(6);
2025-03-18 13:41:21.612 [Test worker]  INFO p6spy - #1742319681612 | took 3ms | statement | connection 1| url jdbc:mysql://localhost:3306/mymemopetdb?useSSL=false&serverTimezone=UTC&allowPublicKeyRetrieval=true
alter table report modify column created_date  datetime(6)
alter table report modify column created_date  datetime(6);
2025-03-18 13:41:21.617 [Test worker]  INFO p6spy - #1742319681617 | took 4ms | statement | connection 1| url jdbc:mysql://localhost:3306/mymemopetdb?useSSL=false&serverTimezone=UTC&allowPublicKeyRetrieval=true
alter table species modify column last_modified_date  datetime(6)
alter table species modify column last_modified_date  datetime(6);
2025-03-18 13:41:21.620 [Test worker]  INFO p6spy - #1742319681620 | took 3ms | statement | connection 1| url jdbc:mysql://localhost:3306/mymemopetdb?useSSL=false&serverTimezone=UTC&allowPublicKeyRetrieval=true
alter table verification_status_entity modify column expired_at  datetime(6)
alter table verification_status_entity modify column expired_at  datetime(6);
2025-03-18 13:41:21.634 [Test worker]  INFO p6spy - #1742319681634 | took 2ms | statement | connection 1| url jdbc:mysql://localhost:3306/mymemopetdb?useSSL=false&serverTimezone=UTC&allowPublicKeyRetrieval=true
select * from `mymemopetdb`.`pet` where 1=0
select * from `mymemopetdb`.`pet` where 1=0;
2025-03-18 13:41:21.642 [Test worker]  INFO p6spy - #1742319681642 | took 0ms | statement | connection 1| url jdbc:mysql://localhost:3306/mymemopetdb?useSSL=false&serverTimezone=UTC&allowPublicKeyRetrieval=true
select * from `mymemopetdb`.`memory` where 1=0
select * from `mymemopetdb`.`memory` where 1=0;
2025-03-18 13:41:21.644 [Test worker]  INFO p6spy - #1742319681644 | took 0ms | statement | connection 1| url jdbc:mysql://localhost:3306/mymemopetdb?useSSL=false&serverTimezone=UTC&allowPublicKeyRetrieval=true
select * from `mymemopetdb`.`pet` where 1=0
select * from `mymemopetdb`.`pet` where 1=0;
2025-03-18 13:41:21.648 [Test worker]  INFO p6spy - #1742319681648 | took 0ms | statement | connection 1| url jdbc:mysql://localhost:3306/mymemopetdb?useSSL=false&serverTimezone=UTC&allowPublicKeyRetrieval=true
select * from `mymemopetdb`.`pet` where 1=0
select * from `mymemopetdb`.`pet` where 1=0;
2025-03-18 13:41:21.651 [Test worker]  INFO p6spy - #1742319681651 | took 0ms | statement | connection 1| url jdbc:mysql://localhost:3306/mymemopetdb?useSSL=false&serverTimezone=UTC&allowPublicKeyRetrieval=true
select * from `mymemopetdb`.`memory` where 1=0
select * from `mymemopetdb`.`memory` where 1=0;
2025-03-18 13:41:21.653 [Test worker]  INFO p6spy - #1742319681653 | took 0ms | statement | connection 1| url jdbc:mysql://localhost:3306/mymemopetdb?useSSL=false&serverTimezone=UTC&allowPublicKeyRetrieval=true
select * from `mymemopetdb`.`pet` where 1=0
select * from `mymemopetdb`.`pet` where 1=0;
2025-03-18 13:41:21.657 [Test worker]  INFO p6spy - #1742319681657 | took 0ms | statement | connection 1| url jdbc:mysql://localhost:3306/mymemopetdb?useSSL=false&serverTimezone=UTC&allowPublicKeyRetrieval=true
select * from `mymemopetdb`.`pet` where 1=0
select * from `mymemopetdb`.`pet` where 1=0;
2025-03-18 13:41:21.661 [Test worker]  INFO p6spy - #1742319681661 | took 0ms | statement | connection 1| url jdbc:mysql://localhost:3306/mymemopetdb?useSSL=false&serverTimezone=UTC&allowPublicKeyRetrieval=true
select * from `mymemopetdb`.`memory` where 1=0
select * from `mymemopetdb`.`memory` where 1=0;
2025-03-18 13:41:21.665 [Test worker]  INFO p6spy - #1742319681665 | took 0ms | statement | connection 1| url jdbc:mysql://localhost:3306/mymemopetdb?useSSL=false&serverTimezone=UTC&allowPublicKeyRetrieval=true
select * from `mymemopetdb`.`pet` where 1=0
select * from `mymemopetdb`.`pet` where 1=0;
2025-03-18 13:41:21.669 [Test worker]  INFO p6spy - #1742319681669 | took 0ms | statement | connection 1| url jdbc:mysql://localhost:3306/mymemopetdb?useSSL=false&serverTimezone=UTC&allowPublicKeyRetrieval=true
select * from `mymemopetdb`.`member` where 1=0
select * from `mymemopetdb`.`member` where 1=0;
2025-03-18 13:41:21.670 [Test worker]  INFO p6spy - #1742319681670 | took 0ms | statement | connection 1| url jdbc:mysql://localhost:3306/mymemopetdb?useSSL=false&serverTimezone=UTC&allowPublicKeyRetrieval=true
select * from `mymemopetdb`.`species` where 1=0
select * from `mymemopetdb`.`species` where 1=0;
2025-03-18 13:41:21.675 [Test worker]  INFO p6spy - #1742319681675 | took 0ms | statement | connection 1| url jdbc:mysql://localhost:3306/mymemopetdb?useSSL=false&serverTimezone=UTC&allowPublicKeyRetrieval=true
select * from `mymemopetdb`.`pet` where 1=0
select * from `mymemopetdb`.`pet` where 1=0;
2025-03-18 13:41:21.678 [Test worker]  INFO p6spy - #1742319681678 | took 0ms | statement | connection 1| url jdbc:mysql://localhost:3306/mymemopetdb?useSSL=false&serverTimezone=UTC&allowPublicKeyRetrieval=true
select * from `mymemopetdb`.`member_social` where 1=0
select * from `mymemopetdb`.`member_social` where 1=0;
2025-03-18 13:41:46.754 [Test worker]  INFO p6spy - #1742319706754 | took 13ms | statement | connection 1| url jdbc:mysql://localhost:3306/mymemopetdb?useSSL=false&serverTimezone=UTC&allowPublicKeyRetrieval=true
alter table access_log modify column request_at  datetime(6)
alter table access_log modify column request_at  datetime(6);
2025-03-18 13:41:46.759 [Test worker]  INFO p6spy - #1742319706759 | took 5ms | statement | connection 1| url jdbc:mysql://localhost:3306/mymemopetdb?useSSL=false&serverTimezone=UTC&allowPublicKeyRetrieval=true
alter table access_log modify column response_at  datetime(6)
alter table access_log modify column response_at  datetime(6);
2025-03-18 13:41:46.764 [Test worker]  INFO p6spy - #1742319706764 | took 4ms | statement | connection 1| url jdbc:mysql://localhost:3306/mymemopetdb?useSSL=false&serverTimezone=UTC&allowPublicKeyRetrieval=true
alter table audit modify column created_date  datetime(6)
alter table audit modify column created_date  datetime(6);
2025-03-18 13:41:46.769 [Test worker]  INFO p6spy - #1742319706769 | took 5ms | statement | connection 1| url jdbc:mysql://localhost:3306/mymemopetdb?useSSL=false&serverTimezone=UTC&allowPublicKeyRetrieval=true
alter table blocked modify column created_date  datetime(6) not null
alter table blocked modify column created_date  datetime(6) not null;
2025-03-18 13:41:46.777 [Test worker]  INFO p6spy - #1742319706777 | took 7ms | statement | connection 1| url jdbc:mysql://localhost:3306/mymemopetdb?useSSL=false&serverTimezone=UTC&allowPublicKeyRetrieval=true
alter table comment modify column last_modified_date  datetime(6)
alter table comment modify column last_modified_date  datetime(6);
2025-03-18 13:41:46.783 [Test worker]  INFO p6spy - #1742319706783 | took 5ms | statement | connection 1| url jdbc:mysql://localhost:3306/mymemopetdb?useSSL=false&serverTimezone=UTC&allowPublicKeyRetrieval=true
alter table comment modify column created_date  datetime(6)
alter table comment modify column created_date  datetime(6);
2025-03-18 13:41:46.788 [Test worker]  INFO p6spy - #1742319706788 | took 4ms | statement | connection 1| url jdbc:mysql://localhost:3306/mymemopetdb?useSSL=false&serverTimezone=UTC&allowPublicKeyRetrieval=true
alter table comment modify column comment_group  enum ('LAST_WORD','MEMORY_COMMENT') not null
alter table comment modify column comment_group  enum ('LAST_WORD','MEMORY_COMMENT') not null;
2025-03-18 13:41:46.792 [Test worker]  INFO p6spy - #1742319706792 | took 4ms | statement | connection 1| url jdbc:mysql://localhost:3306/mymemopetdb?useSSL=false&serverTimezone=UTC&allowPublicKeyRetrieval=true
alter table comment modify column deleted_date  datetime(6)
alter table comment modify column deleted_date  datetime(6);
2025-03-18 13:41:46.797 [Test worker]  INFO p6spy - #1742319706797 | took 4ms | statement | connection 1| url jdbc:mysql://localhost:3306/mymemopetdb?useSSL=false&serverTimezone=UTC&allowPublicKeyRetrieval=true
alter table follow modify column last_modified_date  datetime(6)
alter table follow modify column last_modified_date  datetime(6);
2025-03-18 13:41:46.801 [Test worker]  INFO p6spy - #1742319706801 | took 3ms | statement | connection 1| url jdbc:mysql://localhost:3306/mymemopetdb?useSSL=false&serverTimezone=UTC&allowPublicKeyRetrieval=true
alter table follow modify column created_date  datetime(6)
alter table follow modify column created_date  datetime(6);
2025-03-18 13:41:46.806 [Test worker]  INFO p6spy - #1742319706806 | took 5ms | statement | connection 1| url jdbc:mysql://localhost:3306/mymemopetdb?useSSL=false&serverTimezone=UTC&allowPublicKeyRetrieval=true
alter table likes modify column created_date  datetime(6)
alter table likes modify column created_date  datetime(6);
2025-03-18 13:41:46.812 [Test worker]  INFO p6spy - #1742319706812 | took 5ms | statement | connection 1| url jdbc:mysql://localhost:3306/mymemopetdb?useSSL=false&serverTimezone=UTC&allowPublicKeyRetrieval=true
alter table member modify column last_modified_date  datetime(6)
alter table member modify column last_modified_date  datetime(6);
2025-03-18 13:41:46.818 [Test worker]  INFO p6spy - #1742319706818 | took 5ms | statement | connection 1| url jdbc:mysql://localhost:3306/mymemopetdb?useSSL=false&serverTimezone=UTC&allowPublicKeyRetrieval=true
alter table member modify column created_date  datetime(6)
alter table member modify column created_date  datetime(6);
2025-03-18 13:41:46.824 [Test worker]  INFO p6spy - #1742319706824 | took 6ms | statement | connection 1| url jdbc:mysql://localhost:3306/mymemopetdb?useSSL=false&serverTimezone=UTC&allowPublicKeyRetrieval=true
alter table member modify column agree_date  datetime(6) not null
alter table member modify column agree_date  datetime(6) not null;
2025-03-18 13:41:46.834 [Test worker]  INFO p6spy - #1742319706834 | took 9ms | statement | connection 1| url jdbc:mysql://localhost:3306/mymemopetdb?useSSL=false&serverTimezone=UTC&allowPublicKeyRetrieval=true
alter table member modify column deleted_date  datetime(6)
alter table member modify column deleted_date  datetime(6);
2025-03-18 13:41:46.839 [Test worker]  INFO p6spy - #1742319706839 | took 5ms | statement | connection 1| url jdbc:mysql://localhost:3306/mymemopetdb?useSSL=false&serverTimezone=UTC&allowPublicKeyRetrieval=true
alter table member_social modify column last_modified_date  datetime(6)
alter table member_social modify column last_modified_date  datetime(6);
2025-03-18 13:41:46.845 [Test worker]  INFO p6spy - #1742319706845 | took 5ms | statement | connection 1| url jdbc:mysql://localhost:3306/mymemopetdb?useSSL=false&serverTimezone=UTC&allowPublicKeyRetrieval=true
alter table member_social modify column created_date  datetime(6)
alter table member_social modify column created_date  datetime(6);
2025-03-18 13:41:46.850 [Test worker]  INFO p6spy - #1742319706850 | took 4ms | statement | connection 1| url jdbc:mysql://localhost:3306/mymemopetdb?useSSL=false&serverTimezone=UTC&allowPublicKeyRetrieval=true
alter table member_social modify column deleted_date  datetime(6)
alter table member_social modify column deleted_date  datetime(6);
2025-03-18 13:41:46.856 [Test worker]  INFO p6spy - #1742319706856 | took 6ms | statement | connection 1| url jdbc:mysql://localhost:3306/mymemopetdb?useSSL=false&serverTimezone=UTC&allowPublicKeyRetrieval=true
alter table member_social modify column last_login_date  datetime(6)
alter table member_social modify column last_login_date  datetime(6);
2025-03-18 13:41:46.864 [Test worker]  INFO p6spy - #1742319706864 | took 7ms | statement | connection 1| url jdbc:mysql://localhost:3306/mymemopetdb?useSSL=false&serverTimezone=UTC&allowPublicKeyRetrieval=true
alter table member_social modify column member_status  enum ('BAN','LOCKED','NORMAL')
alter table member_social modify column member_status  enum ('BAN','LOCKED','NORMAL');
2025-03-18 13:41:46.871 [Test worker]  INFO p6spy - #1742319706871 | took 7ms | statement | connection 1| url jdbc:mysql://localhost:3306/mymemopetdb?useSSL=false&serverTimezone=UTC&allowPublicKeyRetrieval=true
alter table memory modify column last_modified_date  datetime(6)
alter table memory modify column last_modified_date  datetime(6);
2025-03-18 13:41:46.879 [Test worker]  INFO p6spy - #1742319706879 | took 7ms | statement | connection 1| url jdbc:mysql://localhost:3306/mymemopetdb?useSSL=false&serverTimezone=UTC&allowPublicKeyRetrieval=true
alter table memory modify column created_date  datetime(6)
alter table memory modify column created_date  datetime(6);
2025-03-18 13:41:46.885 [Test worker]  INFO p6spy - #1742319706885 | took 5ms | statement | connection 1| url jdbc:mysql://localhost:3306/mymemopetdb?useSSL=false&serverTimezone=UTC&allowPublicKeyRetrieval=true
alter table memory modify column audience  enum ('ALL','FRIEND','ME') not null
alter table memory modify column audience  enum ('ALL','FRIEND','ME') not null;
2025-03-18 13:41:46.892 [Test worker]  INFO p6spy - #1742319706892 | took 6ms | statement | connection 1| url jdbc:mysql://localhost:3306/mymemopetdb?useSSL=false&serverTimezone=UTC&allowPublicKeyRetrieval=true
alter table memory modify column deleted_date  datetime(6)
alter table memory modify column deleted_date  datetime(6);
2025-03-18 13:41:46.897 [Test worker]  INFO p6spy - #1742319706897 | took 4ms | statement | connection 1| url jdbc:mysql://localhost:3306/mymemopetdb?useSSL=false&serverTimezone=UTC&allowPublicKeyRetrieval=true
alter table memory_image modify column created_date  datetime(6)
alter table memory_image modify column created_date  datetime(6);
2025-03-18 13:41:46.901 [Test worker]  INFO p6spy - #1742319706901 | took 4ms | statement | connection 1| url jdbc:mysql://localhost:3306/mymemopetdb?useSSL=false&serverTimezone=UTC&allowPublicKeyRetrieval=true
alter table memory_image modify column deleted_date  datetime(6)
alter table memory_image modify column deleted_date  datetime(6);
2025-03-18 13:41:46.905 [Test worker]  INFO p6spy - #1742319706905 | took 3ms | statement | connection 1| url jdbc:mysql://localhost:3306/mymemopetdb?useSSL=false&serverTimezone=UTC&allowPublicKeyRetrieval=true
alter table meta modify column last_modified_date  datetime(6)
alter table meta modify column last_modified_date  datetime(6);
2025-03-18 13:41:46.911 [Test worker]  INFO p6spy - #1742319706911 | took 5ms | statement | connection 1| url jdbc:mysql://localhost:3306/mymemopetdb?useSSL=false&serverTimezone=UTC&allowPublicKeyRetrieval=true
alter table notification modify column last_modified_date  datetime(6)
alter table notification modify column last_modified_date  datetime(6);
2025-03-18 13:41:46.915 [Test worker]  INFO p6spy - #1742319706915 | took 3ms | statement | connection 1| url jdbc:mysql://localhost:3306/mymemopetdb?useSSL=false&serverTimezone=UTC&allowPublicKeyRetrieval=true
alter table notification modify column created_date  datetime(6)
alter table notification modify column created_date  datetime(6);
2025-03-18 13:41:46.925 [Test worker]  INFO p6spy - #1742319706925 | took 9ms | statement | connection 1| url jdbc:mysql://localhost:3306/mymemopetdb?useSSL=false&serverTimezone=UTC&allowPublicKeyRetrieval=true
alter table pet modify column last_modified_date  datetime(6)
alter table pet modify column last_modified_date  datetime(6);
2025-03-18 13:41:46.935 [Test worker]  INFO p6spy - #1742319706935 | took 9ms | statement | connection 1| url jdbc:mysql://localhost:3306/mymemopetdb?useSSL=false&serverTimezone=UTC&allowPublicKeyRetrieval=true
alter table pet modify column created_date  datetime(6)
alter table pet modify column created_date  datetime(6);
2025-03-18 13:41:46.946 [Test worker]  INFO p6spy - #1742319706946 | took 10ms | statement | connection 1| url jdbc:mysql://localhost:3306/mymemopetdb?useSSL=false&serverTimezone=UTC&allowPublicKeyRetrieval=true
alter table pet modify column deleted_date  datetime(6)
alter table pet modify column deleted_date  datetime(6);
2025-03-18 13:41:46.956 [Test worker]  INFO p6spy - #1742319706956 | took 10ms | statement | connection 1| url jdbc:mysql://localhost:3306/mymemopetdb?useSSL=false&serverTimezone=UTC&allowPublicKeyRetrieval=true
alter table pet modify column gender  enum ('F','M') not null
alter table pet modify column gender  enum ('F','M') not null;
2025-03-18 13:41:46.967 [Test worker]  INFO p6spy - #1742319706967 | took 10ms | statement | connection 1| url jdbc:mysql://localhost:3306/mymemopetdb?useSSL=false&serverTimezone=UTC&allowPublicKeyRetrieval=true
alter table pet modify column pet_status  enum ('ACTIVE','DEACTIVE') not null
alter table pet modify column pet_status  enum ('ACTIVE','DEACTIVE') not null;
2025-03-18 13:41:46.971 [Test worker]  INFO p6spy - #1742319706971 | took 3ms | statement | connection 1| url jdbc:mysql://localhost:3306/mymemopetdb?useSSL=false&serverTimezone=UTC&allowPublicKeyRetrieval=true
alter table recent_search modify column created_date  datetime(6)
alter table recent_search modify column created_date  datetime(6);
2025-03-18 13:41:46.975 [Test worker]  INFO p6spy - #1742319706975 | took 3ms | statement | connection 1| url jdbc:mysql://localhost:3306/mymemopetdb?useSSL=false&serverTimezone=UTC&allowPublicKeyRetrieval=true
alter table refresh_token modify column expired_at  datetime(6)
alter table refresh_token modify column expired_at  datetime(6);
2025-03-18 13:41:46.978 [Test worker]  INFO p6spy - #1742319706978 | took 3ms | statement | connection 1| url jdbc:mysql://localhost:3306/mymemopetdb?useSSL=false&serverTimezone=UTC&allowPublicKeyRetrieval=true
alter table report modify column created_date  datetime(6)
alter table report modify column created_date  datetime(6);
2025-03-18 13:41:46.984 [Test worker]  INFO p6spy - #1742319706984 | took 5ms | statement | connection 1| url jdbc:mysql://localhost:3306/mymemopetdb?useSSL=false&serverTimezone=UTC&allowPublicKeyRetrieval=true
alter table species modify column last_modified_date  datetime(6)
alter table species modify column last_modified_date  datetime(6);
2025-03-18 13:41:46.988 [Test worker]  INFO p6spy - #1742319706988 | took 4ms | statement | connection 1| url jdbc:mysql://localhost:3306/mymemopetdb?useSSL=false&serverTimezone=UTC&allowPublicKeyRetrieval=true
alter table verification_status_entity modify column expired_at  datetime(6)
alter table verification_status_entity modify column expired_at  datetime(6);
2025-03-18 13:41:47.000 [Test worker]  INFO p6spy - #1742319707000 | took 2ms | statement | connection 1| url jdbc:mysql://localhost:3306/mymemopetdb?useSSL=false&serverTimezone=UTC&allowPublicKeyRetrieval=true
select * from `mymemopetdb`.`pet` where 1=0
select * from `mymemopetdb`.`pet` where 1=0;
2025-03-18 13:41:47.007 [Test worker]  INFO p6spy - #1742319707007 | took 0ms | statement | connection 1| url jdbc:mysql://localhost:3306/mymemopetdb?useSSL=false&serverTimezone=UTC&allowPublicKeyRetrieval=true
select * from `mymemopetdb`.`memory` where 1=0
select * from `mymemopetdb`.`memory` where 1=0;
2025-03-18 13:41:47.008 [Test worker]  INFO p6spy - #1742319707008 | took 0ms | statement | connection 1| url jdbc:mysql://localhost:3306/mymemopetdb?useSSL=false&serverTimezone=UTC&allowPublicKeyRetrieval=true
select * from `mymemopetdb`.`pet` where 1=0
select * from `mymemopetdb`.`pet` where 1=0;
2025-03-18 13:41:47.013 [Test worker]  INFO p6spy - #1742319707013 | took 0ms | statement | connection 1| url jdbc:mysql://localhost:3306/mymemopetdb?useSSL=false&serverTimezone=UTC&allowPublicKeyRetrieval=true
select * from `mymemopetdb`.`pet` where 1=0
select * from `mymemopetdb`.`pet` where 1=0;
2025-03-18 13:41:47.018 [Test worker]  INFO p6spy - #1742319707018 | took 0ms | statement | connection 1| url jdbc:mysql://localhost:3306/mymemopetdb?useSSL=false&serverTimezone=UTC&allowPublicKeyRetrieval=true
select * from `mymemopetdb`.`memory` where 1=0
select * from `mymemopetdb`.`memory` where 1=0;
2025-03-18 13:41:47.019 [Test worker]  INFO p6spy - #1742319707019 | took 0ms | statement | connection 1| url jdbc:mysql://localhost:3306/mymemopetdb?useSSL=false&serverTimezone=UTC&allowPublicKeyRetrieval=true
select * from `mymemopetdb`.`pet` where 1=0
select * from `mymemopetdb`.`pet` where 1=0;
2025-03-18 13:41:47.024 [Test worker]  INFO p6spy - #1742319707024 | took 0ms | statement | connection 1| url jdbc:mysql://localhost:3306/mymemopetdb?useSSL=false&serverTimezone=UTC&allowPublicKeyRetrieval=true
select * from `mymemopetdb`.`pet` where 1=0
select * from `mymemopetdb`.`pet` where 1=0;
2025-03-18 13:41:47.028 [Test worker]  INFO p6spy - #1742319707028 | took 0ms | statement | connection 1| url jdbc:mysql://localhost:3306/mymemopetdb?useSSL=false&serverTimezone=UTC&allowPublicKeyRetrieval=true
select * from `mymemopetdb`.`memory` where 1=0
select * from `mymemopetdb`.`memory` where 1=0;
2025-03-18 13:41:47.033 [Test worker]  INFO p6spy - #1742319707033 | took 0ms | statement | connection 1| url jdbc:mysql://localhost:3306/mymemopetdb?useSSL=false&serverTimezone=UTC&allowPublicKeyRetrieval=true
select * from `mymemopetdb`.`pet` where 1=0
select * from `mymemopetdb`.`pet` where 1=0;
2025-03-18 13:41:47.037 [Test worker]  INFO p6spy - #1742319707037 | took 0ms | statement | connection 1| url jdbc:mysql://localhost:3306/mymemopetdb?useSSL=false&serverTimezone=UTC&allowPublicKeyRetrieval=true
select * from `mymemopetdb`.`member` where 1=0
select * from `mymemopetdb`.`member` where 1=0;
2025-03-18 13:41:47.039 [Test worker]  INFO p6spy - #1742319707039 | took 0ms | statement | connection 1| url jdbc:mysql://localhost:3306/mymemopetdb?useSSL=false&serverTimezone=UTC&allowPublicKeyRetrieval=true
select * from `mymemopetdb`.`species` where 1=0
select * from `mymemopetdb`.`species` where 1=0;
2025-03-18 13:41:47.044 [Test worker]  INFO p6spy - #1742319707044 | took 0ms | statement | connection 1| url jdbc:mysql://localhost:3306/mymemopetdb?useSSL=false&serverTimezone=UTC&allowPublicKeyRetrieval=true
select * from `mymemopetdb`.`pet` where 1=0
select * from `mymemopetdb`.`pet` where 1=0;
2025-03-18 13:41:47.049 [Test worker]  INFO p6spy - #1742319707049 | took 0ms | statement | connection 1| url jdbc:mysql://localhost:3306/mymemopetdb?useSSL=false&serverTimezone=UTC&allowPublicKeyRetrieval=true
select * from `mymemopetdb`.`member_social` where 1=0
select * from `mymemopetdb`.`member_social` where 1=0;
2025-03-18 13:54:02.112 [Test worker]  INFO p6spy - #1742320442112 | took 15ms | statement | connection 1| url jdbc:mysql://localhost:3306/mymemopetdb?useSSL=false&serverTimezone=UTC&allowPublicKeyRetrieval=true
alter table access_log modify column request_at  datetime(6)
alter table access_log modify column request_at  datetime(6);
2025-03-18 13:54:02.118 [Test worker]  INFO p6spy - #1742320442118 | took 5ms | statement | connection 1| url jdbc:mysql://localhost:3306/mymemopetdb?useSSL=false&serverTimezone=UTC&allowPublicKeyRetrieval=true
alter table access_log modify column response_at  datetime(6)
alter table access_log modify column response_at  datetime(6);
2025-03-18 13:54:02.123 [Test worker]  INFO p6spy - #1742320442123 | took 4ms | statement | connection 1| url jdbc:mysql://localhost:3306/mymemopetdb?useSSL=false&serverTimezone=UTC&allowPublicKeyRetrieval=true
alter table audit modify column created_date  datetime(6)
alter table audit modify column created_date  datetime(6);
2025-03-18 13:54:02.128 [Test worker]  INFO p6spy - #1742320442128 | took 4ms | statement | connection 1| url jdbc:mysql://localhost:3306/mymemopetdb?useSSL=false&serverTimezone=UTC&allowPublicKeyRetrieval=true
alter table blocked modify column created_date  datetime(6) not null
alter table blocked modify column created_date  datetime(6) not null;
2025-03-18 13:54:02.136 [Test worker]  INFO p6spy - #1742320442136 | took 7ms | statement | connection 1| url jdbc:mysql://localhost:3306/mymemopetdb?useSSL=false&serverTimezone=UTC&allowPublicKeyRetrieval=true
alter table comment modify column last_modified_date  datetime(6)
alter table comment modify column last_modified_date  datetime(6);
2025-03-18 13:54:02.142 [Test worker]  INFO p6spy - #1742320442142 | took 5ms | statement | connection 1| url jdbc:mysql://localhost:3306/mymemopetdb?useSSL=false&serverTimezone=UTC&allowPublicKeyRetrieval=true
alter table comment modify column created_date  datetime(6)
alter table comment modify column created_date  datetime(6);
2025-03-18 13:54:02.148 [Test worker]  INFO p6spy - #1742320442148 | took 6ms | statement | connection 1| url jdbc:mysql://localhost:3306/mymemopetdb?useSSL=false&serverTimezone=UTC&allowPublicKeyRetrieval=true
alter table comment modify column comment_group  enum ('LAST_WORD','MEMORY_COMMENT') not null
alter table comment modify column comment_group  enum ('LAST_WORD','MEMORY_COMMENT') not null;
2025-03-18 13:54:02.155 [Test worker]  INFO p6spy - #1742320442155 | took 6ms | statement | connection 1| url jdbc:mysql://localhost:3306/mymemopetdb?useSSL=false&serverTimezone=UTC&allowPublicKeyRetrieval=true
alter table comment modify column deleted_date  datetime(6)
alter table comment modify column deleted_date  datetime(6);
2025-03-18 13:54:02.160 [Test worker]  INFO p6spy - #1742320442160 | took 4ms | statement | connection 1| url jdbc:mysql://localhost:3306/mymemopetdb?useSSL=false&serverTimezone=UTC&allowPublicKeyRetrieval=true
alter table follow modify column last_modified_date  datetime(6)
alter table follow modify column last_modified_date  datetime(6);
2025-03-18 13:54:02.165 [Test worker]  INFO p6spy - #1742320442165 | took 4ms | statement | connection 1| url jdbc:mysql://localhost:3306/mymemopetdb?useSSL=false&serverTimezone=UTC&allowPublicKeyRetrieval=true
alter table follow modify column created_date  datetime(6)
alter table follow modify column created_date  datetime(6);
2025-03-18 13:54:02.171 [Test worker]  INFO p6spy - #1742320442171 | took 6ms | statement | connection 1| url jdbc:mysql://localhost:3306/mymemopetdb?useSSL=false&serverTimezone=UTC&allowPublicKeyRetrieval=true
alter table likes modify column created_date  datetime(6)
alter table likes modify column created_date  datetime(6);
2025-03-18 13:54:02.181 [Test worker]  INFO p6spy - #1742320442181 | took 9ms | statement | connection 1| url jdbc:mysql://localhost:3306/mymemopetdb?useSSL=false&serverTimezone=UTC&allowPublicKeyRetrieval=true
alter table member modify column last_modified_date  datetime(6)
alter table member modify column last_modified_date  datetime(6);
2025-03-18 13:54:02.187 [Test worker]  INFO p6spy - #1742320442187 | took 6ms | statement | connection 1| url jdbc:mysql://localhost:3306/mymemopetdb?useSSL=false&serverTimezone=UTC&allowPublicKeyRetrieval=true
alter table member modify column created_date  datetime(6)
alter table member modify column created_date  datetime(6);
2025-03-18 13:54:02.196 [Test worker]  INFO p6spy - #1742320442196 | took 8ms | statement | connection 1| url jdbc:mysql://localhost:3306/mymemopetdb?useSSL=false&serverTimezone=UTC&allowPublicKeyRetrieval=true
alter table member modify column agree_date  datetime(6) not null
alter table member modify column agree_date  datetime(6) not null;
2025-03-18 13:54:02.204 [Test worker]  INFO p6spy - #1742320442204 | took 7ms | statement | connection 1| url jdbc:mysql://localhost:3306/mymemopetdb?useSSL=false&serverTimezone=UTC&allowPublicKeyRetrieval=true
alter table member modify column deleted_date  datetime(6)
alter table member modify column deleted_date  datetime(6);
2025-03-18 13:54:02.211 [Test worker]  INFO p6spy - #1742320442211 | took 6ms | statement | connection 1| url jdbc:mysql://localhost:3306/mymemopetdb?useSSL=false&serverTimezone=UTC&allowPublicKeyRetrieval=true
alter table member_social modify column last_modified_date  datetime(6)
alter table member_social modify column last_modified_date  datetime(6);
2025-03-18 13:54:02.217 [Test worker]  INFO p6spy - #1742320442217 | took 5ms | statement | connection 1| url jdbc:mysql://localhost:3306/mymemopetdb?useSSL=false&serverTimezone=UTC&allowPublicKeyRetrieval=true
alter table member_social modify column created_date  datetime(6)
alter table member_social modify column created_date  datetime(6);
2025-03-18 13:54:02.222 [Test worker]  INFO p6spy - #1742320442222 | took 5ms | statement | connection 1| url jdbc:mysql://localhost:3306/mymemopetdb?useSSL=false&serverTimezone=UTC&allowPublicKeyRetrieval=true
alter table member_social modify column deleted_date  datetime(6)
alter table member_social modify column deleted_date  datetime(6);
2025-03-18 13:54:02.227 [Test worker]  INFO p6spy - #1742320442227 | took 4ms | statement | connection 1| url jdbc:mysql://localhost:3306/mymemopetdb?useSSL=false&serverTimezone=UTC&allowPublicKeyRetrieval=true
alter table member_social modify column last_login_date  datetime(6)
alter table member_social modify column last_login_date  datetime(6);
2025-03-18 13:54:02.233 [Test worker]  INFO p6spy - #1742320442233 | took 5ms | statement | connection 1| url jdbc:mysql://localhost:3306/mymemopetdb?useSSL=false&serverTimezone=UTC&allowPublicKeyRetrieval=true
alter table member_social modify column member_status  enum ('BAN','LOCKED','NORMAL')
alter table member_social modify column member_status  enum ('BAN','LOCKED','NORMAL');
2025-03-18 13:54:02.240 [Test worker]  INFO p6spy - #1742320442240 | took 6ms | statement | connection 1| url jdbc:mysql://localhost:3306/mymemopetdb?useSSL=false&serverTimezone=UTC&allowPublicKeyRetrieval=true
alter table memory modify column last_modified_date  datetime(6)
alter table memory modify column last_modified_date  datetime(6);
2025-03-18 13:54:02.247 [Test worker]  INFO p6spy - #1742320442247 | took 7ms | statement | connection 1| url jdbc:mysql://localhost:3306/mymemopetdb?useSSL=false&serverTimezone=UTC&allowPublicKeyRetrieval=true
alter table memory modify column created_date  datetime(6)
alter table memory modify column created_date  datetime(6);
2025-03-18 13:54:02.255 [Test worker]  INFO p6spy - #1742320442255 | took 7ms | statement | connection 1| url jdbc:mysql://localhost:3306/mymemopetdb?useSSL=false&serverTimezone=UTC&allowPublicKeyRetrieval=true
alter table memory modify column audience  enum ('ALL','FRIEND','ME') not null
alter table memory modify column audience  enum ('ALL','FRIEND','ME') not null;
2025-03-18 13:54:02.261 [Test worker]  INFO p6spy - #1742320442261 | took 6ms | statement | connection 1| url jdbc:mysql://localhost:3306/mymemopetdb?useSSL=false&serverTimezone=UTC&allowPublicKeyRetrieval=true
alter table memory modify column deleted_date  datetime(6)
alter table memory modify column deleted_date  datetime(6);
2025-03-18 13:54:02.266 [Test worker]  INFO p6spy - #1742320442266 | took 4ms | statement | connection 1| url jdbc:mysql://localhost:3306/mymemopetdb?useSSL=false&serverTimezone=UTC&allowPublicKeyRetrieval=true
alter table memory_image modify column created_date  datetime(6)
alter table memory_image modify column created_date  datetime(6);
2025-03-18 13:54:02.270 [Test worker]  INFO p6spy - #1742320442270 | took 3ms | statement | connection 1| url jdbc:mysql://localhost:3306/mymemopetdb?useSSL=false&serverTimezone=UTC&allowPublicKeyRetrieval=true
alter table memory_image modify column deleted_date  datetime(6)
alter table memory_image modify column deleted_date  datetime(6);
2025-03-18 13:54:02.276 [Test worker]  INFO p6spy - #1742320442276 | took 5ms | statement | connection 1| url jdbc:mysql://localhost:3306/mymemopetdb?useSSL=false&serverTimezone=UTC&allowPublicKeyRetrieval=true
alter table meta modify column last_modified_date  datetime(6)
alter table meta modify column last_modified_date  datetime(6);
2025-03-18 13:54:02.280 [Test worker]  INFO p6spy - #1742320442280 | took 4ms | statement | connection 1| url jdbc:mysql://localhost:3306/mymemopetdb?useSSL=false&serverTimezone=UTC&allowPublicKeyRetrieval=true
alter table notification modify column last_modified_date  datetime(6)
alter table notification modify column last_modified_date  datetime(6);
2025-03-18 13:54:02.285 [Test worker]  INFO p6spy - #1742320442285 | took 4ms | statement | connection 1| url jdbc:mysql://localhost:3306/mymemopetdb?useSSL=false&serverTimezone=UTC&allowPublicKeyRetrieval=true
alter table notification modify column created_date  datetime(6)
alter table notification modify column created_date  datetime(6);
2025-03-18 13:54:02.296 [Test worker]  INFO p6spy - #1742320442296 | took 11ms | statement | connection 1| url jdbc:mysql://localhost:3306/mymemopetdb?useSSL=false&serverTimezone=UTC&allowPublicKeyRetrieval=true
alter table pet modify column last_modified_date  datetime(6)
alter table pet modify column last_modified_date  datetime(6);
2025-03-18 13:54:02.318 [Test worker]  INFO p6spy - #1742320442318 | took 21ms | statement | connection 1| url jdbc:mysql://localhost:3306/mymemopetdb?useSSL=false&serverTimezone=UTC&allowPublicKeyRetrieval=true
alter table pet modify column created_date  datetime(6)
alter table pet modify column created_date  datetime(6);
2025-03-18 13:54:02.329 [Test worker]  INFO p6spy - #1742320442329 | took 11ms | statement | connection 1| url jdbc:mysql://localhost:3306/mymemopetdb?useSSL=false&serverTimezone=UTC&allowPublicKeyRetrieval=true
alter table pet modify column deleted_date  datetime(6)
alter table pet modify column deleted_date  datetime(6);
2025-03-18 13:54:02.340 [Test worker]  INFO p6spy - #1742320442340 | took 10ms | statement | connection 1| url jdbc:mysql://localhost:3306/mymemopetdb?useSSL=false&serverTimezone=UTC&allowPublicKeyRetrieval=true
alter table pet modify column gender  enum ('F','M') not null
alter table pet modify column gender  enum ('F','M') not null;
2025-03-18 13:54:02.351 [Test worker]  INFO p6spy - #1742320442351 | took 10ms | statement | connection 1| url jdbc:mysql://localhost:3306/mymemopetdb?useSSL=false&serverTimezone=UTC&allowPublicKeyRetrieval=true
alter table pet modify column pet_status  enum ('ACTIVE','DEACTIVE') not null
alter table pet modify column pet_status  enum ('ACTIVE','DEACTIVE') not null;
2025-03-18 13:54:02.355 [Test worker]  INFO p6spy - #1742320442355 | took 4ms | statement | connection 1| url jdbc:mysql://localhost:3306/mymemopetdb?useSSL=false&serverTimezone=UTC&allowPublicKeyRetrieval=true
alter table recent_search modify column created_date  datetime(6)
alter table recent_search modify column created_date  datetime(6);
2025-03-18 13:54:02.361 [Test worker]  INFO p6spy - #1742320442361 | took 5ms | statement | connection 1| url jdbc:mysql://localhost:3306/mymemopetdb?useSSL=false&serverTimezone=UTC&allowPublicKeyRetrieval=true
alter table refresh_token modify column expired_at  datetime(6)
alter table refresh_token modify column expired_at  datetime(6);
2025-03-18 13:54:02.365 [Test worker]  INFO p6spy - #1742320442365 | took 3ms | statement | connection 1| url jdbc:mysql://localhost:3306/mymemopetdb?useSSL=false&serverTimezone=UTC&allowPublicKeyRetrieval=true
alter table report modify column created_date  datetime(6)
alter table report modify column created_date  datetime(6);
2025-03-18 13:54:02.370 [Test worker]  INFO p6spy - #1742320442370 | took 5ms | statement | connection 1| url jdbc:mysql://localhost:3306/mymemopetdb?useSSL=false&serverTimezone=UTC&allowPublicKeyRetrieval=true
alter table species modify column last_modified_date  datetime(6)
alter table species modify column last_modified_date  datetime(6);
2025-03-18 13:54:02.374 [Test worker]  INFO p6spy - #1742320442374 | took 3ms | statement | connection 1| url jdbc:mysql://localhost:3306/mymemopetdb?useSSL=false&serverTimezone=UTC&allowPublicKeyRetrieval=true
alter table verification_status_entity modify column expired_at  datetime(6)
alter table verification_status_entity modify column expired_at  datetime(6);
2025-03-18 13:54:02.386 [Test worker]  INFO p6spy - #1742320442386 | took 2ms | statement | connection 1| url jdbc:mysql://localhost:3306/mymemopetdb?useSSL=false&serverTimezone=UTC&allowPublicKeyRetrieval=true
select * from `mymemopetdb`.`pet` where 1=0
select * from `mymemopetdb`.`pet` where 1=0;
2025-03-18 13:54:02.392 [Test worker]  INFO p6spy - #1742320442392 | took 0ms | statement | connection 1| url jdbc:mysql://localhost:3306/mymemopetdb?useSSL=false&serverTimezone=UTC&allowPublicKeyRetrieval=true
select * from `mymemopetdb`.`memory` where 1=0
select * from `mymemopetdb`.`memory` where 1=0;
2025-03-18 13:54:02.394 [Test worker]  INFO p6spy - #1742320442394 | took 0ms | statement | connection 1| url jdbc:mysql://localhost:3306/mymemopetdb?useSSL=false&serverTimezone=UTC&allowPublicKeyRetrieval=true
select * from `mymemopetdb`.`pet` where 1=0
select * from `mymemopetdb`.`pet` where 1=0;
2025-03-18 13:54:02.399 [Test worker]  INFO p6spy - #1742320442399 | took 0ms | statement | connection 1| url jdbc:mysql://localhost:3306/mymemopetdb?useSSL=false&serverTimezone=UTC&allowPublicKeyRetrieval=true
select * from `mymemopetdb`.`pet` where 1=0
select * from `mymemopetdb`.`pet` where 1=0;
2025-03-18 13:54:02.403 [Test worker]  INFO p6spy - #1742320442403 | took 0ms | statement | connection 1| url jdbc:mysql://localhost:3306/mymemopetdb?useSSL=false&serverTimezone=UTC&allowPublicKeyRetrieval=true
select * from `mymemopetdb`.`memory` where 1=0
select * from `mymemopetdb`.`memory` where 1=0;
2025-03-18 13:54:02.405 [Test worker]  INFO p6spy - #1742320442405 | took 0ms | statement | connection 1| url jdbc:mysql://localhost:3306/mymemopetdb?useSSL=false&serverTimezone=UTC&allowPublicKeyRetrieval=true
select * from `mymemopetdb`.`pet` where 1=0
select * from `mymemopetdb`.`pet` where 1=0;
2025-03-18 13:54:02.409 [Test worker]  INFO p6spy - #1742320442409 | took 0ms | statement | connection 1| url jdbc:mysql://localhost:3306/mymemopetdb?useSSL=false&serverTimezone=UTC&allowPublicKeyRetrieval=true
select * from `mymemopetdb`.`pet` where 1=0
select * from `mymemopetdb`.`pet` where 1=0;
2025-03-18 13:54:02.414 [Test worker]  INFO p6spy - #1742320442414 | took 0ms | statement | connection 1| url jdbc:mysql://localhost:3306/mymemopetdb?useSSL=false&serverTimezone=UTC&allowPublicKeyRetrieval=true
select * from `mymemopetdb`.`memory` where 1=0
select * from `mymemopetdb`.`memory` where 1=0;
2025-03-18 13:54:02.419 [Test worker]  INFO p6spy - #1742320442419 | took 0ms | statement | connection 1| url jdbc:mysql://localhost:3306/mymemopetdb?useSSL=false&serverTimezone=UTC&allowPublicKeyRetrieval=true
select * from `mymemopetdb`.`pet` where 1=0
select * from `mymemopetdb`.`pet` where 1=0;
2025-03-18 13:54:02.424 [Test worker]  INFO p6spy - #1742320442424 | took 0ms | statement | connection 1| url jdbc:mysql://localhost:3306/mymemopetdb?useSSL=false&serverTimezone=UTC&allowPublicKeyRetrieval=true
select * from `mymemopetdb`.`member` where 1=0
select * from `mymemopetdb`.`member` where 1=0;
2025-03-18 13:54:02.426 [Test worker]  INFO p6spy - #1742320442426 | took 0ms | statement | connection 1| url jdbc:mysql://localhost:3306/mymemopetdb?useSSL=false&serverTimezone=UTC&allowPublicKeyRetrieval=true
select * from `mymemopetdb`.`species` where 1=0
select * from `mymemopetdb`.`species` where 1=0;
2025-03-18 13:54:02.431 [Test worker]  INFO p6spy - #1742320442431 | took 0ms | statement | connection 1| url jdbc:mysql://localhost:3306/mymemopetdb?useSSL=false&serverTimezone=UTC&allowPublicKeyRetrieval=true
select * from `mymemopetdb`.`pet` where 1=0
select * from `mymemopetdb`.`pet` where 1=0;
2025-03-18 13:54:02.436 [Test worker]  INFO p6spy - #1742320442436 | took 0ms | statement | connection 1| url jdbc:mysql://localhost:3306/mymemopetdb?useSSL=false&serverTimezone=UTC&allowPublicKeyRetrieval=true
select * from `mymemopetdb`.`member_social` where 1=0
select * from `mymemopetdb`.`member_social` where 1=0;
2025-03-18 14:01:26.769 [restartedMain]  INFO p6spy - #1742320886769 | took 17ms | statement | connection 1| url jdbc:mysql://localhost:3306/mymemopetdb?useSSL=false&serverTimezone=UTC&allowPublicKeyRetrieval=true
alter table access_log modify column request_at  datetime(6)
alter table access_log modify column request_at  datetime(6);
2025-03-18 14:01:26.775 [restartedMain]  INFO p6spy - #1742320886775 | took 5ms | statement | connection 1| url jdbc:mysql://localhost:3306/mymemopetdb?useSSL=false&serverTimezone=UTC&allowPublicKeyRetrieval=true
alter table access_log modify column response_at  datetime(6)
alter table access_log modify column response_at  datetime(6);
2025-03-18 14:01:26.780 [restartedMain]  INFO p6spy - #1742320886780 | took 4ms | statement | connection 1| url jdbc:mysql://localhost:3306/mymemopetdb?useSSL=false&serverTimezone=UTC&allowPublicKeyRetrieval=true
alter table audit modify column created_date  datetime(6)
alter table audit modify column created_date  datetime(6);
2025-03-18 14:01:26.787 [restartedMain]  INFO p6spy - #1742320886787 | took 7ms | statement | connection 1| url jdbc:mysql://localhost:3306/mymemopetdb?useSSL=false&serverTimezone=UTC&allowPublicKeyRetrieval=true
alter table blocked modify column created_date  datetime(6) not null
alter table blocked modify column created_date  datetime(6) not null;
2025-03-18 14:01:26.794 [restartedMain]  INFO p6spy - #1742320886794 | took 5ms | statement | connection 1| url jdbc:mysql://localhost:3306/mymemopetdb?useSSL=false&serverTimezone=UTC&allowPublicKeyRetrieval=true
alter table comment modify column last_modified_date  datetime(6)
alter table comment modify column last_modified_date  datetime(6);
2025-03-18 14:01:26.798 [restartedMain]  INFO p6spy - #1742320886798 | took 4ms | statement | connection 1| url jdbc:mysql://localhost:3306/mymemopetdb?useSSL=false&serverTimezone=UTC&allowPublicKeyRetrieval=true
alter table comment modify column created_date  datetime(6)
alter table comment modify column created_date  datetime(6);
2025-03-18 14:01:26.809 [restartedMain]  INFO p6spy - #1742320886809 | took 9ms | statement | connection 1| url jdbc:mysql://localhost:3306/mymemopetdb?useSSL=false&serverTimezone=UTC&allowPublicKeyRetrieval=true
alter table comment modify column comment_group  enum ('LAST_WORD','MEMORY_COMMENT') not null
alter table comment modify column comment_group  enum ('LAST_WORD','MEMORY_COMMENT') not null;
2025-03-18 14:01:26.818 [restartedMain]  INFO p6spy - #1742320886818 | took 9ms | statement | connection 1| url jdbc:mysql://localhost:3306/mymemopetdb?useSSL=false&serverTimezone=UTC&allowPublicKeyRetrieval=true
alter table comment modify column deleted_date  datetime(6)
alter table comment modify column deleted_date  datetime(6);
2025-03-18 14:01:26.825 [restartedMain]  INFO p6spy - #1742320886825 | took 6ms | statement | connection 1| url jdbc:mysql://localhost:3306/mymemopetdb?useSSL=false&serverTimezone=UTC&allowPublicKeyRetrieval=true
alter table follow modify column last_modified_date  datetime(6)
alter table follow modify column last_modified_date  datetime(6);
2025-03-18 14:01:26.829 [restartedMain]  INFO p6spy - #1742320886829 | took 4ms | statement | connection 1| url jdbc:mysql://localhost:3306/mymemopetdb?useSSL=false&serverTimezone=UTC&allowPublicKeyRetrieval=true
alter table follow modify column created_date  datetime(6)
alter table follow modify column created_date  datetime(6);
2025-03-18 14:01:26.837 [restartedMain]  INFO p6spy - #1742320886837 | took 7ms | statement | connection 1| url jdbc:mysql://localhost:3306/mymemopetdb?useSSL=false&serverTimezone=UTC&allowPublicKeyRetrieval=true
alter table likes modify column created_date  datetime(6)
alter table likes modify column created_date  datetime(6);
2025-03-18 14:01:26.849 [restartedMain]  INFO p6spy - #1742320886849 | took 12ms | statement | connection 1| url jdbc:mysql://localhost:3306/mymemopetdb?useSSL=false&serverTimezone=UTC&allowPublicKeyRetrieval=true
alter table member modify column last_modified_date  datetime(6)
alter table member modify column last_modified_date  datetime(6);
2025-03-18 14:01:26.855 [restartedMain]  INFO p6spy - #1742320886855 | took 5ms | statement | connection 1| url jdbc:mysql://localhost:3306/mymemopetdb?useSSL=false&serverTimezone=UTC&allowPublicKeyRetrieval=true
alter table member modify column created_date  datetime(6)
alter table member modify column created_date  datetime(6);
2025-03-18 14:01:26.862 [restartedMain]  INFO p6spy - #1742320886862 | took 6ms | statement | connection 1| url jdbc:mysql://localhost:3306/mymemopetdb?useSSL=false&serverTimezone=UTC&allowPublicKeyRetrieval=true
alter table member modify column agree_date  datetime(6) not null
alter table member modify column agree_date  datetime(6) not null;
2025-03-18 14:01:26.867 [restartedMain]  INFO p6spy - #1742320886867 | took 5ms | statement | connection 1| url jdbc:mysql://localhost:3306/mymemopetdb?useSSL=false&serverTimezone=UTC&allowPublicKeyRetrieval=true
alter table member modify column deleted_date  datetime(6)
alter table member modify column deleted_date  datetime(6);
2025-03-18 14:01:26.875 [restartedMain]  INFO p6spy - #1742320886875 | took 7ms | statement | connection 1| url jdbc:mysql://localhost:3306/mymemopetdb?useSSL=false&serverTimezone=UTC&allowPublicKeyRetrieval=true
alter table member_social modify column last_modified_date  datetime(6)
alter table member_social modify column last_modified_date  datetime(6);
2025-03-18 14:01:26.882 [restartedMain]  INFO p6spy - #1742320886882 | took 6ms | statement | connection 1| url jdbc:mysql://localhost:3306/mymemopetdb?useSSL=false&serverTimezone=UTC&allowPublicKeyRetrieval=true
alter table member_social modify column created_date  datetime(6)
alter table member_social modify column created_date  datetime(6);
2025-03-18 14:01:26.887 [restartedMain]  INFO p6spy - #1742320886887 | took 4ms | statement | connection 1| url jdbc:mysql://localhost:3306/mymemopetdb?useSSL=false&serverTimezone=UTC&allowPublicKeyRetrieval=true
alter table member_social modify column deleted_date  datetime(6)
alter table member_social modify column deleted_date  datetime(6);
2025-03-18 14:01:26.892 [restartedMain]  INFO p6spy - #1742320886892 | took 5ms | statement | connection 1| url jdbc:mysql://localhost:3306/mymemopetdb?useSSL=false&serverTimezone=UTC&allowPublicKeyRetrieval=true
alter table member_social modify column last_login_date  datetime(6)
alter table member_social modify column last_login_date  datetime(6);
2025-03-18 14:01:26.899 [restartedMain]  INFO p6spy - #1742320886899 | took 7ms | statement | connection 1| url jdbc:mysql://localhost:3306/mymemopetdb?useSSL=false&serverTimezone=UTC&allowPublicKeyRetrieval=true
alter table member_social modify column member_status  enum ('BAN','LOCKED','NORMAL')
alter table member_social modify column member_status  enum ('BAN','LOCKED','NORMAL');
2025-03-18 14:01:26.908 [restartedMain]  INFO p6spy - #1742320886908 | took 8ms | statement | connection 1| url jdbc:mysql://localhost:3306/mymemopetdb?useSSL=false&serverTimezone=UTC&allowPublicKeyRetrieval=true
alter table memory modify column last_modified_date  datetime(6)
alter table memory modify column last_modified_date  datetime(6);
2025-03-18 14:01:26.914 [restartedMain]  INFO p6spy - #1742320886914 | took 6ms | statement | connection 1| url jdbc:mysql://localhost:3306/mymemopetdb?useSSL=false&serverTimezone=UTC&allowPublicKeyRetrieval=true
alter table memory modify column created_date  datetime(6)
alter table memory modify column created_date  datetime(6);
2025-03-18 14:01:26.924 [restartedMain]  INFO p6spy - #1742320886924 | took 9ms | statement | connection 1| url jdbc:mysql://localhost:3306/mymemopetdb?useSSL=false&serverTimezone=UTC&allowPublicKeyRetrieval=true
alter table memory modify column audience  enum ('ALL','FRIEND','ME') not null
alter table memory modify column audience  enum ('ALL','FRIEND','ME') not null;
2025-03-18 14:01:26.931 [restartedMain]  INFO p6spy - #1742320886931 | took 7ms | statement | connection 1| url jdbc:mysql://localhost:3306/mymemopetdb?useSSL=false&serverTimezone=UTC&allowPublicKeyRetrieval=true
alter table memory modify column deleted_date  datetime(6)
alter table memory modify column deleted_date  datetime(6);
2025-03-18 14:01:26.936 [restartedMain]  INFO p6spy - #1742320886936 | took 4ms | statement | connection 1| url jdbc:mysql://localhost:3306/mymemopetdb?useSSL=false&serverTimezone=UTC&allowPublicKeyRetrieval=true
alter table memory_image modify column created_date  datetime(6)
alter table memory_image modify column created_date  datetime(6);
2025-03-18 14:01:26.940 [restartedMain]  INFO p6spy - #1742320886940 | took 3ms | statement | connection 1| url jdbc:mysql://localhost:3306/mymemopetdb?useSSL=false&serverTimezone=UTC&allowPublicKeyRetrieval=true
alter table memory_image modify column deleted_date  datetime(6)
alter table memory_image modify column deleted_date  datetime(6);
2025-03-18 14:01:26.948 [restartedMain]  INFO p6spy - #1742320886948 | took 7ms | statement | connection 1| url jdbc:mysql://localhost:3306/mymemopetdb?useSSL=false&serverTimezone=UTC&allowPublicKeyRetrieval=true
alter table meta modify column last_modified_date  datetime(6)
alter table meta modify column last_modified_date  datetime(6);
2025-03-18 14:01:26.954 [restartedMain]  INFO p6spy - #1742320886954 | took 5ms | statement | connection 1| url jdbc:mysql://localhost:3306/mymemopetdb?useSSL=false&serverTimezone=UTC&allowPublicKeyRetrieval=true
alter table notification modify column last_modified_date  datetime(6)
alter table notification modify column last_modified_date  datetime(6);
2025-03-18 14:01:26.958 [restartedMain]  INFO p6spy - #1742320886958 | took 4ms | statement | connection 1| url jdbc:mysql://localhost:3306/mymemopetdb?useSSL=false&serverTimezone=UTC&allowPublicKeyRetrieval=true
alter table notification modify column created_date  datetime(6)
alter table notification modify column created_date  datetime(6);
2025-03-18 14:01:26.969 [restartedMain]  INFO p6spy - #1742320886969 | took 11ms | statement | connection 1| url jdbc:mysql://localhost:3306/mymemopetdb?useSSL=false&serverTimezone=UTC&allowPublicKeyRetrieval=true
alter table pet modify column last_modified_date  datetime(6)
alter table pet modify column last_modified_date  datetime(6);
2025-03-18 14:01:26.979 [restartedMain]  INFO p6spy - #1742320886979 | took 9ms | statement | connection 1| url jdbc:mysql://localhost:3306/mymemopetdb?useSSL=false&serverTimezone=UTC&allowPublicKeyRetrieval=true
alter table pet modify column created_date  datetime(6)
alter table pet modify column created_date  datetime(6);
2025-03-18 14:01:26.989 [restartedMain]  INFO p6spy - #1742320886989 | took 10ms | statement | connection 1| url jdbc:mysql://localhost:3306/mymemopetdb?useSSL=false&serverTimezone=UTC&allowPublicKeyRetrieval=true
alter table pet modify column deleted_date  datetime(6)
alter table pet modify column deleted_date  datetime(6);
2025-03-18 14:01:27.003 [restartedMain]  INFO p6spy - #1742320887003 | took 13ms | statement | connection 1| url jdbc:mysql://localhost:3306/mymemopetdb?useSSL=false&serverTimezone=UTC&allowPublicKeyRetrieval=true
alter table pet modify column gender  enum ('F','M') not null
alter table pet modify column gender  enum ('F','M') not null;
2025-03-18 14:01:27.016 [restartedMain]  INFO p6spy - #1742320887016 | took 13ms | statement | connection 1| url jdbc:mysql://localhost:3306/mymemopetdb?useSSL=false&serverTimezone=UTC&allowPublicKeyRetrieval=true
alter table pet modify column pet_status  enum ('ACTIVE','DEACTIVE') not null
alter table pet modify column pet_status  enum ('ACTIVE','DEACTIVE') not null;
2025-03-18 14:01:27.022 [restartedMain]  INFO p6spy - #1742320887022 | took 5ms | statement | connection 1| url jdbc:mysql://localhost:3306/mymemopetdb?useSSL=false&serverTimezone=UTC&allowPublicKeyRetrieval=true
alter table recent_search modify column created_date  datetime(6)
alter table recent_search modify column created_date  datetime(6);
2025-03-18 14:01:27.027 [restartedMain]  INFO p6spy - #1742320887027 | took 4ms | statement | connection 1| url jdbc:mysql://localhost:3306/mymemopetdb?useSSL=false&serverTimezone=UTC&allowPublicKeyRetrieval=true
alter table refresh_token modify column expired_at  datetime(6)
alter table refresh_token modify column expired_at  datetime(6);
2025-03-18 14:01:27.033 [restartedMain]  INFO p6spy - #1742320887033 | took 5ms | statement | connection 1| url jdbc:mysql://localhost:3306/mymemopetdb?useSSL=false&serverTimezone=UTC&allowPublicKeyRetrieval=true
alter table report modify column created_date  datetime(6)
alter table report modify column created_date  datetime(6);
2025-03-18 14:01:27.041 [restartedMain]  INFO p6spy - #1742320887041 | took 7ms | statement | connection 1| url jdbc:mysql://localhost:3306/mymemopetdb?useSSL=false&serverTimezone=UTC&allowPublicKeyRetrieval=true
alter table species modify column last_modified_date  datetime(6)
alter table species modify column last_modified_date  datetime(6);
2025-03-18 14:01:27.048 [restartedMain]  INFO p6spy - #1742320887048 | took 6ms | statement | connection 1| url jdbc:mysql://localhost:3306/mymemopetdb?useSSL=false&serverTimezone=UTC&allowPublicKeyRetrieval=true
alter table verification_status_entity modify column expired_at  datetime(6)
alter table verification_status_entity modify column expired_at  datetime(6);
2025-03-18 14:01:27.064 [restartedMain]  INFO p6spy - #1742320887064 | took 4ms | statement | connection 1| url jdbc:mysql://localhost:3306/mymemopetdb?useSSL=false&serverTimezone=UTC&allowPublicKeyRetrieval=true
select * from `mymemopetdb`.`pet` where 1=0
select * from `mymemopetdb`.`pet` where 1=0;
2025-03-18 14:01:27.073 [restartedMain]  INFO p6spy - #1742320887073 | took 1ms | statement | connection 1| url jdbc:mysql://localhost:3306/mymemopetdb?useSSL=false&serverTimezone=UTC&allowPublicKeyRetrieval=true
select * from `mymemopetdb`.`memory` where 1=0
select * from `mymemopetdb`.`memory` where 1=0;
2025-03-18 14:01:27.075 [restartedMain]  INFO p6spy - #1742320887075 | took 0ms | statement | connection 1| url jdbc:mysql://localhost:3306/mymemopetdb?useSSL=false&serverTimezone=UTC&allowPublicKeyRetrieval=true
select * from `mymemopetdb`.`pet` where 1=0
select * from `mymemopetdb`.`pet` where 1=0;
2025-03-18 14:01:27.080 [restartedMain]  INFO p6spy - #1742320887080 | took 0ms | statement | connection 1| url jdbc:mysql://localhost:3306/mymemopetdb?useSSL=false&serverTimezone=UTC&allowPublicKeyRetrieval=true
select * from `mymemopetdb`.`pet` where 1=0
select * from `mymemopetdb`.`pet` where 1=0;
2025-03-18 14:01:27.085 [restartedMain]  INFO p6spy - #1742320887085 | took 0ms | statement | connection 1| url jdbc:mysql://localhost:3306/mymemopetdb?useSSL=false&serverTimezone=UTC&allowPublicKeyRetrieval=true
select * from `mymemopetdb`.`memory` where 1=0
select * from `mymemopetdb`.`memory` where 1=0;
2025-03-18 14:01:27.088 [restartedMain]  INFO p6spy - #1742320887088 | took 0ms | statement | connection 1| url jdbc:mysql://localhost:3306/mymemopetdb?useSSL=false&serverTimezone=UTC&allowPublicKeyRetrieval=true
select * from `mymemopetdb`.`pet` where 1=0
select * from `mymemopetdb`.`pet` where 1=0;
2025-03-18 14:01:27.094 [restartedMain]  INFO p6spy - #1742320887094 | took 0ms | statement | connection 1| url jdbc:mysql://localhost:3306/mymemopetdb?useSSL=false&serverTimezone=UTC&allowPublicKeyRetrieval=true
select * from `mymemopetdb`.`pet` where 1=0
select * from `mymemopetdb`.`pet` where 1=0;
2025-03-18 14:01:27.101 [restartedMain]  INFO p6spy - #1742320887101 | took 0ms | statement | connection 1| url jdbc:mysql://localhost:3306/mymemopetdb?useSSL=false&serverTimezone=UTC&allowPublicKeyRetrieval=true
select * from `mymemopetdb`.`memory` where 1=0
select * from `mymemopetdb`.`memory` where 1=0;
2025-03-18 14:01:27.109 [restartedMain]  INFO p6spy - #1742320887109 | took 0ms | statement | connection 1| url jdbc:mysql://localhost:3306/mymemopetdb?useSSL=false&serverTimezone=UTC&allowPublicKeyRetrieval=true
select * from `mymemopetdb`.`pet` where 1=0
select * from `mymemopetdb`.`pet` where 1=0;
2025-03-18 14:01:27.114 [restartedMain]  INFO p6spy - #1742320887114 | took 0ms | statement | connection 1| url jdbc:mysql://localhost:3306/mymemopetdb?useSSL=false&serverTimezone=UTC&allowPublicKeyRetrieval=true
select * from `mymemopetdb`.`member` where 1=0
select * from `mymemopetdb`.`member` where 1=0;
2025-03-18 14:01:27.116 [restartedMain]  INFO p6spy - #1742320887116 | took 0ms | statement | connection 1| url jdbc:mysql://localhost:3306/mymemopetdb?useSSL=false&serverTimezone=UTC&allowPublicKeyRetrieval=true
select * from `mymemopetdb`.`species` where 1=0
select * from `mymemopetdb`.`species` where 1=0;
2025-03-18 14:01:27.122 [restartedMain]  INFO p6spy - #1742320887122 | took 0ms | statement | connection 1| url jdbc:mysql://localhost:3306/mymemopetdb?useSSL=false&serverTimezone=UTC&allowPublicKeyRetrieval=true
select * from `mymemopetdb`.`pet` where 1=0
select * from `mymemopetdb`.`pet` where 1=0;
2025-03-18 14:01:27.134 [restartedMain]  INFO p6spy - #1742320887134 | took 0ms | statement | connection 1| url jdbc:mysql://localhost:3306/mymemopetdb?useSSL=false&serverTimezone=UTC&allowPublicKeyRetrieval=true
select * from `mymemopetdb`.`member_social` where 1=0
select * from `mymemopetdb`.`member_social` where 1=0;
2025-03-18 14:01:37.692 [org.springframework.amqp.rabbit.RabbitListenerEndpointContainer#1-1]  INFO p6spy - #1742320897692 | took 1ms | commit | connection 3| url jdbc:mysql://localhost:3306/mymemopetdb?useSSL=false&serverTimezone=UTC&allowPublicKeyRetrieval=true

;
2025-03-18 14:01:49.037 [restartedMain]  INFO p6spy - #1742320909037 | took 16ms | statement | connection 1| url jdbc:mysql://localhost:3306/mymemopetdb?useSSL=false&serverTimezone=UTC&allowPublicKeyRetrieval=true
alter table access_log modify column request_at  datetime(6)
alter table access_log modify column request_at  datetime(6);
2025-03-18 14:01:49.042 [restartedMain]  INFO p6spy - #1742320909042 | took 4ms | statement | connection 1| url jdbc:mysql://localhost:3306/mymemopetdb?useSSL=false&serverTimezone=UTC&allowPublicKeyRetrieval=true
alter table access_log modify column response_at  datetime(6)
alter table access_log modify column response_at  datetime(6);
2025-03-18 14:01:49.051 [restartedMain]  INFO p6spy - #1742320909051 | took 8ms | statement | connection 1| url jdbc:mysql://localhost:3306/mymemopetdb?useSSL=false&serverTimezone=UTC&allowPublicKeyRetrieval=true
alter table audit modify column created_date  datetime(6)
alter table audit modify column created_date  datetime(6);
2025-03-18 14:01:49.060 [restartedMain]  INFO p6spy - #1742320909060 | took 8ms | statement | connection 1| url jdbc:mysql://localhost:3306/mymemopetdb?useSSL=false&serverTimezone=UTC&allowPublicKeyRetrieval=true
alter table blocked modify column created_date  datetime(6) not null
alter table blocked modify column created_date  datetime(6) not null;
2025-03-18 14:01:49.075 [restartedMain]  INFO p6spy - #1742320909075 | took 15ms | statement | connection 1| url jdbc:mysql://localhost:3306/mymemopetdb?useSSL=false&serverTimezone=UTC&allowPublicKeyRetrieval=true
alter table comment modify column last_modified_date  datetime(6)
alter table comment modify column last_modified_date  datetime(6);
2025-03-18 14:01:49.081 [restartedMain]  INFO p6spy - #1742320909081 | took 5ms | statement | connection 1| url jdbc:mysql://localhost:3306/mymemopetdb?useSSL=false&serverTimezone=UTC&allowPublicKeyRetrieval=true
alter table comment modify column created_date  datetime(6)
alter table comment modify column created_date  datetime(6);
2025-03-18 14:01:49.087 [restartedMain]  INFO p6spy - #1742320909087 | took 5ms | statement | connection 1| url jdbc:mysql://localhost:3306/mymemopetdb?useSSL=false&serverTimezone=UTC&allowPublicKeyRetrieval=true
alter table comment modify column comment_group  enum ('LAST_WORD','MEMORY_COMMENT') not null
alter table comment modify column comment_group  enum ('LAST_WORD','MEMORY_COMMENT') not null;
2025-03-18 14:01:49.095 [restartedMain]  INFO p6spy - #1742320909095 | took 7ms | statement | connection 1| url jdbc:mysql://localhost:3306/mymemopetdb?useSSL=false&serverTimezone=UTC&allowPublicKeyRetrieval=true
alter table comment modify column deleted_date  datetime(6)
alter table comment modify column deleted_date  datetime(6);
2025-03-18 14:01:49.100 [restartedMain]  INFO p6spy - #1742320909100 | took 5ms | statement | connection 1| url jdbc:mysql://localhost:3306/mymemopetdb?useSSL=false&serverTimezone=UTC&allowPublicKeyRetrieval=true
alter table follow modify column last_modified_date  datetime(6)
alter table follow modify column last_modified_date  datetime(6);
2025-03-18 14:01:49.105 [restartedMain]  INFO p6spy - #1742320909105 | took 5ms | statement | connection 1| url jdbc:mysql://localhost:3306/mymemopetdb?useSSL=false&serverTimezone=UTC&allowPublicKeyRetrieval=true
alter table follow modify column created_date  datetime(6)
alter table follow modify column created_date  datetime(6);
2025-03-18 14:01:49.112 [restartedMain]  INFO p6spy - #1742320909112 | took 5ms | statement | connection 1| url jdbc:mysql://localhost:3306/mymemopetdb?useSSL=false&serverTimezone=UTC&allowPublicKeyRetrieval=true
alter table likes modify column created_date  datetime(6)
alter table likes modify column created_date  datetime(6);
2025-03-18 14:01:49.120 [restartedMain]  INFO p6spy - #1742320909120 | took 7ms | statement | connection 1| url jdbc:mysql://localhost:3306/mymemopetdb?useSSL=false&serverTimezone=UTC&allowPublicKeyRetrieval=true
alter table member modify column last_modified_date  datetime(6)
alter table member modify column last_modified_date  datetime(6);
2025-03-18 14:01:49.126 [restartedMain]  INFO p6spy - #1742320909126 | took 5ms | statement | connection 1| url jdbc:mysql://localhost:3306/mymemopetdb?useSSL=false&serverTimezone=UTC&allowPublicKeyRetrieval=true
alter table member modify column created_date  datetime(6)
alter table member modify column created_date  datetime(6);
2025-03-18 14:01:49.134 [restartedMain]  INFO p6spy - #1742320909134 | took 8ms | statement | connection 1| url jdbc:mysql://localhost:3306/mymemopetdb?useSSL=false&serverTimezone=UTC&allowPublicKeyRetrieval=true
alter table member modify column agree_date  datetime(6) not null
alter table member modify column agree_date  datetime(6) not null;
2025-03-18 14:01:49.142 [restartedMain]  INFO p6spy - #1742320909142 | took 7ms | statement | connection 1| url jdbc:mysql://localhost:3306/mymemopetdb?useSSL=false&serverTimezone=UTC&allowPublicKeyRetrieval=true
alter table member modify column deleted_date  datetime(6)
alter table member modify column deleted_date  datetime(6);
2025-03-18 14:01:49.155 [restartedMain]  INFO p6spy - #1742320909155 | took 13ms | statement | connection 1| url jdbc:mysql://localhost:3306/mymemopetdb?useSSL=false&serverTimezone=UTC&allowPublicKeyRetrieval=true
alter table member_social modify column last_modified_date  datetime(6)
alter table member_social modify column last_modified_date  datetime(6);
2025-03-18 14:01:49.162 [restartedMain]  INFO p6spy - #1742320909162 | took 6ms | statement | connection 1| url jdbc:mysql://localhost:3306/mymemopetdb?useSSL=false&serverTimezone=UTC&allowPublicKeyRetrieval=true
alter table member_social modify column created_date  datetime(6)
alter table member_social modify column created_date  datetime(6);
2025-03-18 14:01:49.169 [restartedMain]  INFO p6spy - #1742320909169 | took 7ms | statement | connection 1| url jdbc:mysql://localhost:3306/mymemopetdb?useSSL=false&serverTimezone=UTC&allowPublicKeyRetrieval=true
alter table member_social modify column deleted_date  datetime(6)
alter table member_social modify column deleted_date  datetime(6);
2025-03-18 14:01:49.176 [restartedMain]  INFO p6spy - #1742320909176 | took 6ms | statement | connection 1| url jdbc:mysql://localhost:3306/mymemopetdb?useSSL=false&serverTimezone=UTC&allowPublicKeyRetrieval=true
alter table member_social modify column last_login_date  datetime(6)
alter table member_social modify column last_login_date  datetime(6);
2025-03-18 14:01:49.183 [restartedMain]  INFO p6spy - #1742320909183 | took 6ms | statement | connection 1| url jdbc:mysql://localhost:3306/mymemopetdb?useSSL=false&serverTimezone=UTC&allowPublicKeyRetrieval=true
alter table member_social modify column member_status  enum ('BAN','LOCKED','NORMAL')
alter table member_social modify column member_status  enum ('BAN','LOCKED','NORMAL');
2025-03-18 14:01:49.192 [restartedMain]  INFO p6spy - #1742320909192 | took 8ms | statement | connection 1| url jdbc:mysql://localhost:3306/mymemopetdb?useSSL=false&serverTimezone=UTC&allowPublicKeyRetrieval=true
alter table memory modify column last_modified_date  datetime(6)
alter table memory modify column last_modified_date  datetime(6);
2025-03-18 14:01:49.201 [restartedMain]  INFO p6spy - #1742320909201 | took 8ms | statement | connection 1| url jdbc:mysql://localhost:3306/mymemopetdb?useSSL=false&serverTimezone=UTC&allowPublicKeyRetrieval=true
alter table memory modify column created_date  datetime(6)
alter table memory modify column created_date  datetime(6);
2025-03-18 14:01:49.208 [restartedMain]  INFO p6spy - #1742320909208 | took 6ms | statement | connection 1| url jdbc:mysql://localhost:3306/mymemopetdb?useSSL=false&serverTimezone=UTC&allowPublicKeyRetrieval=true
alter table memory modify column audience  enum ('ALL','FRIEND','ME') not null
alter table memory modify column audience  enum ('ALL','FRIEND','ME') not null;
2025-03-18 14:01:49.215 [restartedMain]  INFO p6spy - #1742320909215 | took 6ms | statement | connection 1| url jdbc:mysql://localhost:3306/mymemopetdb?useSSL=false&serverTimezone=UTC&allowPublicKeyRetrieval=true
alter table memory modify column deleted_date  datetime(6)
alter table memory modify column deleted_date  datetime(6);
2025-03-18 14:01:49.221 [restartedMain]  INFO p6spy - #1742320909221 | took 5ms | statement | connection 1| url jdbc:mysql://localhost:3306/mymemopetdb?useSSL=false&serverTimezone=UTC&allowPublicKeyRetrieval=true
alter table memory_image modify column created_date  datetime(6)
alter table memory_image modify column created_date  datetime(6);
2025-03-18 14:01:49.226 [restartedMain]  INFO p6spy - #1742320909226 | took 5ms | statement | connection 1| url jdbc:mysql://localhost:3306/mymemopetdb?useSSL=false&serverTimezone=UTC&allowPublicKeyRetrieval=true
alter table memory_image modify column deleted_date  datetime(6)
alter table memory_image modify column deleted_date  datetime(6);
2025-03-18 14:01:49.230 [restartedMain]  INFO p6spy - #1742320909230 | took 3ms | statement | connection 1| url jdbc:mysql://localhost:3306/mymemopetdb?useSSL=false&serverTimezone=UTC&allowPublicKeyRetrieval=true
alter table meta modify column last_modified_date  datetime(6)
alter table meta modify column last_modified_date  datetime(6);
2025-03-18 14:01:49.235 [restartedMain]  INFO p6spy - #1742320909235 | took 5ms | statement | connection 1| url jdbc:mysql://localhost:3306/mymemopetdb?useSSL=false&serverTimezone=UTC&allowPublicKeyRetrieval=true
alter table notification modify column last_modified_date  datetime(6)
alter table notification modify column last_modified_date  datetime(6);
2025-03-18 14:01:49.240 [restartedMain]  INFO p6spy - #1742320909240 | took 4ms | statement | connection 1| url jdbc:mysql://localhost:3306/mymemopetdb?useSSL=false&serverTimezone=UTC&allowPublicKeyRetrieval=true
alter table notification modify column created_date  datetime(6)
alter table notification modify column created_date  datetime(6);
2025-03-18 14:01:49.251 [restartedMain]  INFO p6spy - #1742320909251 | took 11ms | statement | connection 1| url jdbc:mysql://localhost:3306/mymemopetdb?useSSL=false&serverTimezone=UTC&allowPublicKeyRetrieval=true
alter table pet modify column last_modified_date  datetime(6)
alter table pet modify column last_modified_date  datetime(6);
2025-03-18 14:01:49.261 [restartedMain]  INFO p6spy - #1742320909261 | took 9ms | statement | connection 1| url jdbc:mysql://localhost:3306/mymemopetdb?useSSL=false&serverTimezone=UTC&allowPublicKeyRetrieval=true
alter table pet modify column created_date  datetime(6)
alter table pet modify column created_date  datetime(6);
2025-03-18 14:01:49.271 [restartedMain]  INFO p6spy - #1742320909271 | took 10ms | statement | connection 1| url jdbc:mysql://localhost:3306/mymemopetdb?useSSL=false&serverTimezone=UTC&allowPublicKeyRetrieval=true
alter table pet modify column deleted_date  datetime(6)
alter table pet modify column deleted_date  datetime(6);
2025-03-18 14:01:49.280 [restartedMain]  INFO p6spy - #1742320909280 | took 8ms | statement | connection 1| url jdbc:mysql://localhost:3306/mymemopetdb?useSSL=false&serverTimezone=UTC&allowPublicKeyRetrieval=true
alter table pet modify column gender  enum ('F','M') not null
alter table pet modify column gender  enum ('F','M') not null;
2025-03-18 14:01:49.293 [restartedMain]  INFO p6spy - #1742320909292 | took 12ms | statement | connection 1| url jdbc:mysql://localhost:3306/mymemopetdb?useSSL=false&serverTimezone=UTC&allowPublicKeyRetrieval=true
alter table pet modify column pet_status  enum ('ACTIVE','DEACTIVE') not null
alter table pet modify column pet_status  enum ('ACTIVE','DEACTIVE') not null;
2025-03-18 14:01:49.297 [restartedMain]  INFO p6spy - #1742320909297 | took 4ms | statement | connection 1| url jdbc:mysql://localhost:3306/mymemopetdb?useSSL=false&serverTimezone=UTC&allowPublicKeyRetrieval=true
alter table recent_search modify column created_date  datetime(6)
alter table recent_search modify column created_date  datetime(6);
2025-03-18 14:01:49.302 [restartedMain]  INFO p6spy - #1742320909302 | took 4ms | statement | connection 1| url jdbc:mysql://localhost:3306/mymemopetdb?useSSL=false&serverTimezone=UTC&allowPublicKeyRetrieval=true
alter table refresh_token modify column expired_at  datetime(6)
alter table refresh_token modify column expired_at  datetime(6);
2025-03-18 14:01:49.306 [restartedMain]  INFO p6spy - #1742320909306 | took 3ms | statement | connection 1| url jdbc:mysql://localhost:3306/mymemopetdb?useSSL=false&serverTimezone=UTC&allowPublicKeyRetrieval=true
alter table report modify column created_date  datetime(6)
alter table report modify column created_date  datetime(6);
2025-03-18 14:01:49.311 [restartedMain]  INFO p6spy - #1742320909311 | took 4ms | statement | connection 1| url jdbc:mysql://localhost:3306/mymemopetdb?useSSL=false&serverTimezone=UTC&allowPublicKeyRetrieval=true
alter table species modify column last_modified_date  datetime(6)
alter table species modify column last_modified_date  datetime(6);
2025-03-18 14:01:49.314 [restartedMain]  INFO p6spy - #1742320909314 | took 3ms | statement | connection 1| url jdbc:mysql://localhost:3306/mymemopetdb?useSSL=false&serverTimezone=UTC&allowPublicKeyRetrieval=true
alter table verification_status_entity modify column expired_at  datetime(6)
alter table verification_status_entity modify column expired_at  datetime(6);
2025-03-18 14:01:49.328 [restartedMain]  INFO p6spy - #1742320909328 | took 2ms | statement | connection 1| url jdbc:mysql://localhost:3306/mymemopetdb?useSSL=false&serverTimezone=UTC&allowPublicKeyRetrieval=true
select * from `mymemopetdb`.`pet` where 1=0
select * from `mymemopetdb`.`pet` where 1=0;
2025-03-18 14:01:49.336 [restartedMain]  INFO p6spy - #1742320909336 | took 1ms | statement | connection 1| url jdbc:mysql://localhost:3306/mymemopetdb?useSSL=false&serverTimezone=UTC&allowPublicKeyRetrieval=true
select * from `mymemopetdb`.`memory` where 1=0
select * from `mymemopetdb`.`memory` where 1=0;
2025-03-18 14:01:49.338 [restartedMain]  INFO p6spy - #1742320909338 | took 0ms | statement | connection 1| url jdbc:mysql://localhost:3306/mymemopetdb?useSSL=false&serverTimezone=UTC&allowPublicKeyRetrieval=true
select * from `mymemopetdb`.`pet` where 1=0
select * from `mymemopetdb`.`pet` where 1=0;
2025-03-18 14:01:49.343 [restartedMain]  INFO p6spy - #1742320909343 | took 0ms | statement | connection 1| url jdbc:mysql://localhost:3306/mymemopetdb?useSSL=false&serverTimezone=UTC&allowPublicKeyRetrieval=true
select * from `mymemopetdb`.`pet` where 1=0
select * from `mymemopetdb`.`pet` where 1=0;
2025-03-18 14:01:49.347 [restartedMain]  INFO p6spy - #1742320909347 | took 0ms | statement | connection 1| url jdbc:mysql://localhost:3306/mymemopetdb?useSSL=false&serverTimezone=UTC&allowPublicKeyRetrieval=true
select * from `mymemopetdb`.`memory` where 1=0
select * from `mymemopetdb`.`memory` where 1=0;
2025-03-18 14:01:49.349 [restartedMain]  INFO p6spy - #1742320909349 | took 0ms | statement | connection 1| url jdbc:mysql://localhost:3306/mymemopetdb?useSSL=false&serverTimezone=UTC&allowPublicKeyRetrieval=true
select * from `mymemopetdb`.`pet` where 1=0
select * from `mymemopetdb`.`pet` where 1=0;
2025-03-18 14:01:49.353 [restartedMain]  INFO p6spy - #1742320909353 | took 0ms | statement | connection 1| url jdbc:mysql://localhost:3306/mymemopetdb?useSSL=false&serverTimezone=UTC&allowPublicKeyRetrieval=true
select * from `mymemopetdb`.`pet` where 1=0
select * from `mymemopetdb`.`pet` where 1=0;
2025-03-18 14:01:49.358 [restartedMain]  INFO p6spy - #1742320909358 | took 0ms | statement | connection 1| url jdbc:mysql://localhost:3306/mymemopetdb?useSSL=false&serverTimezone=UTC&allowPublicKeyRetrieval=true
select * from `mymemopetdb`.`memory` where 1=0
select * from `mymemopetdb`.`memory` where 1=0;
2025-03-18 14:01:49.363 [restartedMain]  INFO p6spy - #1742320909363 | took 0ms | statement | connection 1| url jdbc:mysql://localhost:3306/mymemopetdb?useSSL=false&serverTimezone=UTC&allowPublicKeyRetrieval=true
select * from `mymemopetdb`.`pet` where 1=0
select * from `mymemopetdb`.`pet` where 1=0;
2025-03-18 14:01:49.368 [restartedMain]  INFO p6spy - #1742320909368 | took 0ms | statement | connection 1| url jdbc:mysql://localhost:3306/mymemopetdb?useSSL=false&serverTimezone=UTC&allowPublicKeyRetrieval=true
select * from `mymemopetdb`.`member` where 1=0
select * from `mymemopetdb`.`member` where 1=0;
2025-03-18 14:01:49.370 [restartedMain]  INFO p6spy - #1742320909370 | took 0ms | statement | connection 1| url jdbc:mysql://localhost:3306/mymemopetdb?useSSL=false&serverTimezone=UTC&allowPublicKeyRetrieval=true
select * from `mymemopetdb`.`species` where 1=0
select * from `mymemopetdb`.`species` where 1=0;
2025-03-18 14:01:49.375 [restartedMain]  INFO p6spy - #1742320909375 | took 0ms | statement | connection 1| url jdbc:mysql://localhost:3306/mymemopetdb?useSSL=false&serverTimezone=UTC&allowPublicKeyRetrieval=true
select * from `mymemopetdb`.`pet` where 1=0
select * from `mymemopetdb`.`pet` where 1=0;
2025-03-18 14:01:49.386 [restartedMain]  INFO p6spy - #1742320909386 | took 0ms | statement | connection 1| url jdbc:mysql://localhost:3306/mymemopetdb?useSSL=false&serverTimezone=UTC&allowPublicKeyRetrieval=true
select * from `mymemopetdb`.`member_social` where 1=0
select * from `mymemopetdb`.`member_social` where 1=0;
2025-03-18 14:27:51.322 [Test worker]  INFO p6spy - #1742322471322 | took 14ms | statement | connection 1| url jdbc:mysql://localhost:3306/mymemopetdb?useSSL=false&serverTimezone=UTC&allowPublicKeyRetrieval=true
alter table access_log modify column request_at  datetime(6)
alter table access_log modify column request_at  datetime(6);
2025-03-18 14:27:51.327 [Test worker]  INFO p6spy - #1742322471327 | took 4ms | statement | connection 1| url jdbc:mysql://localhost:3306/mymemopetdb?useSSL=false&serverTimezone=UTC&allowPublicKeyRetrieval=true
alter table access_log modify column response_at  datetime(6)
alter table access_log modify column response_at  datetime(6);
2025-03-18 14:27:51.331 [Test worker]  INFO p6spy - #1742322471331 | took 3ms | statement | connection 1| url jdbc:mysql://localhost:3306/mymemopetdb?useSSL=false&serverTimezone=UTC&allowPublicKeyRetrieval=true
alter table audit modify column created_date  datetime(6)
alter table audit modify column created_date  datetime(6);
2025-03-18 14:27:51.336 [Test worker]  INFO p6spy - #1742322471336 | took 4ms | statement | connection 1| url jdbc:mysql://localhost:3306/mymemopetdb?useSSL=false&serverTimezone=UTC&allowPublicKeyRetrieval=true
alter table blocked modify column created_date  datetime(6) not null
alter table blocked modify column created_date  datetime(6) not null;
2025-03-18 14:27:51.341 [Test worker]  INFO p6spy - #1742322471341 | took 4ms | statement | connection 1| url jdbc:mysql://localhost:3306/mymemopetdb?useSSL=false&serverTimezone=UTC&allowPublicKeyRetrieval=true
alter table comment modify column last_modified_date  datetime(6)
alter table comment modify column last_modified_date  datetime(6);
2025-03-18 14:27:51.345 [Test worker]  INFO p6spy - #1742322471345 | took 4ms | statement | connection 1| url jdbc:mysql://localhost:3306/mymemopetdb?useSSL=false&serverTimezone=UTC&allowPublicKeyRetrieval=true
alter table comment modify column created_date  datetime(6)
alter table comment modify column created_date  datetime(6);
2025-03-18 14:27:51.349 [Test worker]  INFO p6spy - #1742322471349 | took 4ms | statement | connection 1| url jdbc:mysql://localhost:3306/mymemopetdb?useSSL=false&serverTimezone=UTC&allowPublicKeyRetrieval=true
alter table comment modify column comment_group  enum ('LAST_WORD','MEMORY_COMMENT') not null
alter table comment modify column comment_group  enum ('LAST_WORD','MEMORY_COMMENT') not null;
2025-03-18 14:27:51.353 [Test worker]  INFO p6spy - #1742322471353 | took 3ms | statement | connection 1| url jdbc:mysql://localhost:3306/mymemopetdb?useSSL=false&serverTimezone=UTC&allowPublicKeyRetrieval=true
alter table comment modify column deleted_date  datetime(6)
alter table comment modify column deleted_date  datetime(6);
2025-03-18 14:27:51.357 [Test worker]  INFO p6spy - #1742322471357 | took 3ms | statement | connection 1| url jdbc:mysql://localhost:3306/mymemopetdb?useSSL=false&serverTimezone=UTC&allowPublicKeyRetrieval=true
alter table follow modify column last_modified_date  datetime(6)
alter table follow modify column last_modified_date  datetime(6);
2025-03-18 14:27:51.361 [Test worker]  INFO p6spy - #1742322471361 | took 3ms | statement | connection 1| url jdbc:mysql://localhost:3306/mymemopetdb?useSSL=false&serverTimezone=UTC&allowPublicKeyRetrieval=true
alter table follow modify column created_date  datetime(6)
alter table follow modify column created_date  datetime(6);
2025-03-18 14:27:51.365 [Test worker]  INFO p6spy - #1742322471365 | took 4ms | statement | connection 1| url jdbc:mysql://localhost:3306/mymemopetdb?useSSL=false&serverTimezone=UTC&allowPublicKeyRetrieval=true
alter table likes modify column created_date  datetime(6)
alter table likes modify column created_date  datetime(6);
2025-03-18 14:27:51.372 [Test worker]  INFO p6spy - #1742322471372 | took 6ms | statement | connection 1| url jdbc:mysql://localhost:3306/mymemopetdb?useSSL=false&serverTimezone=UTC&allowPublicKeyRetrieval=true
alter table member modify column last_modified_date  datetime(6)
alter table member modify column last_modified_date  datetime(6);
2025-03-18 14:27:51.377 [Test worker]  INFO p6spy - #1742322471377 | took 5ms | statement | connection 1| url jdbc:mysql://localhost:3306/mymemopetdb?useSSL=false&serverTimezone=UTC&allowPublicKeyRetrieval=true
alter table member modify column created_date  datetime(6)
alter table member modify column created_date  datetime(6);
2025-03-18 14:27:51.382 [Test worker]  INFO p6spy - #1742322471382 | took 4ms | statement | connection 1| url jdbc:mysql://localhost:3306/mymemopetdb?useSSL=false&serverTimezone=UTC&allowPublicKeyRetrieval=true
alter table member modify column agree_date  datetime(6) not null
alter table member modify column agree_date  datetime(6) not null;
2025-03-18 14:27:51.388 [Test worker]  INFO p6spy - #1742322471388 | took 5ms | statement | connection 1| url jdbc:mysql://localhost:3306/mymemopetdb?useSSL=false&serverTimezone=UTC&allowPublicKeyRetrieval=true
alter table member modify column deleted_date  datetime(6)
alter table member modify column deleted_date  datetime(6);
2025-03-18 14:27:51.394 [Test worker]  INFO p6spy - #1742322471394 | took 5ms | statement | connection 1| url jdbc:mysql://localhost:3306/mymemopetdb?useSSL=false&serverTimezone=UTC&allowPublicKeyRetrieval=true
alter table member_social modify column last_modified_date  datetime(6)
alter table member_social modify column last_modified_date  datetime(6);
2025-03-18 14:27:51.399 [Test worker]  INFO p6spy - #1742322471399 | took 5ms | statement | connection 1| url jdbc:mysql://localhost:3306/mymemopetdb?useSSL=false&serverTimezone=UTC&allowPublicKeyRetrieval=true
alter table member_social modify column created_date  datetime(6)
alter table member_social modify column created_date  datetime(6);
2025-03-18 14:27:51.404 [Test worker]  INFO p6spy - #1742322471404 | took 5ms | statement | connection 1| url jdbc:mysql://localhost:3306/mymemopetdb?useSSL=false&serverTimezone=UTC&allowPublicKeyRetrieval=true
alter table member_social modify column deleted_date  datetime(6)
alter table member_social modify column deleted_date  datetime(6);
2025-03-18 14:27:51.410 [Test worker]  INFO p6spy - #1742322471410 | took 5ms | statement | connection 1| url jdbc:mysql://localhost:3306/mymemopetdb?useSSL=false&serverTimezone=UTC&allowPublicKeyRetrieval=true
alter table member_social modify column last_login_date  datetime(6)
alter table member_social modify column last_login_date  datetime(6);
2025-03-18 14:27:51.421 [Test worker]  INFO p6spy - #1742322471421 | took 11ms | statement | connection 1| url jdbc:mysql://localhost:3306/mymemopetdb?useSSL=false&serverTimezone=UTC&allowPublicKeyRetrieval=true
alter table member_social modify column member_status  enum ('BAN','LOCKED','NORMAL')
alter table member_social modify column member_status  enum ('BAN','LOCKED','NORMAL');
2025-03-18 14:27:51.429 [Test worker]  INFO p6spy - #1742322471429 | took 7ms | statement | connection 1| url jdbc:mysql://localhost:3306/mymemopetdb?useSSL=false&serverTimezone=UTC&allowPublicKeyRetrieval=true
alter table memory modify column last_modified_date  datetime(6)
alter table memory modify column last_modified_date  datetime(6);
2025-03-18 14:27:51.436 [Test worker]  INFO p6spy - #1742322471436 | took 6ms | statement | connection 1| url jdbc:mysql://localhost:3306/mymemopetdb?useSSL=false&serverTimezone=UTC&allowPublicKeyRetrieval=true
alter table memory modify column created_date  datetime(6)
alter table memory modify column created_date  datetime(6);
2025-03-18 14:27:51.442 [Test worker]  INFO p6spy - #1742322471442 | took 6ms | statement | connection 1| url jdbc:mysql://localhost:3306/mymemopetdb?useSSL=false&serverTimezone=UTC&allowPublicKeyRetrieval=true
alter table memory modify column audience  enum ('ALL','FRIEND','ME') not null
alter table memory modify column audience  enum ('ALL','FRIEND','ME') not null;
2025-03-18 14:27:51.447 [Test worker]  INFO p6spy - #1742322471447 | took 4ms | statement | connection 1| url jdbc:mysql://localhost:3306/mymemopetdb?useSSL=false&serverTimezone=UTC&allowPublicKeyRetrieval=true
alter table memory modify column deleted_date  datetime(6)
alter table memory modify column deleted_date  datetime(6);
2025-03-18 14:27:51.451 [Test worker]  INFO p6spy - #1742322471451 | took 3ms | statement | connection 1| url jdbc:mysql://localhost:3306/mymemopetdb?useSSL=false&serverTimezone=UTC&allowPublicKeyRetrieval=true
alter table memory_image modify column created_date  datetime(6)
alter table memory_image modify column created_date  datetime(6);
2025-03-18 14:27:51.455 [Test worker]  INFO p6spy - #1742322471455 | took 4ms | statement | connection 1| url jdbc:mysql://localhost:3306/mymemopetdb?useSSL=false&serverTimezone=UTC&allowPublicKeyRetrieval=true
alter table memory_image modify column deleted_date  datetime(6)
alter table memory_image modify column deleted_date  datetime(6);
2025-03-18 14:27:51.460 [Test worker]  INFO p6spy - #1742322471460 | took 4ms | statement | connection 1| url jdbc:mysql://localhost:3306/mymemopetdb?useSSL=false&serverTimezone=UTC&allowPublicKeyRetrieval=true
alter table meta modify column last_modified_date  datetime(6)
alter table meta modify column last_modified_date  datetime(6);
2025-03-18 14:27:51.465 [Test worker]  INFO p6spy - #1742322471465 | took 4ms | statement | connection 1| url jdbc:mysql://localhost:3306/mymemopetdb?useSSL=false&serverTimezone=UTC&allowPublicKeyRetrieval=true
alter table notification modify column last_modified_date  datetime(6)
alter table notification modify column last_modified_date  datetime(6);
2025-03-18 14:27:51.468 [Test worker]  INFO p6spy - #1742322471468 | took 3ms | statement | connection 1| url jdbc:mysql://localhost:3306/mymemopetdb?useSSL=false&serverTimezone=UTC&allowPublicKeyRetrieval=true
alter table notification modify column created_date  datetime(6)
alter table notification modify column created_date  datetime(6);
2025-03-18 14:27:51.477 [Test worker]  INFO p6spy - #1742322471477 | took 8ms | statement | connection 1| url jdbc:mysql://localhost:3306/mymemopetdb?useSSL=false&serverTimezone=UTC&allowPublicKeyRetrieval=true
alter table pet modify column last_modified_date  datetime(6)
alter table pet modify column last_modified_date  datetime(6);
2025-03-18 14:27:51.487 [Test worker]  INFO p6spy - #1742322471487 | took 9ms | statement | connection 1| url jdbc:mysql://localhost:3306/mymemopetdb?useSSL=false&serverTimezone=UTC&allowPublicKeyRetrieval=true
alter table pet modify column created_date  datetime(6)
alter table pet modify column created_date  datetime(6);
2025-03-18 14:27:51.495 [Test worker]  INFO p6spy - #1742322471495 | took 8ms | statement | connection 1| url jdbc:mysql://localhost:3306/mymemopetdb?useSSL=false&serverTimezone=UTC&allowPublicKeyRetrieval=true
alter table pet modify column deleted_date  datetime(6)
alter table pet modify column deleted_date  datetime(6);
2025-03-18 14:27:51.505 [Test worker]  INFO p6spy - #1742322471505 | took 9ms | statement | connection 1| url jdbc:mysql://localhost:3306/mymemopetdb?useSSL=false&serverTimezone=UTC&allowPublicKeyRetrieval=true
alter table pet modify column gender  enum ('F','M') not null
alter table pet modify column gender  enum ('F','M') not null;
2025-03-18 14:27:51.515 [Test worker]  INFO p6spy - #1742322471515 | took 9ms | statement | connection 1| url jdbc:mysql://localhost:3306/mymemopetdb?useSSL=false&serverTimezone=UTC&allowPublicKeyRetrieval=true
alter table pet modify column pet_status  enum ('ACTIVE','DEACTIVE') not null
alter table pet modify column pet_status  enum ('ACTIVE','DEACTIVE') not null;
2025-03-18 14:27:51.519 [Test worker]  INFO p6spy - #1742322471519 | took 4ms | statement | connection 1| url jdbc:mysql://localhost:3306/mymemopetdb?useSSL=false&serverTimezone=UTC&allowPublicKeyRetrieval=true
alter table recent_search modify column created_date  datetime(6)
alter table recent_search modify column created_date  datetime(6);
2025-03-18 14:27:51.523 [Test worker]  INFO p6spy - #1742322471523 | took 3ms | statement | connection 1| url jdbc:mysql://localhost:3306/mymemopetdb?useSSL=false&serverTimezone=UTC&allowPublicKeyRetrieval=true
alter table refresh_token modify column expired_at  datetime(6)
alter table refresh_token modify column expired_at  datetime(6);
2025-03-18 14:27:51.527 [Test worker]  INFO p6spy - #1742322471527 | took 3ms | statement | connection 1| url jdbc:mysql://localhost:3306/mymemopetdb?useSSL=false&serverTimezone=UTC&allowPublicKeyRetrieval=true
alter table report modify column created_date  datetime(6)
alter table report modify column created_date  datetime(6);
2025-03-18 14:27:51.531 [Test worker]  INFO p6spy - #1742322471531 | took 4ms | statement | connection 1| url jdbc:mysql://localhost:3306/mymemopetdb?useSSL=false&serverTimezone=UTC&allowPublicKeyRetrieval=true
alter table species modify column last_modified_date  datetime(6)
alter table species modify column last_modified_date  datetime(6);
2025-03-18 14:27:51.535 [Test worker]  INFO p6spy - #1742322471535 | took 3ms | statement | connection 1| url jdbc:mysql://localhost:3306/mymemopetdb?useSSL=false&serverTimezone=UTC&allowPublicKeyRetrieval=true
alter table verification_status_entity modify column expired_at  datetime(6)
alter table verification_status_entity modify column expired_at  datetime(6);
2025-03-18 14:27:51.546 [Test worker]  INFO p6spy - #1742322471546 | took 2ms | statement | connection 1| url jdbc:mysql://localhost:3306/mymemopetdb?useSSL=false&serverTimezone=UTC&allowPublicKeyRetrieval=true
select * from `mymemopetdb`.`pet` where 1=0
select * from `mymemopetdb`.`pet` where 1=0;
2025-03-18 14:27:51.552 [Test worker]  INFO p6spy - #1742322471552 | took 0ms | statement | connection 1| url jdbc:mysql://localhost:3306/mymemopetdb?useSSL=false&serverTimezone=UTC&allowPublicKeyRetrieval=true
select * from `mymemopetdb`.`memory` where 1=0
select * from `mymemopetdb`.`memory` where 1=0;
2025-03-18 14:27:51.554 [Test worker]  INFO p6spy - #1742322471554 | took 0ms | statement | connection 1| url jdbc:mysql://localhost:3306/mymemopetdb?useSSL=false&serverTimezone=UTC&allowPublicKeyRetrieval=true
select * from `mymemopetdb`.`pet` where 1=0
select * from `mymemopetdb`.`pet` where 1=0;
2025-03-18 14:27:51.558 [Test worker]  INFO p6spy - #1742322471558 | took 0ms | statement | connection 1| url jdbc:mysql://localhost:3306/mymemopetdb?useSSL=false&serverTimezone=UTC&allowPublicKeyRetrieval=true
select * from `mymemopetdb`.`pet` where 1=0
select * from `mymemopetdb`.`pet` where 1=0;
2025-03-18 14:27:51.563 [Test worker]  INFO p6spy - #1742322471563 | took 0ms | statement | connection 1| url jdbc:mysql://localhost:3306/mymemopetdb?useSSL=false&serverTimezone=UTC&allowPublicKeyRetrieval=true
select * from `mymemopetdb`.`memory` where 1=0
select * from `mymemopetdb`.`memory` where 1=0;
2025-03-18 14:27:51.565 [Test worker]  INFO p6spy - #1742322471565 | took 0ms | statement | connection 1| url jdbc:mysql://localhost:3306/mymemopetdb?useSSL=false&serverTimezone=UTC&allowPublicKeyRetrieval=true
select * from `mymemopetdb`.`pet` where 1=0
select * from `mymemopetdb`.`pet` where 1=0;
2025-03-18 14:27:51.569 [Test worker]  INFO p6spy - #1742322471569 | took 0ms | statement | connection 1| url jdbc:mysql://localhost:3306/mymemopetdb?useSSL=false&serverTimezone=UTC&allowPublicKeyRetrieval=true
select * from `mymemopetdb`.`pet` where 1=0
select * from `mymemopetdb`.`pet` where 1=0;
2025-03-18 14:27:51.573 [Test worker]  INFO p6spy - #1742322471573 | took 0ms | statement | connection 1| url jdbc:mysql://localhost:3306/mymemopetdb?useSSL=false&serverTimezone=UTC&allowPublicKeyRetrieval=true
select * from `mymemopetdb`.`memory` where 1=0
select * from `mymemopetdb`.`memory` where 1=0;
2025-03-18 14:27:51.578 [Test worker]  INFO p6spy - #1742322471577 | took 0ms | statement | connection 1| url jdbc:mysql://localhost:3306/mymemopetdb?useSSL=false&serverTimezone=UTC&allowPublicKeyRetrieval=true
select * from `mymemopetdb`.`pet` where 1=0
select * from `mymemopetdb`.`pet` where 1=0;
2025-03-18 14:27:51.582 [Test worker]  INFO p6spy - #1742322471582 | took 0ms | statement | connection 1| url jdbc:mysql://localhost:3306/mymemopetdb?useSSL=false&serverTimezone=UTC&allowPublicKeyRetrieval=true
select * from `mymemopetdb`.`member` where 1=0
select * from `mymemopetdb`.`member` where 1=0;
2025-03-18 14:27:51.584 [Test worker]  INFO p6spy - #1742322471584 | took 0ms | statement | connection 1| url jdbc:mysql://localhost:3306/mymemopetdb?useSSL=false&serverTimezone=UTC&allowPublicKeyRetrieval=true
select * from `mymemopetdb`.`species` where 1=0
select * from `mymemopetdb`.`species` where 1=0;
2025-03-18 14:27:51.588 [Test worker]  INFO p6spy - #1742322471588 | took 0ms | statement | connection 1| url jdbc:mysql://localhost:3306/mymemopetdb?useSSL=false&serverTimezone=UTC&allowPublicKeyRetrieval=true
select * from `mymemopetdb`.`pet` where 1=0
select * from `mymemopetdb`.`pet` where 1=0;
2025-03-18 14:27:51.593 [Test worker]  INFO p6spy - #1742322471593 | took 0ms | statement | connection 1| url jdbc:mysql://localhost:3306/mymemopetdb?useSSL=false&serverTimezone=UTC&allowPublicKeyRetrieval=true
select * from `mymemopetdb`.`member_social` where 1=0
select * from `mymemopetdb`.`member_social` where 1=0;
2025-03-18 14:28:11.030 [Test worker]  INFO p6spy - #1742322491030 | took 7ms | statement | connection 1| url jdbc:mysql://localhost:3306/mymemopetdb?useSSL=false&serverTimezone=UTC&allowPublicKeyRetrieval=true
alter table access_log modify column request_at  datetime(6)
alter table access_log modify column request_at  datetime(6);
2025-03-18 14:28:11.034 [Test worker]  INFO p6spy - #1742322491034 | took 4ms | statement | connection 1| url jdbc:mysql://localhost:3306/mymemopetdb?useSSL=false&serverTimezone=UTC&allowPublicKeyRetrieval=true
alter table access_log modify column response_at  datetime(6)
alter table access_log modify column response_at  datetime(6);
2025-03-18 14:28:11.038 [Test worker]  INFO p6spy - #1742322491038 | took 3ms | statement | connection 1| url jdbc:mysql://localhost:3306/mymemopetdb?useSSL=false&serverTimezone=UTC&allowPublicKeyRetrieval=true
alter table audit modify column created_date  datetime(6)
alter table audit modify column created_date  datetime(6);
2025-03-18 14:28:11.041 [Test worker]  INFO p6spy - #1742322491041 | took 3ms | statement | connection 1| url jdbc:mysql://localhost:3306/mymemopetdb?useSSL=false&serverTimezone=UTC&allowPublicKeyRetrieval=true
alter table blocked modify column created_date  datetime(6) not null
alter table blocked modify column created_date  datetime(6) not null;
2025-03-18 14:28:11.045 [Test worker]  INFO p6spy - #1742322491045 | took 3ms | statement | connection 1| url jdbc:mysql://localhost:3306/mymemopetdb?useSSL=false&serverTimezone=UTC&allowPublicKeyRetrieval=true
alter table comment modify column last_modified_date  datetime(6)
alter table comment modify column last_modified_date  datetime(6);
2025-03-18 14:28:11.049 [Test worker]  INFO p6spy - #1742322491049 | took 3ms | statement | connection 1| url jdbc:mysql://localhost:3306/mymemopetdb?useSSL=false&serverTimezone=UTC&allowPublicKeyRetrieval=true
alter table comment modify column created_date  datetime(6)
alter table comment modify column created_date  datetime(6);
2025-03-18 14:28:11.053 [Test worker]  INFO p6spy - #1742322491053 | took 4ms | statement | connection 1| url jdbc:mysql://localhost:3306/mymemopetdb?useSSL=false&serverTimezone=UTC&allowPublicKeyRetrieval=true
alter table comment modify column comment_group  enum ('LAST_WORD','MEMORY_COMMENT') not null
alter table comment modify column comment_group  enum ('LAST_WORD','MEMORY_COMMENT') not null;
2025-03-18 14:28:11.057 [Test worker]  INFO p6spy - #1742322491057 | took 3ms | statement | connection 1| url jdbc:mysql://localhost:3306/mymemopetdb?useSSL=false&serverTimezone=UTC&allowPublicKeyRetrieval=true
alter table comment modify column deleted_date  datetime(6)
alter table comment modify column deleted_date  datetime(6);
2025-03-18 14:28:11.060 [Test worker]  INFO p6spy - #1742322491060 | took 2ms | statement | connection 1| url jdbc:mysql://localhost:3306/mymemopetdb?useSSL=false&serverTimezone=UTC&allowPublicKeyRetrieval=true
alter table follow modify column last_modified_date  datetime(6)
alter table follow modify column last_modified_date  datetime(6);
2025-03-18 14:28:11.063 [Test worker]  INFO p6spy - #1742322491063 | took 3ms | statement | connection 1| url jdbc:mysql://localhost:3306/mymemopetdb?useSSL=false&serverTimezone=UTC&allowPublicKeyRetrieval=true
alter table follow modify column created_date  datetime(6)
alter table follow modify column created_date  datetime(6);
2025-03-18 14:28:11.067 [Test worker]  INFO p6spy - #1742322491067 | took 3ms | statement | connection 1| url jdbc:mysql://localhost:3306/mymemopetdb?useSSL=false&serverTimezone=UTC&allowPublicKeyRetrieval=true
alter table likes modify column created_date  datetime(6)
alter table likes modify column created_date  datetime(6);
2025-03-18 14:28:11.072 [Test worker]  INFO p6spy - #1742322491072 | took 4ms | statement | connection 1| url jdbc:mysql://localhost:3306/mymemopetdb?useSSL=false&serverTimezone=UTC&allowPublicKeyRetrieval=true
alter table member modify column last_modified_date  datetime(6)
alter table member modify column last_modified_date  datetime(6);
2025-03-18 14:28:11.077 [Test worker]  INFO p6spy - #1742322491077 | took 5ms | statement | connection 1| url jdbc:mysql://localhost:3306/mymemopetdb?useSSL=false&serverTimezone=UTC&allowPublicKeyRetrieval=true
alter table member modify column created_date  datetime(6)
alter table member modify column created_date  datetime(6);
2025-03-18 14:28:11.083 [Test worker]  INFO p6spy - #1742322491083 | took 5ms | statement | connection 1| url jdbc:mysql://localhost:3306/mymemopetdb?useSSL=false&serverTimezone=UTC&allowPublicKeyRetrieval=true
alter table member modify column agree_date  datetime(6) not null
alter table member modify column agree_date  datetime(6) not null;
2025-03-18 14:28:11.088 [Test worker]  INFO p6spy - #1742322491088 | took 5ms | statement | connection 1| url jdbc:mysql://localhost:3306/mymemopetdb?useSSL=false&serverTimezone=UTC&allowPublicKeyRetrieval=true
alter table member modify column deleted_date  datetime(6)
alter table member modify column deleted_date  datetime(6);
2025-03-18 14:28:11.093 [Test worker]  INFO p6spy - #1742322491093 | took 5ms | statement | connection 1| url jdbc:mysql://localhost:3306/mymemopetdb?useSSL=false&serverTimezone=UTC&allowPublicKeyRetrieval=true
alter table member_social modify column last_modified_date  datetime(6)
alter table member_social modify column last_modified_date  datetime(6);
2025-03-18 14:28:11.098 [Test worker]  INFO p6spy - #1742322491098 | took 4ms | statement | connection 1| url jdbc:mysql://localhost:3306/mymemopetdb?useSSL=false&serverTimezone=UTC&allowPublicKeyRetrieval=true
alter table member_social modify column created_date  datetime(6)
alter table member_social modify column created_date  datetime(6);
2025-03-18 14:28:11.102 [Test worker]  INFO p6spy - #1742322491102 | took 4ms | statement | connection 1| url jdbc:mysql://localhost:3306/mymemopetdb?useSSL=false&serverTimezone=UTC&allowPublicKeyRetrieval=true
alter table member_social modify column deleted_date  datetime(6)
alter table member_social modify column deleted_date  datetime(6);
2025-03-18 14:28:11.107 [Test worker]  INFO p6spy - #1742322491107 | took 4ms | statement | connection 1| url jdbc:mysql://localhost:3306/mymemopetdb?useSSL=false&serverTimezone=UTC&allowPublicKeyRetrieval=true
alter table member_social modify column last_login_date  datetime(6)
alter table member_social modify column last_login_date  datetime(6);
2025-03-18 14:28:11.112 [Test worker]  INFO p6spy - #1742322491112 | took 5ms | statement | connection 1| url jdbc:mysql://localhost:3306/mymemopetdb?useSSL=false&serverTimezone=UTC&allowPublicKeyRetrieval=true
alter table member_social modify column member_status  enum ('BAN','LOCKED','NORMAL')
alter table member_social modify column member_status  enum ('BAN','LOCKED','NORMAL');
2025-03-18 14:28:11.118 [Test worker]  INFO p6spy - #1742322491118 | took 5ms | statement | connection 1| url jdbc:mysql://localhost:3306/mymemopetdb?useSSL=false&serverTimezone=UTC&allowPublicKeyRetrieval=true
alter table memory modify column last_modified_date  datetime(6)
alter table memory modify column last_modified_date  datetime(6);
2025-03-18 14:28:11.124 [Test worker]  INFO p6spy - #1742322491124 | took 6ms | statement | connection 1| url jdbc:mysql://localhost:3306/mymemopetdb?useSSL=false&serverTimezone=UTC&allowPublicKeyRetrieval=true
alter table memory modify column created_date  datetime(6)
alter table memory modify column created_date  datetime(6);
2025-03-18 14:28:11.131 [Test worker]  INFO p6spy - #1742322491131 | took 7ms | statement | connection 1| url jdbc:mysql://localhost:3306/mymemopetdb?useSSL=false&serverTimezone=UTC&allowPublicKeyRetrieval=true
alter table memory modify column audience  enum ('ALL','FRIEND','ME') not null
alter table memory modify column audience  enum ('ALL','FRIEND','ME') not null;
2025-03-18 14:28:11.138 [Test worker]  INFO p6spy - #1742322491138 | took 7ms | statement | connection 1| url jdbc:mysql://localhost:3306/mymemopetdb?useSSL=false&serverTimezone=UTC&allowPublicKeyRetrieval=true
alter table memory modify column deleted_date  datetime(6)
alter table memory modify column deleted_date  datetime(6);
2025-03-18 14:28:11.142 [Test worker]  INFO p6spy - #1742322491142 | took 3ms | statement | connection 1| url jdbc:mysql://localhost:3306/mymemopetdb?useSSL=false&serverTimezone=UTC&allowPublicKeyRetrieval=true
alter table memory_image modify column created_date  datetime(6)
alter table memory_image modify column created_date  datetime(6);
2025-03-18 14:28:11.146 [Test worker]  INFO p6spy - #1742322491145 | took 3ms | statement | connection 1| url jdbc:mysql://localhost:3306/mymemopetdb?useSSL=false&serverTimezone=UTC&allowPublicKeyRetrieval=true
alter table memory_image modify column deleted_date  datetime(6)
alter table memory_image modify column deleted_date  datetime(6);
2025-03-18 14:28:11.149 [Test worker]  INFO p6spy - #1742322491149 | took 3ms | statement | connection 1| url jdbc:mysql://localhost:3306/mymemopetdb?useSSL=false&serverTimezone=UTC&allowPublicKeyRetrieval=true
alter table meta modify column last_modified_date  datetime(6)
alter table meta modify column last_modified_date  datetime(6);
2025-03-18 14:28:11.154 [Test worker]  INFO p6spy - #1742322491154 | took 4ms | statement | connection 1| url jdbc:mysql://localhost:3306/mymemopetdb?useSSL=false&serverTimezone=UTC&allowPublicKeyRetrieval=true
alter table notification modify column last_modified_date  datetime(6)
alter table notification modify column last_modified_date  datetime(6);
2025-03-18 14:28:11.160 [Test worker]  INFO p6spy - #1742322491160 | took 5ms | statement | connection 1| url jdbc:mysql://localhost:3306/mymemopetdb?useSSL=false&serverTimezone=UTC&allowPublicKeyRetrieval=true
alter table notification modify column created_date  datetime(6)
alter table notification modify column created_date  datetime(6);
2025-03-18 14:28:11.170 [Test worker]  INFO p6spy - #1742322491170 | took 10ms | statement | connection 1| url jdbc:mysql://localhost:3306/mymemopetdb?useSSL=false&serverTimezone=UTC&allowPublicKeyRetrieval=true
alter table pet modify column last_modified_date  datetime(6)
alter table pet modify column last_modified_date  datetime(6);
2025-03-18 14:28:11.181 [Test worker]  INFO p6spy - #1742322491181 | took 11ms | statement | connection 1| url jdbc:mysql://localhost:3306/mymemopetdb?useSSL=false&serverTimezone=UTC&allowPublicKeyRetrieval=true
alter table pet modify column created_date  datetime(6)
alter table pet modify column created_date  datetime(6);
2025-03-18 14:28:11.191 [Test worker]  INFO p6spy - #1742322491191 | took 9ms | statement | connection 1| url jdbc:mysql://localhost:3306/mymemopetdb?useSSL=false&serverTimezone=UTC&allowPublicKeyRetrieval=true
alter table pet modify column deleted_date  datetime(6)
alter table pet modify column deleted_date  datetime(6);
2025-03-18 14:28:11.199 [Test worker]  INFO p6spy - #1742322491199 | took 8ms | statement | connection 1| url jdbc:mysql://localhost:3306/mymemopetdb?useSSL=false&serverTimezone=UTC&allowPublicKeyRetrieval=true
alter table pet modify column gender  enum ('F','M') not null
alter table pet modify column gender  enum ('F','M') not null;
2025-03-18 14:28:11.209 [Test worker]  INFO p6spy - #1742322491209 | took 9ms | statement | connection 1| url jdbc:mysql://localhost:3306/mymemopetdb?useSSL=false&serverTimezone=UTC&allowPublicKeyRetrieval=true
alter table pet modify column pet_status  enum ('ACTIVE','DEACTIVE') not null
alter table pet modify column pet_status  enum ('ACTIVE','DEACTIVE') not null;
2025-03-18 14:28:11.212 [Test worker]  INFO p6spy - #1742322491212 | took 2ms | statement | connection 1| url jdbc:mysql://localhost:3306/mymemopetdb?useSSL=false&serverTimezone=UTC&allowPublicKeyRetrieval=true
alter table recent_search modify column created_date  datetime(6)
alter table recent_search modify column created_date  datetime(6);
2025-03-18 14:28:11.216 [Test worker]  INFO p6spy - #1742322491216 | took 3ms | statement | connection 1| url jdbc:mysql://localhost:3306/mymemopetdb?useSSL=false&serverTimezone=UTC&allowPublicKeyRetrieval=true
alter table refresh_token modify column expired_at  datetime(6)
alter table refresh_token modify column expired_at  datetime(6);
2025-03-18 14:28:11.218 [Test worker]  INFO p6spy - #1742322491218 | took 2ms | statement | connection 1| url jdbc:mysql://localhost:3306/mymemopetdb?useSSL=false&serverTimezone=UTC&allowPublicKeyRetrieval=true
alter table report modify column created_date  datetime(6)
alter table report modify column created_date  datetime(6);
2025-03-18 14:28:11.223 [Test worker]  INFO p6spy - #1742322491223 | took 4ms | statement | connection 1| url jdbc:mysql://localhost:3306/mymemopetdb?useSSL=false&serverTimezone=UTC&allowPublicKeyRetrieval=true
alter table species modify column last_modified_date  datetime(6)
alter table species modify column last_modified_date  datetime(6);
2025-03-18 14:28:11.227 [Test worker]  INFO p6spy - #1742322491227 | took 3ms | statement | connection 1| url jdbc:mysql://localhost:3306/mymemopetdb?useSSL=false&serverTimezone=UTC&allowPublicKeyRetrieval=true
alter table verification_status_entity modify column expired_at  datetime(6)
alter table verification_status_entity modify column expired_at  datetime(6);
2025-03-18 14:28:11.241 [Test worker]  INFO p6spy - #1742322491241 | took 2ms | statement | connection 1| url jdbc:mysql://localhost:3306/mymemopetdb?useSSL=false&serverTimezone=UTC&allowPublicKeyRetrieval=true
select * from `mymemopetdb`.`pet` where 1=0
select * from `mymemopetdb`.`pet` where 1=0;
2025-03-18 14:28:11.249 [Test worker]  INFO p6spy - #1742322491249 | took 0ms | statement | connection 1| url jdbc:mysql://localhost:3306/mymemopetdb?useSSL=false&serverTimezone=UTC&allowPublicKeyRetrieval=true
select * from `mymemopetdb`.`memory` where 1=0
select * from `mymemopetdb`.`memory` where 1=0;
2025-03-18 14:28:11.252 [Test worker]  INFO p6spy - #1742322491252 | took 0ms | statement | connection 1| url jdbc:mysql://localhost:3306/mymemopetdb?useSSL=false&serverTimezone=UTC&allowPublicKeyRetrieval=true
select * from `mymemopetdb`.`pet` where 1=0
select * from `mymemopetdb`.`pet` where 1=0;
2025-03-18 14:28:11.256 [Test worker]  INFO p6spy - #1742322491256 | took 0ms | statement | connection 1| url jdbc:mysql://localhost:3306/mymemopetdb?useSSL=false&serverTimezone=UTC&allowPublicKeyRetrieval=true
select * from `mymemopetdb`.`pet` where 1=0
select * from `mymemopetdb`.`pet` where 1=0;
2025-03-18 14:28:11.261 [Test worker]  INFO p6spy - #1742322491261 | took 0ms | statement | connection 1| url jdbc:mysql://localhost:3306/mymemopetdb?useSSL=false&serverTimezone=UTC&allowPublicKeyRetrieval=true
select * from `mymemopetdb`.`memory` where 1=0
select * from `mymemopetdb`.`memory` where 1=0;
2025-03-18 14:28:11.263 [Test worker]  INFO p6spy - #1742322491263 | took 0ms | statement | connection 1| url jdbc:mysql://localhost:3306/mymemopetdb?useSSL=false&serverTimezone=UTC&allowPublicKeyRetrieval=true
select * from `mymemopetdb`.`pet` where 1=0
select * from `mymemopetdb`.`pet` where 1=0;
2025-03-18 14:28:11.267 [Test worker]  INFO p6spy - #1742322491267 | took 0ms | statement | connection 1| url jdbc:mysql://localhost:3306/mymemopetdb?useSSL=false&serverTimezone=UTC&allowPublicKeyRetrieval=true
select * from `mymemopetdb`.`pet` where 1=0
select * from `mymemopetdb`.`pet` where 1=0;
2025-03-18 14:28:11.271 [Test worker]  INFO p6spy - #1742322491271 | took 0ms | statement | connection 1| url jdbc:mysql://localhost:3306/mymemopetdb?useSSL=false&serverTimezone=UTC&allowPublicKeyRetrieval=true
select * from `mymemopetdb`.`memory` where 1=0
select * from `mymemopetdb`.`memory` where 1=0;
2025-03-18 14:28:11.275 [Test worker]  INFO p6spy - #1742322491275 | took 0ms | statement | connection 1| url jdbc:mysql://localhost:3306/mymemopetdb?useSSL=false&serverTimezone=UTC&allowPublicKeyRetrieval=true
select * from `mymemopetdb`.`pet` where 1=0
select * from `mymemopetdb`.`pet` where 1=0;
2025-03-18 14:28:11.279 [Test worker]  INFO p6spy - #1742322491279 | took 0ms | statement | connection 1| url jdbc:mysql://localhost:3306/mymemopetdb?useSSL=false&serverTimezone=UTC&allowPublicKeyRetrieval=true
select * from `mymemopetdb`.`member` where 1=0
select * from `mymemopetdb`.`member` where 1=0;
2025-03-18 14:28:11.281 [Test worker]  INFO p6spy - #1742322491281 | took 0ms | statement | connection 1| url jdbc:mysql://localhost:3306/mymemopetdb?useSSL=false&serverTimezone=UTC&allowPublicKeyRetrieval=true
select * from `mymemopetdb`.`species` where 1=0
select * from `mymemopetdb`.`species` where 1=0;
2025-03-18 14:28:11.286 [Test worker]  INFO p6spy - #1742322491286 | took 0ms | statement | connection 1| url jdbc:mysql://localhost:3306/mymemopetdb?useSSL=false&serverTimezone=UTC&allowPublicKeyRetrieval=true
select * from `mymemopetdb`.`pet` where 1=0
select * from `mymemopetdb`.`pet` where 1=0;
2025-03-18 14:28:11.290 [Test worker]  INFO p6spy - #1742322491290 | took 0ms | statement | connection 1| url jdbc:mysql://localhost:3306/mymemopetdb?useSSL=false&serverTimezone=UTC&allowPublicKeyRetrieval=true
select * from `mymemopetdb`.`member_social` where 1=0
select * from `mymemopetdb`.`member_social` where 1=0;
2025-03-18 14:28:41.792 [Test worker]  INFO p6spy - #1742322521792 | took 33ms | statement | connection 1| url jdbc:mysql://localhost:3306/mymemopetdb?useSSL=false&serverTimezone=UTC&allowPublicKeyRetrieval=true
alter table access_log modify column request_at  datetime(6)
alter table access_log modify column request_at  datetime(6);
2025-03-18 14:28:41.807 [Test worker]  INFO p6spy - #1742322521807 | took 14ms | statement | connection 1| url jdbc:mysql://localhost:3306/mymemopetdb?useSSL=false&serverTimezone=UTC&allowPublicKeyRetrieval=true
alter table access_log modify column response_at  datetime(6)
alter table access_log modify column response_at  datetime(6);
2025-03-18 14:28:41.814 [Test worker]  INFO p6spy - #1742322521814 | took 5ms | statement | connection 1| url jdbc:mysql://localhost:3306/mymemopetdb?useSSL=false&serverTimezone=UTC&allowPublicKeyRetrieval=true
alter table audit modify column created_date  datetime(6)
alter table audit modify column created_date  datetime(6);
2025-03-18 14:28:41.823 [Test worker]  INFO p6spy - #1742322521823 | took 8ms | statement | connection 1| url jdbc:mysql://localhost:3306/mymemopetdb?useSSL=false&serverTimezone=UTC&allowPublicKeyRetrieval=true
alter table blocked modify column created_date  datetime(6) not null
alter table blocked modify column created_date  datetime(6) not null;
2025-03-18 14:28:41.828 [Test worker]  INFO p6spy - #1742322521828 | took 5ms | statement | connection 1| url jdbc:mysql://localhost:3306/mymemopetdb?useSSL=false&serverTimezone=UTC&allowPublicKeyRetrieval=true
alter table comment modify column last_modified_date  datetime(6)
alter table comment modify column last_modified_date  datetime(6);
2025-03-18 14:28:41.836 [Test worker]  INFO p6spy - #1742322521836 | took 7ms | statement | connection 1| url jdbc:mysql://localhost:3306/mymemopetdb?useSSL=false&serverTimezone=UTC&allowPublicKeyRetrieval=true
alter table comment modify column created_date  datetime(6)
alter table comment modify column created_date  datetime(6);
2025-03-18 14:28:41.842 [Test worker]  INFO p6spy - #1742322521842 | took 6ms | statement | connection 1| url jdbc:mysql://localhost:3306/mymemopetdb?useSSL=false&serverTimezone=UTC&allowPublicKeyRetrieval=true
alter table comment modify column comment_group  enum ('LAST_WORD','MEMORY_COMMENT') not null
alter table comment modify column comment_group  enum ('LAST_WORD','MEMORY_COMMENT') not null;
2025-03-18 14:28:41.859 [Test worker]  INFO p6spy - #1742322521859 | took 15ms | statement | connection 1| url jdbc:mysql://localhost:3306/mymemopetdb?useSSL=false&serverTimezone=UTC&allowPublicKeyRetrieval=true
alter table comment modify column deleted_date  datetime(6)
alter table comment modify column deleted_date  datetime(6);
2025-03-18 14:28:41.866 [Test worker]  INFO p6spy - #1742322521866 | took 6ms | statement | connection 1| url jdbc:mysql://localhost:3306/mymemopetdb?useSSL=false&serverTimezone=UTC&allowPublicKeyRetrieval=true
alter table follow modify column last_modified_date  datetime(6)
alter table follow modify column last_modified_date  datetime(6);
2025-03-18 14:28:41.870 [Test worker]  INFO p6spy - #1742322521870 | took 3ms | statement | connection 1| url jdbc:mysql://localhost:3306/mymemopetdb?useSSL=false&serverTimezone=UTC&allowPublicKeyRetrieval=true
alter table follow modify column created_date  datetime(6)
alter table follow modify column created_date  datetime(6);
2025-03-18 14:28:41.875 [Test worker]  INFO p6spy - #1742322521875 | took 4ms | statement | connection 1| url jdbc:mysql://localhost:3306/mymemopetdb?useSSL=false&serverTimezone=UTC&allowPublicKeyRetrieval=true
alter table likes modify column created_date  datetime(6)
alter table likes modify column created_date  datetime(6);
2025-03-18 14:28:41.883 [Test worker]  INFO p6spy - #1742322521883 | took 7ms | statement | connection 1| url jdbc:mysql://localhost:3306/mymemopetdb?useSSL=false&serverTimezone=UTC&allowPublicKeyRetrieval=true
alter table member modify column last_modified_date  datetime(6)
alter table member modify column last_modified_date  datetime(6);
2025-03-18 14:28:41.889 [Test worker]  INFO p6spy - #1742322521889 | took 6ms | statement | connection 1| url jdbc:mysql://localhost:3306/mymemopetdb?useSSL=false&serverTimezone=UTC&allowPublicKeyRetrieval=true
alter table member modify column created_date  datetime(6)
alter table member modify column created_date  datetime(6);
2025-03-18 14:28:41.896 [Test worker]  INFO p6spy - #1742322521896 | took 7ms | statement | connection 1| url jdbc:mysql://localhost:3306/mymemopetdb?useSSL=false&serverTimezone=UTC&allowPublicKeyRetrieval=true
alter table member modify column agree_date  datetime(6) not null
alter table member modify column agree_date  datetime(6) not null;
2025-03-18 14:28:41.902 [Test worker]  INFO p6spy - #1742322521902 | took 5ms | statement | connection 1| url jdbc:mysql://localhost:3306/mymemopetdb?useSSL=false&serverTimezone=UTC&allowPublicKeyRetrieval=true
alter table member modify column deleted_date  datetime(6)
alter table member modify column deleted_date  datetime(6);
2025-03-18 14:28:41.908 [Test worker]  INFO p6spy - #1742322521908 | took 6ms | statement | connection 1| url jdbc:mysql://localhost:3306/mymemopetdb?useSSL=false&serverTimezone=UTC&allowPublicKeyRetrieval=true
alter table member_social modify column last_modified_date  datetime(6)
alter table member_social modify column last_modified_date  datetime(6);
2025-03-18 14:28:41.913 [Test worker]  INFO p6spy - #1742322521913 | took 4ms | statement | connection 1| url jdbc:mysql://localhost:3306/mymemopetdb?useSSL=false&serverTimezone=UTC&allowPublicKeyRetrieval=true
alter table member_social modify column created_date  datetime(6)
alter table member_social modify column created_date  datetime(6);
2025-03-18 14:28:41.919 [Test worker]  INFO p6spy - #1742322521919 | took 5ms | statement | connection 1| url jdbc:mysql://localhost:3306/mymemopetdb?useSSL=false&serverTimezone=UTC&allowPublicKeyRetrieval=true
alter table member_social modify column deleted_date  datetime(6)
alter table member_social modify column deleted_date  datetime(6);
2025-03-18 14:28:41.924 [Test worker]  INFO p6spy - #1742322521924 | took 5ms | statement | connection 1| url jdbc:mysql://localhost:3306/mymemopetdb?useSSL=false&serverTimezone=UTC&allowPublicKeyRetrieval=true
alter table member_social modify column last_login_date  datetime(6)
alter table member_social modify column last_login_date  datetime(6);
2025-03-18 14:28:41.931 [Test worker]  INFO p6spy - #1742322521931 | took 6ms | statement | connection 1| url jdbc:mysql://localhost:3306/mymemopetdb?useSSL=false&serverTimezone=UTC&allowPublicKeyRetrieval=true
alter table member_social modify column member_status  enum ('BAN','LOCKED','NORMAL')
alter table member_social modify column member_status  enum ('BAN','LOCKED','NORMAL');
2025-03-18 14:28:41.938 [Test worker]  INFO p6spy - #1742322521938 | took 7ms | statement | connection 1| url jdbc:mysql://localhost:3306/mymemopetdb?useSSL=false&serverTimezone=UTC&allowPublicKeyRetrieval=true
alter table memory modify column last_modified_date  datetime(6)
alter table memory modify column last_modified_date  datetime(6);
2025-03-18 14:28:41.945 [Test worker]  INFO p6spy - #1742322521945 | took 6ms | statement | connection 1| url jdbc:mysql://localhost:3306/mymemopetdb?useSSL=false&serverTimezone=UTC&allowPublicKeyRetrieval=true
alter table memory modify column created_date  datetime(6)
alter table memory modify column created_date  datetime(6);
2025-03-18 14:28:41.951 [Test worker]  INFO p6spy - #1742322521951 | took 6ms | statement | connection 1| url jdbc:mysql://localhost:3306/mymemopetdb?useSSL=false&serverTimezone=UTC&allowPublicKeyRetrieval=true
alter table memory modify column audience  enum ('ALL','FRIEND','ME') not null
alter table memory modify column audience  enum ('ALL','FRIEND','ME') not null;
2025-03-18 14:28:41.956 [Test worker]  INFO p6spy - #1742322521956 | took 5ms | statement | connection 1| url jdbc:mysql://localhost:3306/mymemopetdb?useSSL=false&serverTimezone=UTC&allowPublicKeyRetrieval=true
alter table memory modify column deleted_date  datetime(6)
alter table memory modify column deleted_date  datetime(6);
2025-03-18 14:28:41.960 [Test worker]  INFO p6spy - #1742322521960 | took 3ms | statement | connection 1| url jdbc:mysql://localhost:3306/mymemopetdb?useSSL=false&serverTimezone=UTC&allowPublicKeyRetrieval=true
alter table memory_image modify column created_date  datetime(6)
alter table memory_image modify column created_date  datetime(6);
2025-03-18 14:28:41.966 [Test worker]  INFO p6spy - #1742322521966 | took 5ms | statement | connection 1| url jdbc:mysql://localhost:3306/mymemopetdb?useSSL=false&serverTimezone=UTC&allowPublicKeyRetrieval=true
alter table memory_image modify column deleted_date  datetime(6)
alter table memory_image modify column deleted_date  datetime(6);
2025-03-18 14:28:41.974 [Test worker]  INFO p6spy - #1742322521974 | took 7ms | statement | connection 1| url jdbc:mysql://localhost:3306/mymemopetdb?useSSL=false&serverTimezone=UTC&allowPublicKeyRetrieval=true
alter table meta modify column last_modified_date  datetime(6)
alter table meta modify column last_modified_date  datetime(6);
2025-03-18 14:28:41.980 [Test worker]  INFO p6spy - #1742322521980 | took 5ms | statement | connection 1| url jdbc:mysql://localhost:3306/mymemopetdb?useSSL=false&serverTimezone=UTC&allowPublicKeyRetrieval=true
alter table notification modify column last_modified_date  datetime(6)
alter table notification modify column last_modified_date  datetime(6);
2025-03-18 14:28:41.984 [Test worker]  INFO p6spy - #1742322521983 | took 3ms | statement | connection 1| url jdbc:mysql://localhost:3306/mymemopetdb?useSSL=false&serverTimezone=UTC&allowPublicKeyRetrieval=true
alter table notification modify column created_date  datetime(6)
alter table notification modify column created_date  datetime(6);
2025-03-18 14:28:41.998 [Test worker]  INFO p6spy - #1742322521998 | took 14ms | statement | connection 1| url jdbc:mysql://localhost:3306/mymemopetdb?useSSL=false&serverTimezone=UTC&allowPublicKeyRetrieval=true
alter table pet modify column last_modified_date  datetime(6)
alter table pet modify column last_modified_date  datetime(6);
2025-03-18 14:28:42.015 [Test worker]  INFO p6spy - #1742322522015 | took 16ms | statement | connection 1| url jdbc:mysql://localhost:3306/mymemopetdb?useSSL=false&serverTimezone=UTC&allowPublicKeyRetrieval=true
alter table pet modify column created_date  datetime(6)
alter table pet modify column created_date  datetime(6);
2025-03-18 14:28:42.034 [Test worker]  INFO p6spy - #1742322522034 | took 19ms | statement | connection 1| url jdbc:mysql://localhost:3306/mymemopetdb?useSSL=false&serverTimezone=UTC&allowPublicKeyRetrieval=true
alter table pet modify column deleted_date  datetime(6)
alter table pet modify column deleted_date  datetime(6);
2025-03-18 14:28:42.049 [Test worker]  INFO p6spy - #1742322522049 | took 14ms | statement | connection 1| url jdbc:mysql://localhost:3306/mymemopetdb?useSSL=false&serverTimezone=UTC&allowPublicKeyRetrieval=true
alter table pet modify column gender  enum ('F','M') not null
alter table pet modify column gender  enum ('F','M') not null;
2025-03-18 14:28:42.066 [Test worker]  INFO p6spy - #1742322522066 | took 16ms | statement | connection 1| url jdbc:mysql://localhost:3306/mymemopetdb?useSSL=false&serverTimezone=UTC&allowPublicKeyRetrieval=true
alter table pet modify column pet_status  enum ('ACTIVE','DEACTIVE') not null
alter table pet modify column pet_status  enum ('ACTIVE','DEACTIVE') not null;
2025-03-18 14:28:42.073 [Test worker]  INFO p6spy - #1742322522073 | took 7ms | statement | connection 1| url jdbc:mysql://localhost:3306/mymemopetdb?useSSL=false&serverTimezone=UTC&allowPublicKeyRetrieval=true
alter table recent_search modify column created_date  datetime(6)
alter table recent_search modify column created_date  datetime(6);
2025-03-18 14:28:42.078 [Test worker]  INFO p6spy - #1742322522078 | took 3ms | statement | connection 1| url jdbc:mysql://localhost:3306/mymemopetdb?useSSL=false&serverTimezone=UTC&allowPublicKeyRetrieval=true
alter table refresh_token modify column expired_at  datetime(6)
alter table refresh_token modify column expired_at  datetime(6);
2025-03-18 14:28:42.081 [Test worker]  INFO p6spy - #1742322522081 | took 3ms | statement | connection 1| url jdbc:mysql://localhost:3306/mymemopetdb?useSSL=false&serverTimezone=UTC&allowPublicKeyRetrieval=true
alter table report modify column created_date  datetime(6)
alter table report modify column created_date  datetime(6);
2025-03-18 14:28:42.086 [Test worker]  INFO p6spy - #1742322522086 | took 4ms | statement | connection 1| url jdbc:mysql://localhost:3306/mymemopetdb?useSSL=false&serverTimezone=UTC&allowPublicKeyRetrieval=true
alter table species modify column last_modified_date  datetime(6)
alter table species modify column last_modified_date  datetime(6);
2025-03-18 14:28:42.092 [Test worker]  INFO p6spy - #1742322522092 | took 4ms | statement | connection 1| url jdbc:mysql://localhost:3306/mymemopetdb?useSSL=false&serverTimezone=UTC&allowPublicKeyRetrieval=true
alter table verification_status_entity modify column expired_at  datetime(6)
alter table verification_status_entity modify column expired_at  datetime(6);
2025-03-18 14:28:42.110 [Test worker]  INFO p6spy - #1742322522110 | took 2ms | statement | connection 1| url jdbc:mysql://localhost:3306/mymemopetdb?useSSL=false&serverTimezone=UTC&allowPublicKeyRetrieval=true
select * from `mymemopetdb`.`pet` where 1=0
select * from `mymemopetdb`.`pet` where 1=0;
2025-03-18 14:28:42.118 [Test worker]  INFO p6spy - #1742322522118 | took 0ms | statement | connection 1| url jdbc:mysql://localhost:3306/mymemopetdb?useSSL=false&serverTimezone=UTC&allowPublicKeyRetrieval=true
select * from `mymemopetdb`.`memory` where 1=0
select * from `mymemopetdb`.`memory` where 1=0;
2025-03-18 14:28:42.119 [Test worker]  INFO p6spy - #1742322522119 | took 0ms | statement | connection 1| url jdbc:mysql://localhost:3306/mymemopetdb?useSSL=false&serverTimezone=UTC&allowPublicKeyRetrieval=true
select * from `mymemopetdb`.`pet` where 1=0
select * from `mymemopetdb`.`pet` where 1=0;
2025-03-18 14:28:42.127 [Test worker]  INFO p6spy - #1742322522127 | took 3ms | statement | connection 1| url jdbc:mysql://localhost:3306/mymemopetdb?useSSL=false&serverTimezone=UTC&allowPublicKeyRetrieval=true
select * from `mymemopetdb`.`pet` where 1=0
select * from `mymemopetdb`.`pet` where 1=0;
2025-03-18 14:28:42.137 [Test worker]  INFO p6spy - #1742322522137 | took 2ms | statement | connection 1| url jdbc:mysql://localhost:3306/mymemopetdb?useSSL=false&serverTimezone=UTC&allowPublicKeyRetrieval=true
select * from `mymemopetdb`.`memory` where 1=0
select * from `mymemopetdb`.`memory` where 1=0;
2025-03-18 14:28:42.138 [Test worker]  INFO p6spy - #1742322522138 | took 0ms | statement | connection 1| url jdbc:mysql://localhost:3306/mymemopetdb?useSSL=false&serverTimezone=UTC&allowPublicKeyRetrieval=true
select * from `mymemopetdb`.`pet` where 1=0
select * from `mymemopetdb`.`pet` where 1=0;
2025-03-18 14:28:42.142 [Test worker]  INFO p6spy - #1742322522142 | took 0ms | statement | connection 1| url jdbc:mysql://localhost:3306/mymemopetdb?useSSL=false&serverTimezone=UTC&allowPublicKeyRetrieval=true
select * from `mymemopetdb`.`pet` where 1=0
select * from `mymemopetdb`.`pet` where 1=0;
2025-03-18 14:28:42.146 [Test worker]  INFO p6spy - #1742322522146 | took 0ms | statement | connection 1| url jdbc:mysql://localhost:3306/mymemopetdb?useSSL=false&serverTimezone=UTC&allowPublicKeyRetrieval=true
select * from `mymemopetdb`.`memory` where 1=0
select * from `mymemopetdb`.`memory` where 1=0;
2025-03-18 14:28:42.151 [Test worker]  INFO p6spy - #1742322522151 | took 0ms | statement | connection 1| url jdbc:mysql://localhost:3306/mymemopetdb?useSSL=false&serverTimezone=UTC&allowPublicKeyRetrieval=true
select * from `mymemopetdb`.`pet` where 1=0
select * from `mymemopetdb`.`pet` where 1=0;
2025-03-18 14:28:42.155 [Test worker]  INFO p6spy - #1742322522155 | took 0ms | statement | connection 1| url jdbc:mysql://localhost:3306/mymemopetdb?useSSL=false&serverTimezone=UTC&allowPublicKeyRetrieval=true
select * from `mymemopetdb`.`member` where 1=0
select * from `mymemopetdb`.`member` where 1=0;
2025-03-18 14:28:42.156 [Test worker]  INFO p6spy - #1742322522156 | took 0ms | statement | connection 1| url jdbc:mysql://localhost:3306/mymemopetdb?useSSL=false&serverTimezone=UTC&allowPublicKeyRetrieval=true
select * from `mymemopetdb`.`species` where 1=0
select * from `mymemopetdb`.`species` where 1=0;
2025-03-18 14:28:42.161 [Test worker]  INFO p6spy - #1742322522161 | took 0ms | statement | connection 1| url jdbc:mysql://localhost:3306/mymemopetdb?useSSL=false&serverTimezone=UTC&allowPublicKeyRetrieval=true
select * from `mymemopetdb`.`pet` where 1=0
select * from `mymemopetdb`.`pet` where 1=0;
2025-03-18 14:28:42.165 [Test worker]  INFO p6spy - #1742322522165 | took 0ms | statement | connection 1| url jdbc:mysql://localhost:3306/mymemopetdb?useSSL=false&serverTimezone=UTC&allowPublicKeyRetrieval=true
select * from `mymemopetdb`.`member_social` where 1=0
select * from `mymemopetdb`.`member_social` where 1=0;
2025-03-18 14:28:54.134 [Test worker]  INFO p6spy - #1742322534134 | took 8ms | statement | connection 1| url jdbc:mysql://localhost:3306/mymemopetdb?useSSL=false&serverTimezone=UTC&allowPublicKeyRetrieval=true
alter table access_log modify column request_at  datetime(6)
alter table access_log modify column request_at  datetime(6);
2025-03-18 14:28:54.139 [Test worker]  INFO p6spy - #1742322534139 | took 4ms | statement | connection 1| url jdbc:mysql://localhost:3306/mymemopetdb?useSSL=false&serverTimezone=UTC&allowPublicKeyRetrieval=true
alter table access_log modify column response_at  datetime(6)
alter table access_log modify column response_at  datetime(6);
2025-03-18 14:28:54.143 [Test worker]  INFO p6spy - #1742322534143 | took 4ms | statement | connection 1| url jdbc:mysql://localhost:3306/mymemopetdb?useSSL=false&serverTimezone=UTC&allowPublicKeyRetrieval=true
alter table audit modify column created_date  datetime(6)
alter table audit modify column created_date  datetime(6);
2025-03-18 14:28:54.147 [Test worker]  INFO p6spy - #1742322534147 | took 3ms | statement | connection 1| url jdbc:mysql://localhost:3306/mymemopetdb?useSSL=false&serverTimezone=UTC&allowPublicKeyRetrieval=true
alter table blocked modify column created_date  datetime(6) not null
alter table blocked modify column created_date  datetime(6) not null;
2025-03-18 14:28:54.152 [Test worker]  INFO p6spy - #1742322534152 | took 4ms | statement | connection 1| url jdbc:mysql://localhost:3306/mymemopetdb?useSSL=false&serverTimezone=UTC&allowPublicKeyRetrieval=true
alter table comment modify column last_modified_date  datetime(6)
alter table comment modify column last_modified_date  datetime(6);
2025-03-18 14:28:54.156 [Test worker]  INFO p6spy - #1742322534156 | took 3ms | statement | connection 1| url jdbc:mysql://localhost:3306/mymemopetdb?useSSL=false&serverTimezone=UTC&allowPublicKeyRetrieval=true
alter table comment modify column created_date  datetime(6)
alter table comment modify column created_date  datetime(6);
2025-03-18 14:28:54.160 [Test worker]  INFO p6spy - #1742322534160 | took 3ms | statement | connection 1| url jdbc:mysql://localhost:3306/mymemopetdb?useSSL=false&serverTimezone=UTC&allowPublicKeyRetrieval=true
alter table comment modify column comment_group  enum ('LAST_WORD','MEMORY_COMMENT') not null
alter table comment modify column comment_group  enum ('LAST_WORD','MEMORY_COMMENT') not null;
2025-03-18 14:28:54.163 [Test worker]  INFO p6spy - #1742322534163 | took 3ms | statement | connection 1| url jdbc:mysql://localhost:3306/mymemopetdb?useSSL=false&serverTimezone=UTC&allowPublicKeyRetrieval=true
alter table comment modify column deleted_date  datetime(6)
alter table comment modify column deleted_date  datetime(6);
2025-03-18 14:28:54.168 [Test worker]  INFO p6spy - #1742322534168 | took 4ms | statement | connection 1| url jdbc:mysql://localhost:3306/mymemopetdb?useSSL=false&serverTimezone=UTC&allowPublicKeyRetrieval=true
alter table follow modify column last_modified_date  datetime(6)
alter table follow modify column last_modified_date  datetime(6);
2025-03-18 14:28:54.171 [Test worker]  INFO p6spy - #1742322534171 | took 3ms | statement | connection 1| url jdbc:mysql://localhost:3306/mymemopetdb?useSSL=false&serverTimezone=UTC&allowPublicKeyRetrieval=true
alter table follow modify column created_date  datetime(6)
alter table follow modify column created_date  datetime(6);
2025-03-18 14:28:54.175 [Test worker]  INFO p6spy - #1742322534175 | took 3ms | statement | connection 1| url jdbc:mysql://localhost:3306/mymemopetdb?useSSL=false&serverTimezone=UTC&allowPublicKeyRetrieval=true
alter table likes modify column created_date  datetime(6)
alter table likes modify column created_date  datetime(6);
2025-03-18 14:28:54.182 [Test worker]  INFO p6spy - #1742322534182 | took 6ms | statement | connection 1| url jdbc:mysql://localhost:3306/mymemopetdb?useSSL=false&serverTimezone=UTC&allowPublicKeyRetrieval=true
alter table member modify column last_modified_date  datetime(6)
alter table member modify column last_modified_date  datetime(6);
2025-03-18 14:28:54.188 [Test worker]  INFO p6spy - #1742322534188 | took 5ms | statement | connection 1| url jdbc:mysql://localhost:3306/mymemopetdb?useSSL=false&serverTimezone=UTC&allowPublicKeyRetrieval=true
alter table member modify column created_date  datetime(6)
alter table member modify column created_date  datetime(6);
2025-03-18 14:28:54.193 [Test worker]  INFO p6spy - #1742322534193 | took 5ms | statement | connection 1| url jdbc:mysql://localhost:3306/mymemopetdb?useSSL=false&serverTimezone=UTC&allowPublicKeyRetrieval=true
alter table member modify column agree_date  datetime(6) not null
alter table member modify column agree_date  datetime(6) not null;
2025-03-18 14:28:54.199 [Test worker]  INFO p6spy - #1742322534199 | took 4ms | statement | connection 1| url jdbc:mysql://localhost:3306/mymemopetdb?useSSL=false&serverTimezone=UTC&allowPublicKeyRetrieval=true
alter table member modify column deleted_date  datetime(6)
alter table member modify column deleted_date  datetime(6);
2025-03-18 14:28:54.205 [Test worker]  INFO p6spy - #1742322534205 | took 6ms | statement | connection 1| url jdbc:mysql://localhost:3306/mymemopetdb?useSSL=false&serverTimezone=UTC&allowPublicKeyRetrieval=true
alter table member_social modify column last_modified_date  datetime(6)
alter table member_social modify column last_modified_date  datetime(6);
2025-03-18 14:28:54.211 [Test worker]  INFO p6spy - #1742322534211 | took 6ms | statement | connection 1| url jdbc:mysql://localhost:3306/mymemopetdb?useSSL=false&serverTimezone=UTC&allowPublicKeyRetrieval=true
alter table member_social modify column created_date  datetime(6)
alter table member_social modify column created_date  datetime(6);
2025-03-18 14:28:54.217 [Test worker]  INFO p6spy - #1742322534217 | took 5ms | statement | connection 1| url jdbc:mysql://localhost:3306/mymemopetdb?useSSL=false&serverTimezone=UTC&allowPublicKeyRetrieval=true
alter table member_social modify column deleted_date  datetime(6)
alter table member_social modify column deleted_date  datetime(6);
2025-03-18 14:28:54.222 [Test worker]  INFO p6spy - #1742322534222 | took 4ms | statement | connection 1| url jdbc:mysql://localhost:3306/mymemopetdb?useSSL=false&serverTimezone=UTC&allowPublicKeyRetrieval=true
alter table member_social modify column last_login_date  datetime(6)
alter table member_social modify column last_login_date  datetime(6);
2025-03-18 14:28:54.227 [Test worker]  INFO p6spy - #1742322534227 | took 5ms | statement | connection 1| url jdbc:mysql://localhost:3306/mymemopetdb?useSSL=false&serverTimezone=UTC&allowPublicKeyRetrieval=true
alter table member_social modify column member_status  enum ('BAN','LOCKED','NORMAL')
alter table member_social modify column member_status  enum ('BAN','LOCKED','NORMAL');
2025-03-18 14:28:54.234 [Test worker]  INFO p6spy - #1742322534234 | took 6ms | statement | connection 1| url jdbc:mysql://localhost:3306/mymemopetdb?useSSL=false&serverTimezone=UTC&allowPublicKeyRetrieval=true
alter table memory modify column last_modified_date  datetime(6)
alter table memory modify column last_modified_date  datetime(6);
2025-03-18 14:28:54.241 [Test worker]  INFO p6spy - #1742322534241 | took 6ms | statement | connection 1| url jdbc:mysql://localhost:3306/mymemopetdb?useSSL=false&serverTimezone=UTC&allowPublicKeyRetrieval=true
alter table memory modify column created_date  datetime(6)
alter table memory modify column created_date  datetime(6);
2025-03-18 14:28:54.246 [Test worker]  INFO p6spy - #1742322534246 | took 5ms | statement | connection 1| url jdbc:mysql://localhost:3306/mymemopetdb?useSSL=false&serverTimezone=UTC&allowPublicKeyRetrieval=true
alter table memory modify column audience  enum ('ALL','FRIEND','ME') not null
alter table memory modify column audience  enum ('ALL','FRIEND','ME') not null;
2025-03-18 14:28:54.252 [Test worker]  INFO p6spy - #1742322534252 | took 5ms | statement | connection 1| url jdbc:mysql://localhost:3306/mymemopetdb?useSSL=false&serverTimezone=UTC&allowPublicKeyRetrieval=true
alter table memory modify column deleted_date  datetime(6)
alter table memory modify column deleted_date  datetime(6);
2025-03-18 14:28:54.256 [Test worker]  INFO p6spy - #1742322534256 | took 3ms | statement | connection 1| url jdbc:mysql://localhost:3306/mymemopetdb?useSSL=false&serverTimezone=UTC&allowPublicKeyRetrieval=true
alter table memory_image modify column created_date  datetime(6)
alter table memory_image modify column created_date  datetime(6);
2025-03-18 14:28:54.259 [Test worker]  INFO p6spy - #1742322534259 | took 3ms | statement | connection 1| url jdbc:mysql://localhost:3306/mymemopetdb?useSSL=false&serverTimezone=UTC&allowPublicKeyRetrieval=true
alter table memory_image modify column deleted_date  datetime(6)
alter table memory_image modify column deleted_date  datetime(6);
2025-03-18 14:28:54.262 [Test worker]  INFO p6spy - #1742322534262 | took 3ms | statement | connection 1| url jdbc:mysql://localhost:3306/mymemopetdb?useSSL=false&serverTimezone=UTC&allowPublicKeyRetrieval=true
alter table meta modify column last_modified_date  datetime(6)
alter table meta modify column last_modified_date  datetime(6);
2025-03-18 14:28:54.267 [Test worker]  INFO p6spy - #1742322534267 | took 4ms | statement | connection 1| url jdbc:mysql://localhost:3306/mymemopetdb?useSSL=false&serverTimezone=UTC&allowPublicKeyRetrieval=true
alter table notification modify column last_modified_date  datetime(6)
alter table notification modify column last_modified_date  datetime(6);
2025-03-18 14:28:54.270 [Test worker]  INFO p6spy - #1742322534270 | took 2ms | statement | connection 1| url jdbc:mysql://localhost:3306/mymemopetdb?useSSL=false&serverTimezone=UTC&allowPublicKeyRetrieval=true
alter table notification modify column created_date  datetime(6)
alter table notification modify column created_date  datetime(6);
2025-03-18 14:28:54.281 [Test worker]  INFO p6spy - #1742322534281 | took 10ms | statement | connection 1| url jdbc:mysql://localhost:3306/mymemopetdb?useSSL=false&serverTimezone=UTC&allowPublicKeyRetrieval=true
alter table pet modify column last_modified_date  datetime(6)
alter table pet modify column last_modified_date  datetime(6);
2025-03-18 14:28:54.291 [Test worker]  INFO p6spy - #1742322534291 | took 10ms | statement | connection 1| url jdbc:mysql://localhost:3306/mymemopetdb?useSSL=false&serverTimezone=UTC&allowPublicKeyRetrieval=true
alter table pet modify column created_date  datetime(6)
alter table pet modify column created_date  datetime(6);
2025-03-18 14:28:54.301 [Test worker]  INFO p6spy - #1742322534301 | took 9ms | statement | connection 1| url jdbc:mysql://localhost:3306/mymemopetdb?useSSL=false&serverTimezone=UTC&allowPublicKeyRetrieval=true
alter table pet modify column deleted_date  datetime(6)
alter table pet modify column deleted_date  datetime(6);
2025-03-18 14:28:54.312 [Test worker]  INFO p6spy - #1742322534312 | took 11ms | statement | connection 1| url jdbc:mysql://localhost:3306/mymemopetdb?useSSL=false&serverTimezone=UTC&allowPublicKeyRetrieval=true
alter table pet modify column gender  enum ('F','M') not null
alter table pet modify column gender  enum ('F','M') not null;
2025-03-18 14:28:54.322 [Test worker]  INFO p6spy - #1742322534322 | took 10ms | statement | connection 1| url jdbc:mysql://localhost:3306/mymemopetdb?useSSL=false&serverTimezone=UTC&allowPublicKeyRetrieval=true
alter table pet modify column pet_status  enum ('ACTIVE','DEACTIVE') not null
alter table pet modify column pet_status  enum ('ACTIVE','DEACTIVE') not null;
2025-03-18 14:28:54.326 [Test worker]  INFO p6spy - #1742322534326 | took 3ms | statement | connection 1| url jdbc:mysql://localhost:3306/mymemopetdb?useSSL=false&serverTimezone=UTC&allowPublicKeyRetrieval=true
alter table recent_search modify column created_date  datetime(6)
alter table recent_search modify column created_date  datetime(6);
2025-03-18 14:28:54.330 [Test worker]  INFO p6spy - #1742322534330 | took 3ms | statement | connection 1| url jdbc:mysql://localhost:3306/mymemopetdb?useSSL=false&serverTimezone=UTC&allowPublicKeyRetrieval=true
alter table refresh_token modify column expired_at  datetime(6)
alter table refresh_token modify column expired_at  datetime(6);
2025-03-18 14:28:54.334 [Test worker]  INFO p6spy - #1742322534334 | took 3ms | statement | connection 1| url jdbc:mysql://localhost:3306/mymemopetdb?useSSL=false&serverTimezone=UTC&allowPublicKeyRetrieval=true
alter table report modify column created_date  datetime(6)
alter table report modify column created_date  datetime(6);
2025-03-18 14:28:54.339 [Test worker]  INFO p6spy - #1742322534339 | took 5ms | statement | connection 1| url jdbc:mysql://localhost:3306/mymemopetdb?useSSL=false&serverTimezone=UTC&allowPublicKeyRetrieval=true
alter table species modify column last_modified_date  datetime(6)
alter table species modify column last_modified_date  datetime(6);
2025-03-18 14:28:54.342 [Test worker]  INFO p6spy - #1742322534342 | took 2ms | statement | connection 1| url jdbc:mysql://localhost:3306/mymemopetdb?useSSL=false&serverTimezone=UTC&allowPublicKeyRetrieval=true
alter table verification_status_entity modify column expired_at  datetime(6)
alter table verification_status_entity modify column expired_at  datetime(6);
2025-03-18 14:28:54.357 [Test worker]  INFO p6spy - #1742322534357 | took 2ms | statement | connection 1| url jdbc:mysql://localhost:3306/mymemopetdb?useSSL=false&serverTimezone=UTC&allowPublicKeyRetrieval=true
select * from `mymemopetdb`.`pet` where 1=0
select * from `mymemopetdb`.`pet` where 1=0;
2025-03-18 14:28:54.365 [Test worker]  INFO p6spy - #1742322534365 | took 0ms | statement | connection 1| url jdbc:mysql://localhost:3306/mymemopetdb?useSSL=false&serverTimezone=UTC&allowPublicKeyRetrieval=true
select * from `mymemopetdb`.`memory` where 1=0
select * from `mymemopetdb`.`memory` where 1=0;
2025-03-18 14:28:54.367 [Test worker]  INFO p6spy - #1742322534367 | took 0ms | statement | connection 1| url jdbc:mysql://localhost:3306/mymemopetdb?useSSL=false&serverTimezone=UTC&allowPublicKeyRetrieval=true
select * from `mymemopetdb`.`pet` where 1=0
select * from `mymemopetdb`.`pet` where 1=0;
2025-03-18 14:28:54.371 [Test worker]  INFO p6spy - #1742322534371 | took 0ms | statement | connection 1| url jdbc:mysql://localhost:3306/mymemopetdb?useSSL=false&serverTimezone=UTC&allowPublicKeyRetrieval=true
select * from `mymemopetdb`.`pet` where 1=0
select * from `mymemopetdb`.`pet` where 1=0;
2025-03-18 14:28:54.375 [Test worker]  INFO p6spy - #1742322534375 | took 0ms | statement | connection 1| url jdbc:mysql://localhost:3306/mymemopetdb?useSSL=false&serverTimezone=UTC&allowPublicKeyRetrieval=true
select * from `mymemopetdb`.`memory` where 1=0
select * from `mymemopetdb`.`memory` where 1=0;
2025-03-18 14:28:54.377 [Test worker]  INFO p6spy - #1742322534377 | took 0ms | statement | connection 1| url jdbc:mysql://localhost:3306/mymemopetdb?useSSL=false&serverTimezone=UTC&allowPublicKeyRetrieval=true
select * from `mymemopetdb`.`pet` where 1=0
select * from `mymemopetdb`.`pet` where 1=0;
2025-03-18 14:28:54.381 [Test worker]  INFO p6spy - #1742322534381 | took 0ms | statement | connection 1| url jdbc:mysql://localhost:3306/mymemopetdb?useSSL=false&serverTimezone=UTC&allowPublicKeyRetrieval=true
select * from `mymemopetdb`.`pet` where 1=0
select * from `mymemopetdb`.`pet` where 1=0;
2025-03-18 14:28:54.385 [Test worker]  INFO p6spy - #1742322534385 | took 0ms | statement | connection 1| url jdbc:mysql://localhost:3306/mymemopetdb?useSSL=false&serverTimezone=UTC&allowPublicKeyRetrieval=true
select * from `mymemopetdb`.`memory` where 1=0
select * from `mymemopetdb`.`memory` where 1=0;
2025-03-18 14:28:54.389 [Test worker]  INFO p6spy - #1742322534389 | took 0ms | statement | connection 1| url jdbc:mysql://localhost:3306/mymemopetdb?useSSL=false&serverTimezone=UTC&allowPublicKeyRetrieval=true
select * from `mymemopetdb`.`pet` where 1=0
select * from `mymemopetdb`.`pet` where 1=0;
2025-03-18 14:28:54.396 [Test worker]  INFO p6spy - #1742322534396 | took 0ms | statement | connection 1| url jdbc:mysql://localhost:3306/mymemopetdb?useSSL=false&serverTimezone=UTC&allowPublicKeyRetrieval=true
select * from `mymemopetdb`.`member` where 1=0
select * from `mymemopetdb`.`member` where 1=0;
2025-03-18 14:28:54.398 [Test worker]  INFO p6spy - #1742322534397 | took 0ms | statement | connection 1| url jdbc:mysql://localhost:3306/mymemopetdb?useSSL=false&serverTimezone=UTC&allowPublicKeyRetrieval=true
select * from `mymemopetdb`.`species` where 1=0
select * from `mymemopetdb`.`species` where 1=0;
2025-03-18 14:28:54.402 [Test worker]  INFO p6spy - #1742322534402 | took 0ms | statement | connection 1| url jdbc:mysql://localhost:3306/mymemopetdb?useSSL=false&serverTimezone=UTC&allowPublicKeyRetrieval=true
select * from `mymemopetdb`.`pet` where 1=0
select * from `mymemopetdb`.`pet` where 1=0;
2025-03-18 14:28:54.406 [Test worker]  INFO p6spy - #1742322534406 | took 0ms | statement | connection 1| url jdbc:mysql://localhost:3306/mymemopetdb?useSSL=false&serverTimezone=UTC&allowPublicKeyRetrieval=true
select * from `mymemopetdb`.`member_social` where 1=0
select * from `mymemopetdb`.`member_social` where 1=0;
2025-03-18 14:44:42.528 [restartedMain]  INFO p6spy - #1742323482528 | took 35ms | statement | connection 4| url jdbc:mysql://localhost:3306/mymemopetdb?useSSL=false&serverTimezone=UTC&allowPublicKeyRetrieval=true
alter table access_log modify column request_at  datetime(6)
alter table access_log modify column request_at  datetime(6);
2025-03-18 14:44:42.533 [restartedMain]  INFO p6spy - #1742323482533 | took 5ms | statement | connection 4| url jdbc:mysql://localhost:3306/mymemopetdb?useSSL=false&serverTimezone=UTC&allowPublicKeyRetrieval=true
alter table access_log modify column response_at  datetime(6)
alter table access_log modify column response_at  datetime(6);
2025-03-18 14:44:42.537 [restartedMain]  INFO p6spy - #1742323482537 | took 3ms | statement | connection 4| url jdbc:mysql://localhost:3306/mymemopetdb?useSSL=false&serverTimezone=UTC&allowPublicKeyRetrieval=true
alter table audit modify column created_date  datetime(6)
alter table audit modify column created_date  datetime(6);
2025-03-18 14:44:42.541 [restartedMain]  INFO p6spy - #1742323482541 | took 4ms | statement | connection 4| url jdbc:mysql://localhost:3306/mymemopetdb?useSSL=false&serverTimezone=UTC&allowPublicKeyRetrieval=true
alter table blocked modify column created_date  datetime(6) not null
alter table blocked modify column created_date  datetime(6) not null;
2025-03-18 14:44:42.548 [restartedMain]  INFO p6spy - #1742323482548 | took 6ms | statement | connection 4| url jdbc:mysql://localhost:3306/mymemopetdb?useSSL=false&serverTimezone=UTC&allowPublicKeyRetrieval=true
alter table comment modify column last_modified_date  datetime(6)
alter table comment modify column last_modified_date  datetime(6);
2025-03-18 14:44:42.552 [restartedMain]  INFO p6spy - #1742323482552 | took 3ms | statement | connection 4| url jdbc:mysql://localhost:3306/mymemopetdb?useSSL=false&serverTimezone=UTC&allowPublicKeyRetrieval=true
alter table comment modify column created_date  datetime(6)
alter table comment modify column created_date  datetime(6);
2025-03-18 14:44:42.557 [restartedMain]  INFO p6spy - #1742323482557 | took 5ms | statement | connection 4| url jdbc:mysql://localhost:3306/mymemopetdb?useSSL=false&serverTimezone=UTC&allowPublicKeyRetrieval=true
alter table comment modify column comment_group  enum ('LAST_WORD','MEMORY_COMMENT') not null
alter table comment modify column comment_group  enum ('LAST_WORD','MEMORY_COMMENT') not null;
2025-03-18 14:44:42.561 [restartedMain]  INFO p6spy - #1742323482561 | took 4ms | statement | connection 4| url jdbc:mysql://localhost:3306/mymemopetdb?useSSL=false&serverTimezone=UTC&allowPublicKeyRetrieval=true
alter table comment modify column deleted_date  datetime(6)
alter table comment modify column deleted_date  datetime(6);
2025-03-18 14:44:42.565 [restartedMain]  INFO p6spy - #1742323482565 | took 3ms | statement | connection 4| url jdbc:mysql://localhost:3306/mymemopetdb?useSSL=false&serverTimezone=UTC&allowPublicKeyRetrieval=true
alter table follow modify column last_modified_date  datetime(6)
alter table follow modify column last_modified_date  datetime(6);
2025-03-18 14:44:42.570 [restartedMain]  INFO p6spy - #1742323482570 | took 4ms | statement | connection 4| url jdbc:mysql://localhost:3306/mymemopetdb?useSSL=false&serverTimezone=UTC&allowPublicKeyRetrieval=true
alter table follow modify column created_date  datetime(6)
alter table follow modify column created_date  datetime(6);
2025-03-18 14:44:42.579 [restartedMain]  INFO p6spy - #1742323482579 | took 9ms | statement | connection 4| url jdbc:mysql://localhost:3306/mymemopetdb?useSSL=false&serverTimezone=UTC&allowPublicKeyRetrieval=true
alter table likes modify column created_date  datetime(6)
alter table likes modify column created_date  datetime(6);
2025-03-18 14:44:42.585 [restartedMain]  INFO p6spy - #1742323482585 | took 5ms | statement | connection 4| url jdbc:mysql://localhost:3306/mymemopetdb?useSSL=false&serverTimezone=UTC&allowPublicKeyRetrieval=true
alter table member modify column last_modified_date  datetime(6)
alter table member modify column last_modified_date  datetime(6);
2025-03-18 14:44:42.591 [restartedMain]  INFO p6spy - #1742323482591 | took 5ms | statement | connection 4| url jdbc:mysql://localhost:3306/mymemopetdb?useSSL=false&serverTimezone=UTC&allowPublicKeyRetrieval=true
alter table member modify column created_date  datetime(6)
alter table member modify column created_date  datetime(6);
2025-03-18 14:44:42.597 [restartedMain]  INFO p6spy - #1742323482597 | took 5ms | statement | connection 4| url jdbc:mysql://localhost:3306/mymemopetdb?useSSL=false&serverTimezone=UTC&allowPublicKeyRetrieval=true
alter table member modify column agree_date  datetime(6) not null
alter table member modify column agree_date  datetime(6) not null;
2025-03-18 14:44:42.603 [restartedMain]  INFO p6spy - #1742323482603 | took 5ms | statement | connection 4| url jdbc:mysql://localhost:3306/mymemopetdb?useSSL=false&serverTimezone=UTC&allowPublicKeyRetrieval=true
alter table member modify column deleted_date  datetime(6)
alter table member modify column deleted_date  datetime(6);
2025-03-18 14:44:42.616 [restartedMain]  INFO p6spy - #1742323482616 | took 13ms | statement | connection 4| url jdbc:mysql://localhost:3306/mymemopetdb?useSSL=false&serverTimezone=UTC&allowPublicKeyRetrieval=true
alter table member_social modify column last_modified_date  datetime(6)
alter table member_social modify column last_modified_date  datetime(6);
2025-03-18 14:44:42.621 [restartedMain]  INFO p6spy - #1742323482621 | took 4ms | statement | connection 4| url jdbc:mysql://localhost:3306/mymemopetdb?useSSL=false&serverTimezone=UTC&allowPublicKeyRetrieval=true
alter table member_social modify column created_date  datetime(6)
alter table member_social modify column created_date  datetime(6);
2025-03-18 14:44:42.626 [restartedMain]  INFO p6spy - #1742323482626 | took 4ms | statement | connection 4| url jdbc:mysql://localhost:3306/mymemopetdb?useSSL=false&serverTimezone=UTC&allowPublicKeyRetrieval=true
alter table member_social modify column deleted_date  datetime(6)
alter table member_social modify column deleted_date  datetime(6);
2025-03-18 14:44:42.631 [restartedMain]  INFO p6spy - #1742323482631 | took 5ms | statement | connection 4| url jdbc:mysql://localhost:3306/mymemopetdb?useSSL=false&serverTimezone=UTC&allowPublicKeyRetrieval=true
alter table member_social modify column last_login_date  datetime(6)
alter table member_social modify column last_login_date  datetime(6);
2025-03-18 14:44:42.636 [restartedMain]  INFO p6spy - #1742323482636 | took 4ms | statement | connection 4| url jdbc:mysql://localhost:3306/mymemopetdb?useSSL=false&serverTimezone=UTC&allowPublicKeyRetrieval=true
alter table member_social modify column member_status  enum ('BAN','LOCKED','NORMAL')
alter table member_social modify column member_status  enum ('BAN','LOCKED','NORMAL');
2025-03-18 14:44:42.643 [restartedMain]  INFO p6spy - #1742323482643 | took 6ms | statement | connection 4| url jdbc:mysql://localhost:3306/mymemopetdb?useSSL=false&serverTimezone=UTC&allowPublicKeyRetrieval=true
alter table memory modify column last_modified_date  datetime(6)
alter table memory modify column last_modified_date  datetime(6);
2025-03-18 14:44:42.649 [restartedMain]  INFO p6spy - #1742323482649 | took 6ms | statement | connection 4| url jdbc:mysql://localhost:3306/mymemopetdb?useSSL=false&serverTimezone=UTC&allowPublicKeyRetrieval=true
alter table memory modify column created_date  datetime(6)
alter table memory modify column created_date  datetime(6);
2025-03-18 14:44:42.656 [restartedMain]  INFO p6spy - #1742323482656 | took 6ms | statement | connection 4| url jdbc:mysql://localhost:3306/mymemopetdb?useSSL=false&serverTimezone=UTC&allowPublicKeyRetrieval=true
alter table memory modify column audience  enum ('ALL','FRIEND','ME') not null
alter table memory modify column audience  enum ('ALL','FRIEND','ME') not null;
2025-03-18 14:44:42.662 [restartedMain]  INFO p6spy - #1742323482662 | took 6ms | statement | connection 4| url jdbc:mysql://localhost:3306/mymemopetdb?useSSL=false&serverTimezone=UTC&allowPublicKeyRetrieval=true
alter table memory modify column deleted_date  datetime(6)
alter table memory modify column deleted_date  datetime(6);
2025-03-18 14:44:42.665 [restartedMain]  INFO p6spy - #1742323482665 | took 3ms | statement | connection 4| url jdbc:mysql://localhost:3306/mymemopetdb?useSSL=false&serverTimezone=UTC&allowPublicKeyRetrieval=true
alter table memory_image modify column created_date  datetime(6)
alter table memory_image modify column created_date  datetime(6);
2025-03-18 14:44:42.669 [restartedMain]  INFO p6spy - #1742323482669 | took 4ms | statement | connection 4| url jdbc:mysql://localhost:3306/mymemopetdb?useSSL=false&serverTimezone=UTC&allowPublicKeyRetrieval=true
alter table memory_image modify column deleted_date  datetime(6)
alter table memory_image modify column deleted_date  datetime(6);
2025-03-18 14:44:42.673 [restartedMain]  INFO p6spy - #1742323482673 | took 3ms | statement | connection 4| url jdbc:mysql://localhost:3306/mymemopetdb?useSSL=false&serverTimezone=UTC&allowPublicKeyRetrieval=true
alter table meta modify column last_modified_date  datetime(6)
alter table meta modify column last_modified_date  datetime(6);
2025-03-18 14:44:42.677 [restartedMain]  INFO p6spy - #1742323482677 | took 3ms | statement | connection 4| url jdbc:mysql://localhost:3306/mymemopetdb?useSSL=false&serverTimezone=UTC&allowPublicKeyRetrieval=true
alter table notification modify column last_modified_date  datetime(6)
alter table notification modify column last_modified_date  datetime(6);
2025-03-18 14:44:42.680 [restartedMain]  INFO p6spy - #1742323482680 | took 3ms | statement | connection 4| url jdbc:mysql://localhost:3306/mymemopetdb?useSSL=false&serverTimezone=UTC&allowPublicKeyRetrieval=true
alter table notification modify column created_date  datetime(6)
alter table notification modify column created_date  datetime(6);
2025-03-18 14:44:42.696 [restartedMain]  INFO p6spy - #1742323482696 | took 15ms | statement | connection 4| url jdbc:mysql://localhost:3306/mymemopetdb?useSSL=false&serverTimezone=UTC&allowPublicKeyRetrieval=true
alter table pet modify column last_modified_date  datetime(6)
alter table pet modify column last_modified_date  datetime(6);
2025-03-18 14:44:42.711 [restartedMain]  INFO p6spy - #1742323482711 | took 14ms | statement | connection 4| url jdbc:mysql://localhost:3306/mymemopetdb?useSSL=false&serverTimezone=UTC&allowPublicKeyRetrieval=true
alter table pet modify column created_date  datetime(6)
alter table pet modify column created_date  datetime(6);
2025-03-18 14:44:42.726 [restartedMain]  INFO p6spy - #1742323482726 | took 14ms | statement | connection 4| url jdbc:mysql://localhost:3306/mymemopetdb?useSSL=false&serverTimezone=UTC&allowPublicKeyRetrieval=true
alter table pet modify column deleted_date  datetime(6)
alter table pet modify column deleted_date  datetime(6);
2025-03-18 14:44:42.737 [restartedMain]  INFO p6spy - #1742323482737 | took 11ms | statement | connection 4| url jdbc:mysql://localhost:3306/mymemopetdb?useSSL=false&serverTimezone=UTC&allowPublicKeyRetrieval=true
alter table pet modify column gender  enum ('F','M') not null
alter table pet modify column gender  enum ('F','M') not null;
2025-03-18 14:44:42.754 [restartedMain]  INFO p6spy - #1742323482753 | took 15ms | statement | connection 4| url jdbc:mysql://localhost:3306/mymemopetdb?useSSL=false&serverTimezone=UTC&allowPublicKeyRetrieval=true
alter table pet modify column pet_status  enum ('ACTIVE','DEACTIVE') not null
alter table pet modify column pet_status  enum ('ACTIVE','DEACTIVE') not null;
2025-03-18 14:44:42.762 [restartedMain]  INFO p6spy - #1742323482761 | took 4ms | statement | connection 4| url jdbc:mysql://localhost:3306/mymemopetdb?useSSL=false&serverTimezone=UTC&allowPublicKeyRetrieval=true
alter table recent_search modify column created_date  datetime(6)
alter table recent_search modify column created_date  datetime(6);
2025-03-18 14:44:42.785 [restartedMain]  INFO p6spy - #1742323482785 | took 7ms | statement | connection 4| url jdbc:mysql://localhost:3306/mymemopetdb?useSSL=false&serverTimezone=UTC&allowPublicKeyRetrieval=true
alter table refresh_token modify column expired_at  datetime(6)
alter table refresh_token modify column expired_at  datetime(6);
2025-03-18 14:44:42.790 [restartedMain]  INFO p6spy - #1742323482790 | took 4ms | statement | connection 4| url jdbc:mysql://localhost:3306/mymemopetdb?useSSL=false&serverTimezone=UTC&allowPublicKeyRetrieval=true
alter table report modify column created_date  datetime(6)
alter table report modify column created_date  datetime(6);
2025-03-18 14:44:42.797 [restartedMain]  INFO p6spy - #1742323482797 | took 6ms | statement | connection 4| url jdbc:mysql://localhost:3306/mymemopetdb?useSSL=false&serverTimezone=UTC&allowPublicKeyRetrieval=true
alter table species modify column last_modified_date  datetime(6)
alter table species modify column last_modified_date  datetime(6);
2025-03-18 14:44:42.802 [restartedMain]  INFO p6spy - #1742323482802 | took 5ms | statement | connection 4| url jdbc:mysql://localhost:3306/mymemopetdb?useSSL=false&serverTimezone=UTC&allowPublicKeyRetrieval=true
alter table verification_status_entity modify column expired_at  datetime(6)
alter table verification_status_entity modify column expired_at  datetime(6);
2025-03-18 14:44:42.809 [restartedMain]  INFO p6spy - #1742323482809 | took 1ms | statement | connection 4| url jdbc:mysql://localhost:3306/mymemopetdb?useSSL=false&serverTimezone=UTC&allowPublicKeyRetrieval=true
select * from `mymemopetdb`.`pet` where 1=0
select * from `mymemopetdb`.`pet` where 1=0;
2025-03-18 14:44:42.815 [restartedMain]  INFO p6spy - #1742323482815 | took 0ms | statement | connection 4| url jdbc:mysql://localhost:3306/mymemopetdb?useSSL=false&serverTimezone=UTC&allowPublicKeyRetrieval=true
select * from `mymemopetdb`.`memory` where 1=0
select * from `mymemopetdb`.`memory` where 1=0;
2025-03-18 14:44:42.817 [restartedMain]  INFO p6spy - #1742323482816 | took 0ms | statement | connection 4| url jdbc:mysql://localhost:3306/mymemopetdb?useSSL=false&serverTimezone=UTC&allowPublicKeyRetrieval=true
select * from `mymemopetdb`.`pet` where 1=0
select * from `mymemopetdb`.`pet` where 1=0;
2025-03-18 14:44:42.828 [restartedMain]  INFO p6spy - #1742323482828 | took 1ms | statement | connection 4| url jdbc:mysql://localhost:3306/mymemopetdb?useSSL=false&serverTimezone=UTC&allowPublicKeyRetrieval=true
select * from `mymemopetdb`.`pet` where 1=0
select * from `mymemopetdb`.`pet` where 1=0;
2025-03-18 14:44:42.834 [restartedMain]  INFO p6spy - #1742323482834 | took 0ms | statement | connection 4| url jdbc:mysql://localhost:3306/mymemopetdb?useSSL=false&serverTimezone=UTC&allowPublicKeyRetrieval=true
select * from `mymemopetdb`.`memory` where 1=0
select * from `mymemopetdb`.`memory` where 1=0;
2025-03-18 14:44:42.836 [restartedMain]  INFO p6spy - #1742323482836 | took 0ms | statement | connection 4| url jdbc:mysql://localhost:3306/mymemopetdb?useSSL=false&serverTimezone=UTC&allowPublicKeyRetrieval=true
select * from `mymemopetdb`.`pet` where 1=0
select * from `mymemopetdb`.`pet` where 1=0;
2025-03-18 14:44:42.841 [restartedMain]  INFO p6spy - #1742323482841 | took 0ms | statement | connection 4| url jdbc:mysql://localhost:3306/mymemopetdb?useSSL=false&serverTimezone=UTC&allowPublicKeyRetrieval=true
select * from `mymemopetdb`.`pet` where 1=0
select * from `mymemopetdb`.`pet` where 1=0;
2025-03-18 14:44:42.860 [restartedMain]  INFO p6spy - #1742323482860 | took 0ms | statement | connection 4| url jdbc:mysql://localhost:3306/mymemopetdb?useSSL=false&serverTimezone=UTC&allowPublicKeyRetrieval=true
select * from `mymemopetdb`.`memory` where 1=0
select * from `mymemopetdb`.`memory` where 1=0;
2025-03-18 14:44:42.865 [restartedMain]  INFO p6spy - #1742323482865 | took 0ms | statement | connection 4| url jdbc:mysql://localhost:3306/mymemopetdb?useSSL=false&serverTimezone=UTC&allowPublicKeyRetrieval=true
select * from `mymemopetdb`.`pet` where 1=0
select * from `mymemopetdb`.`pet` where 1=0;
2025-03-18 14:44:42.876 [restartedMain]  INFO p6spy - #1742323482876 | took 0ms | statement | connection 4| url jdbc:mysql://localhost:3306/mymemopetdb?useSSL=false&serverTimezone=UTC&allowPublicKeyRetrieval=true
select * from `mymemopetdb`.`member` where 1=0
select * from `mymemopetdb`.`member` where 1=0;
2025-03-18 14:44:42.878 [restartedMain]  INFO p6spy - #1742323482878 | took 0ms | statement | connection 4| url jdbc:mysql://localhost:3306/mymemopetdb?useSSL=false&serverTimezone=UTC&allowPublicKeyRetrieval=true
select * from `mymemopetdb`.`species` where 1=0
select * from `mymemopetdb`.`species` where 1=0;
2025-03-18 14:44:42.890 [restartedMain]  INFO p6spy - #1742323482890 | took 0ms | statement | connection 4| url jdbc:mysql://localhost:3306/mymemopetdb?useSSL=false&serverTimezone=UTC&allowPublicKeyRetrieval=true
select * from `mymemopetdb`.`pet` where 1=0
select * from `mymemopetdb`.`pet` where 1=0;
2025-03-18 14:44:42.899 [restartedMain]  INFO p6spy - #1742323482899 | took 0ms | statement | connection 4| url jdbc:mysql://localhost:3306/mymemopetdb?useSSL=false&serverTimezone=UTC&allowPublicKeyRetrieval=true
select * from `mymemopetdb`.`member_social` where 1=0
select * from `mymemopetdb`.`member_social` where 1=0;
2025-03-18 15:28:04.654 [restartedMain]  INFO p6spy - #1742326084654 | took 16ms | statement | connection 7| url jdbc:mysql://localhost:3306/mymemopetdb?useSSL=false&serverTimezone=UTC&allowPublicKeyRetrieval=true
alter table access_log modify column request_at  datetime(6)
alter table access_log modify column request_at  datetime(6);
2025-03-18 15:28:04.659 [restartedMain]  INFO p6spy - #1742326084659 | took 4ms | statement | connection 7| url jdbc:mysql://localhost:3306/mymemopetdb?useSSL=false&serverTimezone=UTC&allowPublicKeyRetrieval=true
alter table access_log modify column response_at  datetime(6)
alter table access_log modify column response_at  datetime(6);
2025-03-18 15:28:04.663 [restartedMain]  INFO p6spy - #1742326084663 | took 4ms | statement | connection 7| url jdbc:mysql://localhost:3306/mymemopetdb?useSSL=false&serverTimezone=UTC&allowPublicKeyRetrieval=true
alter table audit modify column created_date  datetime(6)
alter table audit modify column created_date  datetime(6);
2025-03-18 15:28:04.669 [restartedMain]  INFO p6spy - #1742326084669 | took 5ms | statement | connection 7| url jdbc:mysql://localhost:3306/mymemopetdb?useSSL=false&serverTimezone=UTC&allowPublicKeyRetrieval=true
alter table blocked modify column created_date  datetime(6) not null
alter table blocked modify column created_date  datetime(6) not null;
2025-03-18 15:28:04.674 [restartedMain]  INFO p6spy - #1742326084674 | took 4ms | statement | connection 7| url jdbc:mysql://localhost:3306/mymemopetdb?useSSL=false&serverTimezone=UTC&allowPublicKeyRetrieval=true
alter table comment modify column last_modified_date  datetime(6)
alter table comment modify column last_modified_date  datetime(6);
2025-03-18 15:28:04.678 [restartedMain]  INFO p6spy - #1742326084678 | took 3ms | statement | connection 7| url jdbc:mysql://localhost:3306/mymemopetdb?useSSL=false&serverTimezone=UTC&allowPublicKeyRetrieval=true
alter table comment modify column created_date  datetime(6)
alter table comment modify column created_date  datetime(6);
2025-03-18 15:28:04.683 [restartedMain]  INFO p6spy - #1742326084683 | took 5ms | statement | connection 7| url jdbc:mysql://localhost:3306/mymemopetdb?useSSL=false&serverTimezone=UTC&allowPublicKeyRetrieval=true
alter table comment modify column comment_group  enum ('LAST_WORD','MEMORY_COMMENT') not null
alter table comment modify column comment_group  enum ('LAST_WORD','MEMORY_COMMENT') not null;
2025-03-18 15:28:04.689 [restartedMain]  INFO p6spy - #1742326084689 | took 5ms | statement | connection 7| url jdbc:mysql://localhost:3306/mymemopetdb?useSSL=false&serverTimezone=UTC&allowPublicKeyRetrieval=true
alter table comment modify column deleted_date  datetime(6)
alter table comment modify column deleted_date  datetime(6);
2025-03-18 15:28:04.693 [restartedMain]  INFO p6spy - #1742326084693 | took 3ms | statement | connection 7| url jdbc:mysql://localhost:3306/mymemopetdb?useSSL=false&serverTimezone=UTC&allowPublicKeyRetrieval=true
alter table follow modify column last_modified_date  datetime(6)
alter table follow modify column last_modified_date  datetime(6);
2025-03-18 15:28:04.695 [restartedMain]  INFO p6spy - #1742326084695 | took 2ms | statement | connection 7| url jdbc:mysql://localhost:3306/mymemopetdb?useSSL=false&serverTimezone=UTC&allowPublicKeyRetrieval=true
alter table follow modify column created_date  datetime(6)
alter table follow modify column created_date  datetime(6);
2025-03-18 15:28:04.700 [restartedMain]  INFO p6spy - #1742326084700 | took 4ms | statement | connection 7| url jdbc:mysql://localhost:3306/mymemopetdb?useSSL=false&serverTimezone=UTC&allowPublicKeyRetrieval=true
alter table likes modify column created_date  datetime(6)
alter table likes modify column created_date  datetime(6);
2025-03-18 15:28:04.706 [restartedMain]  INFO p6spy - #1742326084706 | took 6ms | statement | connection 7| url jdbc:mysql://localhost:3306/mymemopetdb?useSSL=false&serverTimezone=UTC&allowPublicKeyRetrieval=true
alter table member modify column last_modified_date  datetime(6)
alter table member modify column last_modified_date  datetime(6);
2025-03-18 15:28:04.711 [restartedMain]  INFO p6spy - #1742326084711 | took 4ms | statement | connection 7| url jdbc:mysql://localhost:3306/mymemopetdb?useSSL=false&serverTimezone=UTC&allowPublicKeyRetrieval=true
alter table member modify column created_date  datetime(6)
alter table member modify column created_date  datetime(6);
2025-03-18 15:28:04.718 [restartedMain]  INFO p6spy - #1742326084718 | took 6ms | statement | connection 7| url jdbc:mysql://localhost:3306/mymemopetdb?useSSL=false&serverTimezone=UTC&allowPublicKeyRetrieval=true
alter table member modify column agree_date  datetime(6) not null
alter table member modify column agree_date  datetime(6) not null;
2025-03-18 15:28:04.723 [restartedMain]  INFO p6spy - #1742326084723 | took 5ms | statement | connection 7| url jdbc:mysql://localhost:3306/mymemopetdb?useSSL=false&serverTimezone=UTC&allowPublicKeyRetrieval=true
alter table member modify column deleted_date  datetime(6)
alter table member modify column deleted_date  datetime(6);
2025-03-18 15:28:04.731 [restartedMain]  INFO p6spy - #1742326084731 | took 7ms | statement | connection 7| url jdbc:mysql://localhost:3306/mymemopetdb?useSSL=false&serverTimezone=UTC&allowPublicKeyRetrieval=true
alter table member_social modify column last_modified_date  datetime(6)
alter table member_social modify column last_modified_date  datetime(6);
2025-03-18 15:28:04.736 [restartedMain]  INFO p6spy - #1742326084736 | took 4ms | statement | connection 7| url jdbc:mysql://localhost:3306/mymemopetdb?useSSL=false&serverTimezone=UTC&allowPublicKeyRetrieval=true
alter table member_social modify column created_date  datetime(6)
alter table member_social modify column created_date  datetime(6);
2025-03-18 15:28:04.741 [restartedMain]  INFO p6spy - #1742326084741 | took 5ms | statement | connection 7| url jdbc:mysql://localhost:3306/mymemopetdb?useSSL=false&serverTimezone=UTC&allowPublicKeyRetrieval=true
alter table member_social modify column deleted_date  datetime(6)
alter table member_social modify column deleted_date  datetime(6);
2025-03-18 15:28:04.747 [restartedMain]  INFO p6spy - #1742326084747 | took 5ms | statement | connection 7| url jdbc:mysql://localhost:3306/mymemopetdb?useSSL=false&serverTimezone=UTC&allowPublicKeyRetrieval=true
alter table member_social modify column last_login_date  datetime(6)
alter table member_social modify column last_login_date  datetime(6);
2025-03-18 15:28:04.752 [restartedMain]  INFO p6spy - #1742326084752 | took 4ms | statement | connection 7| url jdbc:mysql://localhost:3306/mymemopetdb?useSSL=false&serverTimezone=UTC&allowPublicKeyRetrieval=true
alter table member_social modify column member_status  enum ('BAN','LOCKED','NORMAL')
alter table member_social modify column member_status  enum ('BAN','LOCKED','NORMAL');
2025-03-18 15:28:04.758 [restartedMain]  INFO p6spy - #1742326084758 | took 5ms | statement | connection 7| url jdbc:mysql://localhost:3306/mymemopetdb?useSSL=false&serverTimezone=UTC&allowPublicKeyRetrieval=true
alter table memory modify column last_modified_date  datetime(6)
alter table memory modify column last_modified_date  datetime(6);
2025-03-18 15:28:04.764 [restartedMain]  INFO p6spy - #1742326084764 | took 6ms | statement | connection 7| url jdbc:mysql://localhost:3306/mymemopetdb?useSSL=false&serverTimezone=UTC&allowPublicKeyRetrieval=true
alter table memory modify column created_date  datetime(6)
alter table memory modify column created_date  datetime(6);
2025-03-18 15:28:04.770 [restartedMain]  INFO p6spy - #1742326084770 | took 5ms | statement | connection 7| url jdbc:mysql://localhost:3306/mymemopetdb?useSSL=false&serverTimezone=UTC&allowPublicKeyRetrieval=true
alter table memory modify column audience  enum ('ALL','FRIEND','ME') not null
alter table memory modify column audience  enum ('ALL','FRIEND','ME') not null;
2025-03-18 15:28:04.777 [restartedMain]  INFO p6spy - #1742326084777 | took 6ms | statement | connection 7| url jdbc:mysql://localhost:3306/mymemopetdb?useSSL=false&serverTimezone=UTC&allowPublicKeyRetrieval=true
alter table memory modify column deleted_date  datetime(6)
alter table memory modify column deleted_date  datetime(6);
2025-03-18 15:28:04.781 [restartedMain]  INFO p6spy - #1742326084781 | took 4ms | statement | connection 7| url jdbc:mysql://localhost:3306/mymemopetdb?useSSL=false&serverTimezone=UTC&allowPublicKeyRetrieval=true
alter table memory_image modify column created_date  datetime(6)
alter table memory_image modify column created_date  datetime(6);
2025-03-18 15:28:04.784 [restartedMain]  INFO p6spy - #1742326084784 | took 3ms | statement | connection 7| url jdbc:mysql://localhost:3306/mymemopetdb?useSSL=false&serverTimezone=UTC&allowPublicKeyRetrieval=true
alter table memory_image modify column deleted_date  datetime(6)
alter table memory_image modify column deleted_date  datetime(6);
2025-03-18 15:28:04.788 [restartedMain]  INFO p6spy - #1742326084788 | took 3ms | statement | connection 7| url jdbc:mysql://localhost:3306/mymemopetdb?useSSL=false&serverTimezone=UTC&allowPublicKeyRetrieval=true
alter table meta modify column last_modified_date  datetime(6)
alter table meta modify column last_modified_date  datetime(6);
2025-03-18 15:28:04.792 [restartedMain]  INFO p6spy - #1742326084792 | took 3ms | statement | connection 7| url jdbc:mysql://localhost:3306/mymemopetdb?useSSL=false&serverTimezone=UTC&allowPublicKeyRetrieval=true
alter table notification modify column last_modified_date  datetime(6)
alter table notification modify column last_modified_date  datetime(6);
2025-03-18 15:28:04.795 [restartedMain]  INFO p6spy - #1742326084795 | took 3ms | statement | connection 7| url jdbc:mysql://localhost:3306/mymemopetdb?useSSL=false&serverTimezone=UTC&allowPublicKeyRetrieval=true
alter table notification modify column created_date  datetime(6)
alter table notification modify column created_date  datetime(6);
2025-03-18 15:28:04.806 [restartedMain]  INFO p6spy - #1742326084806 | took 11ms | statement | connection 7| url jdbc:mysql://localhost:3306/mymemopetdb?useSSL=false&serverTimezone=UTC&allowPublicKeyRetrieval=true
alter table pet modify column last_modified_date  datetime(6)
alter table pet modify column last_modified_date  datetime(6);
2025-03-18 15:28:04.817 [restartedMain]  INFO p6spy - #1742326084817 | took 10ms | statement | connection 7| url jdbc:mysql://localhost:3306/mymemopetdb?useSSL=false&serverTimezone=UTC&allowPublicKeyRetrieval=true
alter table pet modify column created_date  datetime(6)
alter table pet modify column created_date  datetime(6);
2025-03-18 15:28:04.827 [restartedMain]  INFO p6spy - #1742326084827 | took 9ms | statement | connection 7| url jdbc:mysql://localhost:3306/mymemopetdb?useSSL=false&serverTimezone=UTC&allowPublicKeyRetrieval=true
alter table pet modify column deleted_date  datetime(6)
alter table pet modify column deleted_date  datetime(6);
2025-03-18 15:28:04.837 [restartedMain]  INFO p6spy - #1742326084837 | took 8ms | statement | connection 7| url jdbc:mysql://localhost:3306/mymemopetdb?useSSL=false&serverTimezone=UTC&allowPublicKeyRetrieval=true
alter table pet modify column gender  enum ('F','M') not null
alter table pet modify column gender  enum ('F','M') not null;
2025-03-18 15:28:04.847 [restartedMain]  INFO p6spy - #1742326084847 | took 9ms | statement | connection 7| url jdbc:mysql://localhost:3306/mymemopetdb?useSSL=false&serverTimezone=UTC&allowPublicKeyRetrieval=true
alter table pet modify column pet_status  enum ('ACTIVE','DEACTIVE') not null
alter table pet modify column pet_status  enum ('ACTIVE','DEACTIVE') not null;
2025-03-18 15:28:04.851 [restartedMain]  INFO p6spy - #1742326084851 | took 4ms | statement | connection 7| url jdbc:mysql://localhost:3306/mymemopetdb?useSSL=false&serverTimezone=UTC&allowPublicKeyRetrieval=true
alter table recent_search modify column created_date  datetime(6)
alter table recent_search modify column created_date  datetime(6);
2025-03-18 15:28:04.854 [restartedMain]  INFO p6spy - #1742326084854 | took 2ms | statement | connection 7| url jdbc:mysql://localhost:3306/mymemopetdb?useSSL=false&serverTimezone=UTC&allowPublicKeyRetrieval=true
alter table refresh_token modify column expired_at  datetime(6)
alter table refresh_token modify column expired_at  datetime(6);
2025-03-18 15:28:04.857 [restartedMain]  INFO p6spy - #1742326084857 | took 3ms | statement | connection 7| url jdbc:mysql://localhost:3306/mymemopetdb?useSSL=false&serverTimezone=UTC&allowPublicKeyRetrieval=true
alter table report modify column created_date  datetime(6)
alter table report modify column created_date  datetime(6);
2025-03-18 15:28:04.862 [restartedMain]  INFO p6spy - #1742326084862 | took 4ms | statement | connection 7| url jdbc:mysql://localhost:3306/mymemopetdb?useSSL=false&serverTimezone=UTC&allowPublicKeyRetrieval=true
alter table species modify column last_modified_date  datetime(6)
alter table species modify column last_modified_date  datetime(6);
2025-03-18 15:28:04.865 [restartedMain]  INFO p6spy - #1742326084865 | took 2ms | statement | connection 7| url jdbc:mysql://localhost:3306/mymemopetdb?useSSL=false&serverTimezone=UTC&allowPublicKeyRetrieval=true
alter table verification_status_entity modify column expired_at  datetime(6)
alter table verification_status_entity modify column expired_at  datetime(6);
2025-03-18 15:28:04.879 [restartedMain]  INFO p6spy - #1742326084879 | took 0ms | statement | connection 7| url jdbc:mysql://localhost:3306/mymemopetdb?useSSL=false&serverTimezone=UTC&allowPublicKeyRetrieval=true
select * from `mymemopetdb`.`pet` where 1=0
select * from `mymemopetdb`.`pet` where 1=0;
2025-03-18 15:28:04.886 [restartedMain]  INFO p6spy - #1742326084886 | took 0ms | statement | connection 7| url jdbc:mysql://localhost:3306/mymemopetdb?useSSL=false&serverTimezone=UTC&allowPublicKeyRetrieval=true
select * from `mymemopetdb`.`memory` where 1=0
select * from `mymemopetdb`.`memory` where 1=0;
2025-03-18 15:28:04.887 [restartedMain]  INFO p6spy - #1742326084887 | took 0ms | statement | connection 7| url jdbc:mysql://localhost:3306/mymemopetdb?useSSL=false&serverTimezone=UTC&allowPublicKeyRetrieval=true
select * from `mymemopetdb`.`pet` where 1=0
select * from `mymemopetdb`.`pet` where 1=0;
2025-03-18 15:28:04.891 [restartedMain]  INFO p6spy - #1742326084891 | took 0ms | statement | connection 7| url jdbc:mysql://localhost:3306/mymemopetdb?useSSL=false&serverTimezone=UTC&allowPublicKeyRetrieval=true
select * from `mymemopetdb`.`pet` where 1=0
select * from `mymemopetdb`.`pet` where 1=0;
2025-03-18 15:28:04.895 [restartedMain]  INFO p6spy - #1742326084895 | took 0ms | statement | connection 7| url jdbc:mysql://localhost:3306/mymemopetdb?useSSL=false&serverTimezone=UTC&allowPublicKeyRetrieval=true
select * from `mymemopetdb`.`memory` where 1=0
select * from `mymemopetdb`.`memory` where 1=0;
2025-03-18 15:28:04.896 [restartedMain]  INFO p6spy - #1742326084896 | took 0ms | statement | connection 7| url jdbc:mysql://localhost:3306/mymemopetdb?useSSL=false&serverTimezone=UTC&allowPublicKeyRetrieval=true
select * from `mymemopetdb`.`pet` where 1=0
select * from `mymemopetdb`.`pet` where 1=0;
2025-03-18 15:28:04.900 [restartedMain]  INFO p6spy - #1742326084900 | took 0ms | statement | connection 7| url jdbc:mysql://localhost:3306/mymemopetdb?useSSL=false&serverTimezone=UTC&allowPublicKeyRetrieval=true
select * from `mymemopetdb`.`pet` where 1=0
select * from `mymemopetdb`.`pet` where 1=0;
2025-03-18 15:28:04.905 [restartedMain]  INFO p6spy - #1742326084905 | took 0ms | statement | connection 7| url jdbc:mysql://localhost:3306/mymemopetdb?useSSL=false&serverTimezone=UTC&allowPublicKeyRetrieval=true
select * from `mymemopetdb`.`memory` where 1=0
select * from `mymemopetdb`.`memory` where 1=0;
2025-03-18 15:28:04.909 [restartedMain]  INFO p6spy - #1742326084909 | took 0ms | statement | connection 7| url jdbc:mysql://localhost:3306/mymemopetdb?useSSL=false&serverTimezone=UTC&allowPublicKeyRetrieval=true
select * from `mymemopetdb`.`pet` where 1=0
select * from `mymemopetdb`.`pet` where 1=0;
2025-03-18 15:28:04.913 [restartedMain]  INFO p6spy - #1742326084913 | took 0ms | statement | connection 7| url jdbc:mysql://localhost:3306/mymemopetdb?useSSL=false&serverTimezone=UTC&allowPublicKeyRetrieval=true
select * from `mymemopetdb`.`member` where 1=0
select * from `mymemopetdb`.`member` where 1=0;
2025-03-18 15:28:04.914 [restartedMain]  INFO p6spy - #1742326084914 | took 0ms | statement | connection 7| url jdbc:mysql://localhost:3306/mymemopetdb?useSSL=false&serverTimezone=UTC&allowPublicKeyRetrieval=true
select * from `mymemopetdb`.`species` where 1=0
select * from `mymemopetdb`.`species` where 1=0;
2025-03-18 15:28:04.918 [restartedMain]  INFO p6spy - #1742326084918 | took 0ms | statement | connection 7| url jdbc:mysql://localhost:3306/mymemopetdb?useSSL=false&serverTimezone=UTC&allowPublicKeyRetrieval=true
select * from `mymemopetdb`.`pet` where 1=0
select * from `mymemopetdb`.`pet` where 1=0;
2025-03-18 15:28:04.922 [restartedMain]  INFO p6spy - #1742326084922 | took 0ms | statement | connection 7| url jdbc:mysql://localhost:3306/mymemopetdb?useSSL=false&serverTimezone=UTC&allowPublicKeyRetrieval=true
select * from `mymemopetdb`.`member_social` where 1=0
select * from `mymemopetdb`.`member_social` where 1=0;
2025-03-18 15:31:46.380 [org.springframework.amqp.rabbit.RabbitListenerEndpointContainer#1-1]  INFO p6spy - #1742326306380 | took 2ms | commit | connection 9| url jdbc:mysql://localhost:3306/mymemopetdb?useSSL=false&serverTimezone=UTC&allowPublicKeyRetrieval=true

;
2025-03-18 15:31:58.932 [http-nio-8080-exec-3]  INFO p6spy - #1742326318932 | took 7ms | statement | connection 10| url jdbc:mysql://localhost:3306/mymemopetdb?useSSL=false&serverTimezone=UTC&allowPublicKeyRetrieval=true
select rt.* FROM refresh_token rt where rt.access_token = ? and rt.revoked = false
select rt.* FROM refresh_token rt where rt.access_token = 'eyJhbGciOiJSUzI1NiJ9.eyJpc3MiOiJhdHF1aWwiLCJzdWIiOiJqYWVsZWU5MjEyQGdtYWlsLmNvbSIsImV4cCI6MTc0MjMyNTE1NywiaWF0IjoxNzQyMzE0MzU3LCJzY29wZSI6IlVTRVJfQVVUSE9SSVRZIn0.S49msU6j1seXj8PenllViOxn2s2leX7zlmEfz36nm2A9-bDNYT0AVhQKXS_hooBlZKTV-lg3Ti8rlPWLneZy7oS9ICeJ_4GKX_UFso3Bccq7pmDGh-wrs62aiWEOASlnLBwIaZMWXh_dgBItzIoKnLyoY1X1XrWhmBxgVfT0bArUJ7oG1SgQlE4VAk6ywlSBEuMSQH4lH9Sm3G1oIWKT9dJ96-ys720pl4Lq2LAYhgX8B9D_8d7QH_TFhqFymG_W3lwwKKrOa4911ZJ97rnBaawFX_nKd9S2VPmjjlrN72jGbN3RNKfYQ7T1GEpfwn2XKVk4hx8eoXXa3hHLFPhvBA' and rt.revoked = false;
2025-03-18 15:31:58.961 [http-nio-8080-exec-3]  INFO p6spy - #1742326318961 | took 2ms | statement | connection 10| url jdbc:mysql://localhost:3306/mymemopetdb?useSSL=false&serverTimezone=UTC&allowPublicKeyRetrieval=true
select m1_0.id,m1_0.created_date,m1_0.deleted_date,m1_0.email,m1_0.last_login_date,m1_0.last_modified_by,m1_0.last_modified_date,m1_0.login_fail_count,m1_0.member_id,m1_0.member_status,m1_0.password,m1_0.phone_num,m1_0.provider,m1_0.provider_id,m1_0.roles,m1_0.username from member_social m1_0 where m1_0.id=?
select m1_0.id,m1_0.created_date,m1_0.deleted_date,m1_0.email,m1_0.last_login_date,m1_0.last_modified_by,m1_0.last_modified_date,m1_0.login_fail_count,m1_0.member_id,m1_0.member_status,m1_0.password,m1_0.phone_num,m1_0.provider,m1_0.provider_id,m1_0.roles,m1_0.username from member_social m1_0 where m1_0.id=4;
2025-03-18 15:31:58.971 [http-nio-8080-exec-3]  INFO p6spy - #1742326318971 | took 0ms | commit | connection 11| url jdbc:mysql://localhost:3306/mymemopetdb?useSSL=false&serverTimezone=UTC&allowPublicKeyRetrieval=true

;
2025-03-18 15:31:59.002 [http-nio-8080-exec-3]  INFO p6spy - #1742326319002 | took 2ms | statement | connection 12| url jdbc:mysql://localhost:3306/mymemopetdb?useSSL=false&serverTimezone=UTC&allowPublicKeyRetrieval=true
select r1_0.id,r1_0.access_token,r1_0.expired_at,m1_0.id,m1_0.created_date,m1_0.deleted_date,m1_0.email,m1_0.last_login_date,m1_0.last_modified_by,m1_0.last_modified_date,m1_0.login_fail_count,m1_0.member_id,m1_0.member_status,m1_0.password,m1_0.phone_num,m1_0.provider,m1_0.provider_id,m1_0.roles,m1_0.username,r1_0.refresh_token,r1_0.revoked from refresh_token r1_0 left join member_social m1_0 on m1_0.id=r1_0.member_social_id where r1_0.id=?
select r1_0.id,r1_0.access_token,r1_0.expired_at,m1_0.id,m1_0.created_date,m1_0.deleted_date,m1_0.email,m1_0.last_login_date,m1_0.last_modified_by,m1_0.last_modified_date,m1_0.login_fail_count,m1_0.member_id,m1_0.member_status,m1_0.password,m1_0.phone_num,m1_0.provider,m1_0.provider_id,m1_0.roles,m1_0.username,r1_0.refresh_token,r1_0.revoked from refresh_token r1_0 left join member_social m1_0 on m1_0.id=r1_0.member_social_id where r1_0.id=1;
2025-03-18 15:31:59.024 [http-nio-8080-exec-3]  INFO p6spy - #1742326319024 | took 6ms | statement | connection 12| url jdbc:mysql://localhost:3306/mymemopetdb?useSSL=false&serverTimezone=UTC&allowPublicKeyRetrieval=true
update refresh_token set access_token=?,member_social_id=?,refresh_token=?,revoked=? where id=?
update refresh_token set access_token='eyJhbGciOiJSUzI1NiJ9.eyJpc3MiOiJhdHF1aWwiLCJzdWIiOiJqYWVsZWU5MjEyQGdtYWlsLmNvbSIsImV4cCI6MTc0MjMzNzExOCwiaWF0IjoxNzQyMzI2MzE4LCJzY29wZSI6IlVTRVJfQVVUSE9SSVRZIn0.Ak8XfQ5BDWqLTT8poBIKiiVUvS9uFPMpq75Ihhcbv6i8LpLgfas6DjoxTq26xsWn_k528PYVDKTmQZWy7awMaEtoG3EhzCnb6Hhmdn8sCFoyhCQaaK3qNrqRkpyEWOBzFctQR3EEknO2OZPjRxHmALqQHAUSuI4m80TEsnU35iHW7TchV34Dpls5nOmR5gt4SBxlBcwsF9nSPs_lE7RfyUNkFXCddNcsEaXnatZECOTG_IazZ_fPWmZ_NIbB0TkayJBDbVvRaXvtUBw1m6mw25M1i6MDy2JVd9nykcTTnE934nDWvXSI-8sHhPXxoYeofrrECEYkUGw14KCsLHrnAA',member_social_id=4,refresh_token='eyJhbGciOiJSUzI1NiJ9.eyJpc3MiOiJhdHF1aWwiLCJzdWIiOiJqYWVsZWU5MjEyQGdtYWlsLmNvbSIsImV4cCI6MTc0NDkwNjM1NywiaWF0IjoxNzQyMzE0MzU3LCJzY29wZSI6IlJFRlJFU0hfVE9LRU4ifQ.RLyUay588LBuNJaH-jdCkQ4gpqP3wrhSD4yWfjXsHvzoJnmb77qoWQETgF4r-zQIcw0RzkY0R-Oav9sJ4szAJUVOLpmwPlwqaAYsi2NGLdQBB2y7BNw6Rmi8MZrMRVl616sPee_XK0N0kzpGbYZcCii1KHjKnEt9l3H9fRuvtPnuZk7Nc0quLypAcwNEpcgmoEf5rPC6o49H-QbsJEbUQyTtdH6aVxOTYQujxvmNfq4yUGvVFKABobrAHDkq5M3Ag7poumQFb-V0ugCvH13CBMvasCwdlhFPkbp8QO-VZMSeParmzuucbyXYJnjGp8AZXR8DM8dmA_6-yywiRoHk0w',revoked=false where id=1;
2025-03-18 15:31:59.029 [http-nio-8080-exec-3]  INFO p6spy - #1742326319029 | took 4ms | commit | connection 12| url jdbc:mysql://localhost:3306/mymemopetdb?useSSL=false&serverTimezone=UTC&allowPublicKeyRetrieval=true

;
2025-03-18 15:31:59.070 [http-nio-8080-exec-3]  INFO p6spy - #1742326319070 | took 2ms | statement | connection 13| url jdbc:mysql://localhost:3306/mymemopetdb?useSSL=false&serverTimezone=UTC&allowPublicKeyRetrieval=true
select m1_0.id,m1_0.created_date,m1_0.deleted_date,m1_0.email,m1_0.last_login_date,m1_0.last_modified_by,m1_0.last_modified_date,m1_0.login_fail_count,m1_0.member_id,m1_0.member_status,m1_0.password,m1_0.phone_num,m1_0.provider,m1_0.provider_id,m1_0.roles,m1_0.username from member_social m1_0 where m1_0.email=? and m1_0.deleted_date is null
select m1_0.id,m1_0.created_date,m1_0.deleted_date,m1_0.email,m1_0.last_login_date,m1_0.last_modified_by,m1_0.last_modified_date,m1_0.login_fail_count,m1_0.member_id,m1_0.member_status,m1_0.password,m1_0.phone_num,m1_0.provider,m1_0.provider_id,m1_0.roles,m1_0.username from member_social m1_0 where m1_0.email='jaelee9212@gmail.com' and m1_0.deleted_date is null;
2025-03-18 15:32:03.100 [http-nio-8080-exec-4]  INFO p6spy - #1742326323100 | took 1ms | statement | connection 14| url jdbc:mysql://localhost:3306/mymemopetdb?useSSL=false&serverTimezone=UTC&allowPublicKeyRetrieval=true
select rt.* FROM refresh_token rt where rt.access_token = ? and rt.revoked = false
select rt.* FROM refresh_token rt where rt.access_token = 'eyJhbGciOiJSUzI1NiJ9.eyJpc3MiOiJhdHF1aWwiLCJzdWIiOiJqYWVsZWU5MjEyQGdtYWlsLmNvbSIsImV4cCI6MTc0MjMyNTE1NywiaWF0IjoxNzQyMzE0MzU3LCJzY29wZSI6IlVTRVJfQVVUSE9SSVRZIn0.S49msU6j1seXj8PenllViOxn2s2leX7zlmEfz36nm2A9-bDNYT0AVhQKXS_hooBlZKTV-lg3Ti8rlPWLneZy7oS9ICeJ_4GKX_UFso3Bccq7pmDGh-wrs62aiWEOASlnLBwIaZMWXh_dgBItzIoKnLyoY1X1XrWhmBxgVfT0bArUJ7oG1SgQlE4VAk6ywlSBEuMSQH4lH9Sm3G1oIWKT9dJ96-ys720pl4Lq2LAYhgX8B9D_8d7QH_TFhqFymG_W3lwwKKrOa4911ZJ97rnBaawFX_nKd9S2VPmjjlrN72jGbN3RNKfYQ7T1GEpfwn2XKVk4hx8eoXXa3hHLFPhvBA' and rt.revoked = false;
2025-03-18 15:32:09.695 [http-nio-8080-exec-5]  INFO p6spy - #1742326329695 | took 1ms | statement | connection 15| url jdbc:mysql://localhost:3306/mymemopetdb?useSSL=false&serverTimezone=UTC&allowPublicKeyRetrieval=true
select rt.* FROM refresh_token rt where rt.access_token = ? and rt.revoked = false
select rt.* FROM refresh_token rt where rt.access_token = 'eyJhbGciOiJSUzI1NiJ9.eyJpc3MiOiJhdHF1aWwiLCJzdWIiOiJqYWVsZWU5MjEyQGdtYWlsLmNvbSIsImV4cCI6MTc0MjMyNTE1NywiaWF0IjoxNzQyMzE0MzU3LCJzY29wZSI6IlVTRVJfQVVUSE9SSVRZIn0.S49msU6j1seXj8PenllViOxn2s2leX7zlmEfz36nm2A9-bDNYT0AVhQKXS_hooBlZKTV-lg3Ti8rlPWLneZy7oS9ICeJ_4GKX_UFso3Bccq7pmDGh-wrs62aiWEOASlnLBwIaZMWXh_dgBItzIoKnLyoY1X1XrWhmBxgVfT0bArUJ7oG1SgQlE4VAk6ywlSBEuMSQH4lH9Sm3G1oIWKT9dJ96-ys720pl4Lq2LAYhgX8B9D_8d7QH_TFhqFymG_W3lwwKKrOa4911ZJ97rnBaawFX_nKd9S2VPmjjlrN72jGbN3RNKfYQ7T1GEpfwn2XKVk4hx8eoXXa3hHLFPhvBA' and rt.revoked = false;
2025-03-18 15:32:27.703 [http-nio-8080-exec-9]  INFO p6spy - #1742326347703 | took 3ms | statement | connection 16| url jdbc:mysql://localhost:3306/mymemopetdb?useSSL=false&serverTimezone=UTC&allowPublicKeyRetrieval=true
select m1_0.id,m1_0.created_date,m1_0.deleted_date,m1_0.email,m1_0.last_login_date,m1_0.last_modified_by,m1_0.last_modified_date,m1_0.login_fail_count,m1_0.member_id,m1_0.member_status,m1_0.password,m1_0.phone_num,m1_0.provider,m1_0.provider_id,m1_0.roles,m1_0.username from member_social m1_0 where m1_0.email=? and m1_0.deleted_date is null
select m1_0.id,m1_0.created_date,m1_0.deleted_date,m1_0.email,m1_0.last_login_date,m1_0.last_modified_by,m1_0.last_modified_date,m1_0.login_fail_count,m1_0.member_id,m1_0.member_status,m1_0.password,m1_0.phone_num,m1_0.provider,m1_0.provider_id,m1_0.roles,m1_0.username from member_social m1_0 where m1_0.email='jaelee9212@gmail.com' and m1_0.deleted_date is null;
2025-03-18 15:32:27.704 [http-nio-8080-exec-9]  INFO p6spy - #1742326347704 | took 0ms | rollback | connection 16| url jdbc:mysql://localhost:3306/mymemopetdb?useSSL=false&serverTimezone=UTC&allowPublicKeyRetrieval=true

;
2025-03-18 15:32:27.716 [org.springframework.amqp.rabbit.RabbitListenerEndpointContainer#1-1]  INFO p6spy - #1742326347716 | took 0ms | commit | connection 17| url jdbc:mysql://localhost:3306/mymemopetdb?useSSL=false&serverTimezone=UTC&allowPublicKeyRetrieval=true

;
2025-03-18 15:37:59.947 [restartedMain]  INFO p6spy - #1742326679947 | took 14ms | statement | connection 19| url jdbc:mysql://localhost:3306/mymemopetdb?useSSL=false&serverTimezone=UTC&allowPublicKeyRetrieval=true
alter table access_log modify column request_at  datetime(6)
alter table access_log modify column request_at  datetime(6);
2025-03-18 15:37:59.953 [restartedMain]  INFO p6spy - #1742326679953 | took 5ms | statement | connection 19| url jdbc:mysql://localhost:3306/mymemopetdb?useSSL=false&serverTimezone=UTC&allowPublicKeyRetrieval=true
alter table access_log modify column response_at  datetime(6)
alter table access_log modify column response_at  datetime(6);
2025-03-18 15:37:59.959 [restartedMain]  INFO p6spy - #1742326679959 | took 5ms | statement | connection 19| url jdbc:mysql://localhost:3306/mymemopetdb?useSSL=false&serverTimezone=UTC&allowPublicKeyRetrieval=true
alter table audit modify column created_date  datetime(6)
alter table audit modify column created_date  datetime(6);
2025-03-18 15:37:59.963 [restartedMain]  INFO p6spy - #1742326679963 | took 4ms | statement | connection 19| url jdbc:mysql://localhost:3306/mymemopetdb?useSSL=false&serverTimezone=UTC&allowPublicKeyRetrieval=true
alter table blocked modify column created_date  datetime(6) not null
alter table blocked modify column created_date  datetime(6) not null;
2025-03-18 15:37:59.968 [restartedMain]  INFO p6spy - #1742326679968 | took 4ms | statement | connection 19| url jdbc:mysql://localhost:3306/mymemopetdb?useSSL=false&serverTimezone=UTC&allowPublicKeyRetrieval=true
alter table comment modify column last_modified_date  datetime(6)
alter table comment modify column last_modified_date  datetime(6);
2025-03-18 15:37:59.974 [restartedMain]  INFO p6spy - #1742326679974 | took 5ms | statement | connection 19| url jdbc:mysql://localhost:3306/mymemopetdb?useSSL=false&serverTimezone=UTC&allowPublicKeyRetrieval=true
alter table comment modify column created_date  datetime(6)
alter table comment modify column created_date  datetime(6);
2025-03-18 15:37:59.978 [restartedMain]  INFO p6spy - #1742326679978 | took 3ms | statement | connection 19| url jdbc:mysql://localhost:3306/mymemopetdb?useSSL=false&serverTimezone=UTC&allowPublicKeyRetrieval=true
alter table comment modify column comment_group  enum ('LAST_WORD','MEMORY_COMMENT') not null
alter table comment modify column comment_group  enum ('LAST_WORD','MEMORY_COMMENT') not null;
2025-03-18 15:37:59.983 [restartedMain]  INFO p6spy - #1742326679983 | took 5ms | statement | connection 19| url jdbc:mysql://localhost:3306/mymemopetdb?useSSL=false&serverTimezone=UTC&allowPublicKeyRetrieval=true
alter table comment modify column deleted_date  datetime(6)
alter table comment modify column deleted_date  datetime(6);
2025-03-18 15:37:59.988 [restartedMain]  INFO p6spy - #1742326679988 | took 4ms | statement | connection 19| url jdbc:mysql://localhost:3306/mymemopetdb?useSSL=false&serverTimezone=UTC&allowPublicKeyRetrieval=true
alter table follow modify column last_modified_date  datetime(6)
alter table follow modify column last_modified_date  datetime(6);
2025-03-18 15:37:59.992 [restartedMain]  INFO p6spy - #1742326679992 | took 3ms | statement | connection 19| url jdbc:mysql://localhost:3306/mymemopetdb?useSSL=false&serverTimezone=UTC&allowPublicKeyRetrieval=true
alter table follow modify column created_date  datetime(6)
alter table follow modify column created_date  datetime(6);
2025-03-18 15:37:59.996 [restartedMain]  INFO p6spy - #1742326679996 | took 3ms | statement | connection 19| url jdbc:mysql://localhost:3306/mymemopetdb?useSSL=false&serverTimezone=UTC&allowPublicKeyRetrieval=true
alter table likes modify column created_date  datetime(6)
alter table likes modify column created_date  datetime(6);
2025-03-18 15:38:00.002 [restartedMain]  INFO p6spy - #1742326680002 | took 6ms | statement | connection 19| url jdbc:mysql://localhost:3306/mymemopetdb?useSSL=false&serverTimezone=UTC&allowPublicKeyRetrieval=true
alter table member modify column last_modified_date  datetime(6)
alter table member modify column last_modified_date  datetime(6);
2025-03-18 15:38:00.008 [restartedMain]  INFO p6spy - #1742326680008 | took 5ms | statement | connection 19| url jdbc:mysql://localhost:3306/mymemopetdb?useSSL=false&serverTimezone=UTC&allowPublicKeyRetrieval=true
alter table member modify column created_date  datetime(6)
alter table member modify column created_date  datetime(6);
2025-03-18 15:38:00.014 [restartedMain]  INFO p6spy - #1742326680014 | took 5ms | statement | connection 19| url jdbc:mysql://localhost:3306/mymemopetdb?useSSL=false&serverTimezone=UTC&allowPublicKeyRetrieval=true
alter table member modify column agree_date  datetime(6) not null
alter table member modify column agree_date  datetime(6) not null;
2025-03-18 15:38:00.019 [restartedMain]  INFO p6spy - #1742326680019 | took 5ms | statement | connection 19| url jdbc:mysql://localhost:3306/mymemopetdb?useSSL=false&serverTimezone=UTC&allowPublicKeyRetrieval=true
alter table member modify column deleted_date  datetime(6)
alter table member modify column deleted_date  datetime(6);
2025-03-18 15:38:00.025 [restartedMain]  INFO p6spy - #1742326680025 | took 5ms | statement | connection 19| url jdbc:mysql://localhost:3306/mymemopetdb?useSSL=false&serverTimezone=UTC&allowPublicKeyRetrieval=true
alter table member_social modify column last_modified_date  datetime(6)
alter table member_social modify column last_modified_date  datetime(6);
2025-03-18 15:38:00.032 [restartedMain]  INFO p6spy - #1742326680032 | took 6ms | statement | connection 19| url jdbc:mysql://localhost:3306/mymemopetdb?useSSL=false&serverTimezone=UTC&allowPublicKeyRetrieval=true
alter table member_social modify column created_date  datetime(6)
alter table member_social modify column created_date  datetime(6);
2025-03-18 15:38:00.038 [restartedMain]  INFO p6spy - #1742326680038 | took 5ms | statement | connection 19| url jdbc:mysql://localhost:3306/mymemopetdb?useSSL=false&serverTimezone=UTC&allowPublicKeyRetrieval=true
alter table member_social modify column deleted_date  datetime(6)
alter table member_social modify column deleted_date  datetime(6);
2025-03-18 15:38:00.045 [restartedMain]  INFO p6spy - #1742326680045 | took 7ms | statement | connection 19| url jdbc:mysql://localhost:3306/mymemopetdb?useSSL=false&serverTimezone=UTC&allowPublicKeyRetrieval=true
alter table member_social modify column last_login_date  datetime(6)
alter table member_social modify column last_login_date  datetime(6);
2025-03-18 15:38:00.053 [restartedMain]  INFO p6spy - #1742326680053 | took 7ms | statement | connection 19| url jdbc:mysql://localhost:3306/mymemopetdb?useSSL=false&serverTimezone=UTC&allowPublicKeyRetrieval=true
alter table member_social modify column member_status  enum ('BAN','LOCKED','NORMAL')
alter table member_social modify column member_status  enum ('BAN','LOCKED','NORMAL');
2025-03-18 15:38:00.063 [restartedMain]  INFO p6spy - #1742326680063 | took 9ms | statement | connection 19| url jdbc:mysql://localhost:3306/mymemopetdb?useSSL=false&serverTimezone=UTC&allowPublicKeyRetrieval=true
alter table memory modify column last_modified_date  datetime(6)
alter table memory modify column last_modified_date  datetime(6);
2025-03-18 15:38:00.074 [restartedMain]  INFO p6spy - #1742326680074 | took 10ms | statement | connection 19| url jdbc:mysql://localhost:3306/mymemopetdb?useSSL=false&serverTimezone=UTC&allowPublicKeyRetrieval=true
alter table memory modify column created_date  datetime(6)
alter table memory modify column created_date  datetime(6);
2025-03-18 15:38:00.093 [restartedMain]  INFO p6spy - #1742326680093 | took 19ms | statement | connection 19| url jdbc:mysql://localhost:3306/mymemopetdb?useSSL=false&serverTimezone=UTC&allowPublicKeyRetrieval=true
alter table memory modify column audience  enum ('ALL','FRIEND','ME') not null
alter table memory modify column audience  enum ('ALL','FRIEND','ME') not null;
2025-03-18 15:38:00.124 [restartedMain]  INFO p6spy - #1742326680124 | took 31ms | statement | connection 19| url jdbc:mysql://localhost:3306/mymemopetdb?useSSL=false&serverTimezone=UTC&allowPublicKeyRetrieval=true
alter table memory modify column deleted_date  datetime(6)
alter table memory modify column deleted_date  datetime(6);
2025-03-18 15:38:00.157 [restartedMain]  INFO p6spy - #1742326680157 | took 32ms | statement | connection 19| url jdbc:mysql://localhost:3306/mymemopetdb?useSSL=false&serverTimezone=UTC&allowPublicKeyRetrieval=true
alter table memory_image modify column created_date  datetime(6)
alter table memory_image modify column created_date  datetime(6);
2025-03-18 15:38:00.173 [restartedMain]  INFO p6spy - #1742326680173 | took 16ms | statement | connection 19| url jdbc:mysql://localhost:3306/mymemopetdb?useSSL=false&serverTimezone=UTC&allowPublicKeyRetrieval=true
alter table memory_image modify column deleted_date  datetime(6)
alter table memory_image modify column deleted_date  datetime(6);
2025-03-18 15:38:00.185 [restartedMain]  INFO p6spy - #1742326680185 | took 11ms | statement | connection 19| url jdbc:mysql://localhost:3306/mymemopetdb?useSSL=false&serverTimezone=UTC&allowPublicKeyRetrieval=true
alter table meta modify column last_modified_date  datetime(6)
alter table meta modify column last_modified_date  datetime(6);
2025-03-18 15:38:00.191 [restartedMain]  INFO p6spy - #1742326680191 | took 5ms | statement | connection 19| url jdbc:mysql://localhost:3306/mymemopetdb?useSSL=false&serverTimezone=UTC&allowPublicKeyRetrieval=true
alter table notification modify column last_modified_date  datetime(6)
alter table notification modify column last_modified_date  datetime(6);
2025-03-18 15:38:00.195 [restartedMain]  INFO p6spy - #1742326680195 | took 4ms | statement | connection 19| url jdbc:mysql://localhost:3306/mymemopetdb?useSSL=false&serverTimezone=UTC&allowPublicKeyRetrieval=true
alter table notification modify column created_date  datetime(6)
alter table notification modify column created_date  datetime(6);
2025-03-18 15:38:00.207 [restartedMain]  INFO p6spy - #1742326680207 | took 11ms | statement | connection 19| url jdbc:mysql://localhost:3306/mymemopetdb?useSSL=false&serverTimezone=UTC&allowPublicKeyRetrieval=true
alter table pet modify column last_modified_date  datetime(6)
alter table pet modify column last_modified_date  datetime(6);
2025-03-18 15:38:00.219 [restartedMain]  INFO p6spy - #1742326680219 | took 11ms | statement | connection 19| url jdbc:mysql://localhost:3306/mymemopetdb?useSSL=false&serverTimezone=UTC&allowPublicKeyRetrieval=true
alter table pet modify column created_date  datetime(6)
alter table pet modify column created_date  datetime(6);
2025-03-18 15:38:00.228 [restartedMain]  INFO p6spy - #1742326680228 | took 9ms | statement | connection 19| url jdbc:mysql://localhost:3306/mymemopetdb?useSSL=false&serverTimezone=UTC&allowPublicKeyRetrieval=true
alter table pet modify column deleted_date  datetime(6)
alter table pet modify column deleted_date  datetime(6);
2025-03-18 15:38:00.240 [restartedMain]  INFO p6spy - #1742326680240 | took 11ms | statement | connection 19| url jdbc:mysql://localhost:3306/mymemopetdb?useSSL=false&serverTimezone=UTC&allowPublicKeyRetrieval=true
alter table pet modify column gender  enum ('F','M') not null
alter table pet modify column gender  enum ('F','M') not null;
2025-03-18 15:38:00.251 [restartedMain]  INFO p6spy - #1742326680251 | took 11ms | statement | connection 19| url jdbc:mysql://localhost:3306/mymemopetdb?useSSL=false&serverTimezone=UTC&allowPublicKeyRetrieval=true
alter table pet modify column pet_status  enum ('ACTIVE','DEACTIVE') not null
alter table pet modify column pet_status  enum ('ACTIVE','DEACTIVE') not null;
2025-03-18 15:38:00.255 [restartedMain]  INFO p6spy - #1742326680255 | took 3ms | statement | connection 19| url jdbc:mysql://localhost:3306/mymemopetdb?useSSL=false&serverTimezone=UTC&allowPublicKeyRetrieval=true
alter table recent_search modify column created_date  datetime(6)
alter table recent_search modify column created_date  datetime(6);
2025-03-18 15:38:00.261 [restartedMain]  INFO p6spy - #1742326680261 | took 6ms | statement | connection 19| url jdbc:mysql://localhost:3306/mymemopetdb?useSSL=false&serverTimezone=UTC&allowPublicKeyRetrieval=true
alter table refresh_token modify column expired_at  datetime(6)
alter table refresh_token modify column expired_at  datetime(6);
2025-03-18 15:38:00.265 [restartedMain]  INFO p6spy - #1742326680265 | took 3ms | statement | connection 19| url jdbc:mysql://localhost:3306/mymemopetdb?useSSL=false&serverTimezone=UTC&allowPublicKeyRetrieval=true
alter table report modify column created_date  datetime(6)
alter table report modify column created_date  datetime(6);
2025-03-18 15:38:00.269 [restartedMain]  INFO p6spy - #1742326680269 | took 4ms | statement | connection 19| url jdbc:mysql://localhost:3306/mymemopetdb?useSSL=false&serverTimezone=UTC&allowPublicKeyRetrieval=true
alter table species modify column last_modified_date  datetime(6)
alter table species modify column last_modified_date  datetime(6);
2025-03-18 15:38:00.272 [restartedMain]  INFO p6spy - #1742326680272 | took 2ms | statement | connection 19| url jdbc:mysql://localhost:3306/mymemopetdb?useSSL=false&serverTimezone=UTC&allowPublicKeyRetrieval=true
alter table verification_status_entity modify column expired_at  datetime(6)
alter table verification_status_entity modify column expired_at  datetime(6);
2025-03-18 15:38:00.278 [restartedMain]  INFO p6spy - #1742326680278 | took 0ms | statement | connection 19| url jdbc:mysql://localhost:3306/mymemopetdb?useSSL=false&serverTimezone=UTC&allowPublicKeyRetrieval=true
select * from `mymemopetdb`.`pet` where 1=0
select * from `mymemopetdb`.`pet` where 1=0;
2025-03-18 15:38:00.282 [restartedMain]  INFO p6spy - #1742326680282 | took 0ms | statement | connection 19| url jdbc:mysql://localhost:3306/mymemopetdb?useSSL=false&serverTimezone=UTC&allowPublicKeyRetrieval=true
select * from `mymemopetdb`.`memory` where 1=0
select * from `mymemopetdb`.`memory` where 1=0;
2025-03-18 15:38:00.283 [restartedMain]  INFO p6spy - #1742326680283 | took 0ms | statement | connection 19| url jdbc:mysql://localhost:3306/mymemopetdb?useSSL=false&serverTimezone=UTC&allowPublicKeyRetrieval=true
select * from `mymemopetdb`.`pet` where 1=0
select * from `mymemopetdb`.`pet` where 1=0;
2025-03-18 15:38:00.286 [restartedMain]  INFO p6spy - #1742326680286 | took 0ms | statement | connection 19| url jdbc:mysql://localhost:3306/mymemopetdb?useSSL=false&serverTimezone=UTC&allowPublicKeyRetrieval=true
select * from `mymemopetdb`.`pet` where 1=0
select * from `mymemopetdb`.`pet` where 1=0;
2025-03-18 15:38:00.290 [restartedMain]  INFO p6spy - #1742326680290 | took 0ms | statement | connection 19| url jdbc:mysql://localhost:3306/mymemopetdb?useSSL=false&serverTimezone=UTC&allowPublicKeyRetrieval=true
select * from `mymemopetdb`.`memory` where 1=0
select * from `mymemopetdb`.`memory` where 1=0;
2025-03-18 15:38:00.291 [restartedMain]  INFO p6spy - #1742326680291 | took 0ms | statement | connection 19| url jdbc:mysql://localhost:3306/mymemopetdb?useSSL=false&serverTimezone=UTC&allowPublicKeyRetrieval=true
select * from `mymemopetdb`.`pet` where 1=0
select * from `mymemopetdb`.`pet` where 1=0;
2025-03-18 15:38:00.294 [restartedMain]  INFO p6spy - #1742326680294 | took 0ms | statement | connection 19| url jdbc:mysql://localhost:3306/mymemopetdb?useSSL=false&serverTimezone=UTC&allowPublicKeyRetrieval=true
select * from `mymemopetdb`.`pet` where 1=0
select * from `mymemopetdb`.`pet` where 1=0;
2025-03-18 15:38:00.297 [restartedMain]  INFO p6spy - #1742326680297 | took 0ms | statement | connection 19| url jdbc:mysql://localhost:3306/mymemopetdb?useSSL=false&serverTimezone=UTC&allowPublicKeyRetrieval=true
select * from `mymemopetdb`.`memory` where 1=0
select * from `mymemopetdb`.`memory` where 1=0;
2025-03-18 15:38:00.301 [restartedMain]  INFO p6spy - #1742326680301 | took 0ms | statement | connection 19| url jdbc:mysql://localhost:3306/mymemopetdb?useSSL=false&serverTimezone=UTC&allowPublicKeyRetrieval=true
select * from `mymemopetdb`.`pet` where 1=0
select * from `mymemopetdb`.`pet` where 1=0;
2025-03-18 15:38:00.308 [restartedMain]  INFO p6spy - #1742326680308 | took 1ms | statement | connection 19| url jdbc:mysql://localhost:3306/mymemopetdb?useSSL=false&serverTimezone=UTC&allowPublicKeyRetrieval=true
select * from `mymemopetdb`.`member` where 1=0
select * from `mymemopetdb`.`member` where 1=0;
2025-03-18 15:38:00.309 [restartedMain]  INFO p6spy - #1742326680309 | took 0ms | statement | connection 19| url jdbc:mysql://localhost:3306/mymemopetdb?useSSL=false&serverTimezone=UTC&allowPublicKeyRetrieval=true
select * from `mymemopetdb`.`species` where 1=0
select * from `mymemopetdb`.`species` where 1=0;
2025-03-18 15:38:00.314 [restartedMain]  INFO p6spy - #1742326680314 | took 0ms | statement | connection 19| url jdbc:mysql://localhost:3306/mymemopetdb?useSSL=false&serverTimezone=UTC&allowPublicKeyRetrieval=true
select * from `mymemopetdb`.`pet` where 1=0
select * from `mymemopetdb`.`pet` where 1=0;
2025-03-18 15:38:00.318 [restartedMain]  INFO p6spy - #1742326680318 | took 0ms | statement | connection 19| url jdbc:mysql://localhost:3306/mymemopetdb?useSSL=false&serverTimezone=UTC&allowPublicKeyRetrieval=true
select * from `mymemopetdb`.`member_social` where 1=0
select * from `mymemopetdb`.`member_social` where 1=0;
2025-03-18 15:38:50.889 [http-nio-8080-exec-2]  INFO p6spy - #1742326730889 | took 6ms | statement | connection 21| url jdbc:mysql://localhost:3306/mymemopetdb?useSSL=false&serverTimezone=UTC&allowPublicKeyRetrieval=true
select rt.* FROM refresh_token rt where rt.access_token = ? and rt.revoked = false
select rt.* FROM refresh_token rt where rt.access_token = 'eyJhbGciOiJSUzI1NiJ9.eyJpc3MiOiJhdHF1aWwiLCJzdWIiOiJqYWVsZWU5MjEyQGdtYWlsLmNvbSIsImV4cCI6MTc0MjMyNTE1NywiaWF0IjoxNzQyMzE0MzU3LCJzY29wZSI6IlVTRVJfQVVUSE9SSVRZIn0.S49msU6j1seXj8PenllViOxn2s2leX7zlmEfz36nm2A9-bDNYT0AVhQKXS_hooBlZKTV-lg3Ti8rlPWLneZy7oS9ICeJ_4GKX_UFso3Bccq7pmDGh-wrs62aiWEOASlnLBwIaZMWXh_dgBItzIoKnLyoY1X1XrWhmBxgVfT0bArUJ7oG1SgQlE4VAk6ywlSBEuMSQH4lH9Sm3G1oIWKT9dJ96-ys720pl4Lq2LAYhgX8B9D_8d7QH_TFhqFymG_W3lwwKKrOa4911ZJ97rnBaawFX_nKd9S2VPmjjlrN72jGbN3RNKfYQ7T1GEpfwn2XKVk4hx8eoXXa3hHLFPhvBA' and rt.revoked = false;
2025-03-18 15:38:56.280 [http-nio-8080-exec-4]  INFO p6spy - #1742326736280 | took 16ms | statement | connection 22| url jdbc:mysql://localhost:3306/mymemopetdb?useSSL=false&serverTimezone=UTC&allowPublicKeyRetrieval=true
select m.* from MemberSocial m where m.email = ? and m.deletedDate IS NULL
select m.* from MemberSocial m where m.email = 'jaelee9212@gmail.com' and m.deletedDate IS NULL;
2025-03-18 15:38:56.288 [http-nio-8080-exec-4]  INFO p6spy - #1742326736288 | took 1ms | rollback | connection 22| url jdbc:mysql://localhost:3306/mymemopetdb?useSSL=false&serverTimezone=UTC&allowPublicKeyRetrieval=true

;
2025-03-18 15:38:56.307 [org.springframework.amqp.rabbit.RabbitListenerEndpointContainer#1-1]  INFO p6spy - #1742326736307 | took 0ms | commit | connection 23| url jdbc:mysql://localhost:3306/mymemopetdb?useSSL=false&serverTimezone=UTC&allowPublicKeyRetrieval=true

;
2025-03-18 15:39:17.992 [restartedMain]  INFO p6spy - #1742326757992 | took 13ms | statement | connection 25| url jdbc:mysql://localhost:3306/mymemopetdb?useSSL=false&serverTimezone=UTC&allowPublicKeyRetrieval=true
alter table access_log modify column request_at  datetime(6)
alter table access_log modify column request_at  datetime(6);
2025-03-18 15:39:17.997 [restartedMain]  INFO p6spy - #1742326757997 | took 4ms | statement | connection 25| url jdbc:mysql://localhost:3306/mymemopetdb?useSSL=false&serverTimezone=UTC&allowPublicKeyRetrieval=true
alter table access_log modify column response_at  datetime(6)
alter table access_log modify column response_at  datetime(6);
2025-03-18 15:39:18.001 [restartedMain]  INFO p6spy - #1742326758001 | took 4ms | statement | connection 25| url jdbc:mysql://localhost:3306/mymemopetdb?useSSL=false&serverTimezone=UTC&allowPublicKeyRetrieval=true
alter table audit modify column created_date  datetime(6)
alter table audit modify column created_date  datetime(6);
2025-03-18 15:39:18.006 [restartedMain]  INFO p6spy - #1742326758006 | took 4ms | statement | connection 25| url jdbc:mysql://localhost:3306/mymemopetdb?useSSL=false&serverTimezone=UTC&allowPublicKeyRetrieval=true
alter table blocked modify column created_date  datetime(6) not null
alter table blocked modify column created_date  datetime(6) not null;
2025-03-18 15:39:18.010 [restartedMain]  INFO p6spy - #1742326758010 | took 3ms | statement | connection 25| url jdbc:mysql://localhost:3306/mymemopetdb?useSSL=false&serverTimezone=UTC&allowPublicKeyRetrieval=true
alter table comment modify column last_modified_date  datetime(6)
alter table comment modify column last_modified_date  datetime(6);
2025-03-18 15:39:18.014 [restartedMain]  INFO p6spy - #1742326758014 | took 4ms | statement | connection 25| url jdbc:mysql://localhost:3306/mymemopetdb?useSSL=false&serverTimezone=UTC&allowPublicKeyRetrieval=true
alter table comment modify column created_date  datetime(6)
alter table comment modify column created_date  datetime(6);
2025-03-18 15:39:18.018 [restartedMain]  INFO p6spy - #1742326758018 | took 4ms | statement | connection 25| url jdbc:mysql://localhost:3306/mymemopetdb?useSSL=false&serverTimezone=UTC&allowPublicKeyRetrieval=true
alter table comment modify column comment_group  enum ('LAST_WORD','MEMORY_COMMENT') not null
alter table comment modify column comment_group  enum ('LAST_WORD','MEMORY_COMMENT') not null;
2025-03-18 15:39:18.023 [restartedMain]  INFO p6spy - #1742326758023 | took 4ms | statement | connection 25| url jdbc:mysql://localhost:3306/mymemopetdb?useSSL=false&serverTimezone=UTC&allowPublicKeyRetrieval=true
alter table comment modify column deleted_date  datetime(6)
alter table comment modify column deleted_date  datetime(6);
2025-03-18 15:39:18.028 [restartedMain]  INFO p6spy - #1742326758028 | took 4ms | statement | connection 25| url jdbc:mysql://localhost:3306/mymemopetdb?useSSL=false&serverTimezone=UTC&allowPublicKeyRetrieval=true
alter table follow modify column last_modified_date  datetime(6)
alter table follow modify column last_modified_date  datetime(6);
2025-03-18 15:39:18.033 [restartedMain]  INFO p6spy - #1742326758033 | took 5ms | statement | connection 25| url jdbc:mysql://localhost:3306/mymemopetdb?useSSL=false&serverTimezone=UTC&allowPublicKeyRetrieval=true
alter table follow modify column created_date  datetime(6)
alter table follow modify column created_date  datetime(6);
2025-03-18 15:39:18.038 [restartedMain]  INFO p6spy - #1742326758038 | took 4ms | statement | connection 25| url jdbc:mysql://localhost:3306/mymemopetdb?useSSL=false&serverTimezone=UTC&allowPublicKeyRetrieval=true
alter table likes modify column created_date  datetime(6)
alter table likes modify column created_date  datetime(6);
2025-03-18 15:39:18.043 [restartedMain]  INFO p6spy - #1742326758043 | took 5ms | statement | connection 25| url jdbc:mysql://localhost:3306/mymemopetdb?useSSL=false&serverTimezone=UTC&allowPublicKeyRetrieval=true
alter table member modify column last_modified_date  datetime(6)
alter table member modify column last_modified_date  datetime(6);
2025-03-18 15:39:18.050 [restartedMain]  INFO p6spy - #1742326758050 | took 6ms | statement | connection 25| url jdbc:mysql://localhost:3306/mymemopetdb?useSSL=false&serverTimezone=UTC&allowPublicKeyRetrieval=true
alter table member modify column created_date  datetime(6)
alter table member modify column created_date  datetime(6);
2025-03-18 15:39:18.055 [restartedMain]  INFO p6spy - #1742326758054 | took 4ms | statement | connection 25| url jdbc:mysql://localhost:3306/mymemopetdb?useSSL=false&serverTimezone=UTC&allowPublicKeyRetrieval=true
alter table member modify column agree_date  datetime(6) not null
alter table member modify column agree_date  datetime(6) not null;
2025-03-18 15:39:18.060 [restartedMain]  INFO p6spy - #1742326758060 | took 4ms | statement | connection 25| url jdbc:mysql://localhost:3306/mymemopetdb?useSSL=false&serverTimezone=UTC&allowPublicKeyRetrieval=true
alter table member modify column deleted_date  datetime(6)
alter table member modify column deleted_date  datetime(6);
2025-03-18 15:39:18.066 [restartedMain]  INFO p6spy - #1742326758066 | took 5ms | statement | connection 25| url jdbc:mysql://localhost:3306/mymemopetdb?useSSL=false&serverTimezone=UTC&allowPublicKeyRetrieval=true
alter table member_social modify column last_modified_date  datetime(6)
alter table member_social modify column last_modified_date  datetime(6);
2025-03-18 15:39:18.074 [restartedMain]  INFO p6spy - #1742326758074 | took 7ms | statement | connection 25| url jdbc:mysql://localhost:3306/mymemopetdb?useSSL=false&serverTimezone=UTC&allowPublicKeyRetrieval=true
alter table member_social modify column created_date  datetime(6)
alter table member_social modify column created_date  datetime(6);
2025-03-18 15:39:18.079 [restartedMain]  INFO p6spy - #1742326758079 | took 5ms | statement | connection 25| url jdbc:mysql://localhost:3306/mymemopetdb?useSSL=false&serverTimezone=UTC&allowPublicKeyRetrieval=true
alter table member_social modify column deleted_date  datetime(6)
alter table member_social modify column deleted_date  datetime(6);
2025-03-18 15:39:18.083 [restartedMain]  INFO p6spy - #1742326758083 | took 4ms | statement | connection 25| url jdbc:mysql://localhost:3306/mymemopetdb?useSSL=false&serverTimezone=UTC&allowPublicKeyRetrieval=true
alter table member_social modify column last_login_date  datetime(6)
alter table member_social modify column last_login_date  datetime(6);
2025-03-18 15:39:18.090 [restartedMain]  INFO p6spy - #1742326758090 | took 6ms | statement | connection 25| url jdbc:mysql://localhost:3306/mymemopetdb?useSSL=false&serverTimezone=UTC&allowPublicKeyRetrieval=true
alter table member_social modify column member_status  enum ('BAN','LOCKED','NORMAL')
alter table member_social modify column member_status  enum ('BAN','LOCKED','NORMAL');
2025-03-18 15:39:18.098 [restartedMain]  INFO p6spy - #1742326758098 | took 7ms | statement | connection 25| url jdbc:mysql://localhost:3306/mymemopetdb?useSSL=false&serverTimezone=UTC&allowPublicKeyRetrieval=true
alter table memory modify column last_modified_date  datetime(6)
alter table memory modify column last_modified_date  datetime(6);
2025-03-18 15:39:18.106 [restartedMain]  INFO p6spy - #1742326758106 | took 7ms | statement | connection 25| url jdbc:mysql://localhost:3306/mymemopetdb?useSSL=false&serverTimezone=UTC&allowPublicKeyRetrieval=true
alter table memory modify column created_date  datetime(6)
alter table memory modify column created_date  datetime(6);
2025-03-18 15:39:18.112 [restartedMain]  INFO p6spy - #1742326758112 | took 5ms | statement | connection 25| url jdbc:mysql://localhost:3306/mymemopetdb?useSSL=false&serverTimezone=UTC&allowPublicKeyRetrieval=true
alter table memory modify column audience  enum ('ALL','FRIEND','ME') not null
alter table memory modify column audience  enum ('ALL','FRIEND','ME') not null;
2025-03-18 15:39:18.121 [restartedMain]  INFO p6spy - #1742326758121 | took 9ms | statement | connection 25| url jdbc:mysql://localhost:3306/mymemopetdb?useSSL=false&serverTimezone=UTC&allowPublicKeyRetrieval=true
alter table memory modify column deleted_date  datetime(6)
alter table memory modify column deleted_date  datetime(6);
2025-03-18 15:39:18.126 [restartedMain]  INFO p6spy - #1742326758126 | took 3ms | statement | connection 25| url jdbc:mysql://localhost:3306/mymemopetdb?useSSL=false&serverTimezone=UTC&allowPublicKeyRetrieval=true
alter table memory_image modify column created_date  datetime(6)
alter table memory_image modify column created_date  datetime(6);
2025-03-18 15:39:18.130 [restartedMain]  INFO p6spy - #1742326758130 | took 4ms | statement | connection 25| url jdbc:mysql://localhost:3306/mymemopetdb?useSSL=false&serverTimezone=UTC&allowPublicKeyRetrieval=true
alter table memory_image modify column deleted_date  datetime(6)
alter table memory_image modify column deleted_date  datetime(6);
2025-03-18 15:39:18.134 [restartedMain]  INFO p6spy - #1742326758134 | took 3ms | statement | connection 25| url jdbc:mysql://localhost:3306/mymemopetdb?useSSL=false&serverTimezone=UTC&allowPublicKeyRetrieval=true
alter table meta modify column last_modified_date  datetime(6)
alter table meta modify column last_modified_date  datetime(6);
2025-03-18 15:39:18.138 [restartedMain]  INFO p6spy - #1742326758138 | took 4ms | statement | connection 25| url jdbc:mysql://localhost:3306/mymemopetdb?useSSL=false&serverTimezone=UTC&allowPublicKeyRetrieval=true
alter table notification modify column last_modified_date  datetime(6)
alter table notification modify column last_modified_date  datetime(6);
2025-03-18 15:39:18.142 [restartedMain]  INFO p6spy - #1742326758142 | took 3ms | statement | connection 25| url jdbc:mysql://localhost:3306/mymemopetdb?useSSL=false&serverTimezone=UTC&allowPublicKeyRetrieval=true
alter table notification modify column created_date  datetime(6)
alter table notification modify column created_date  datetime(6);
2025-03-18 15:39:18.154 [restartedMain]  INFO p6spy - #1742326758154 | took 11ms | statement | connection 25| url jdbc:mysql://localhost:3306/mymemopetdb?useSSL=false&serverTimezone=UTC&allowPublicKeyRetrieval=true
alter table pet modify column last_modified_date  datetime(6)
alter table pet modify column last_modified_date  datetime(6);
2025-03-18 15:39:18.164 [restartedMain]  INFO p6spy - #1742326758164 | took 10ms | statement | connection 25| url jdbc:mysql://localhost:3306/mymemopetdb?useSSL=false&serverTimezone=UTC&allowPublicKeyRetrieval=true
alter table pet modify column created_date  datetime(6)
alter table pet modify column created_date  datetime(6);
2025-03-18 15:39:18.174 [restartedMain]  INFO p6spy - #1742326758174 | took 9ms | statement | connection 25| url jdbc:mysql://localhost:3306/mymemopetdb?useSSL=false&serverTimezone=UTC&allowPublicKeyRetrieval=true
alter table pet modify column deleted_date  datetime(6)
alter table pet modify column deleted_date  datetime(6);
2025-03-18 15:39:18.185 [restartedMain]  INFO p6spy - #1742326758185 | took 10ms | statement | connection 25| url jdbc:mysql://localhost:3306/mymemopetdb?useSSL=false&serverTimezone=UTC&allowPublicKeyRetrieval=true
alter table pet modify column gender  enum ('F','M') not null
alter table pet modify column gender  enum ('F','M') not null;
2025-03-18 15:39:18.195 [restartedMain]  INFO p6spy - #1742326758195 | took 10ms | statement | connection 25| url jdbc:mysql://localhost:3306/mymemopetdb?useSSL=false&serverTimezone=UTC&allowPublicKeyRetrieval=true
alter table pet modify column pet_status  enum ('ACTIVE','DEACTIVE') not null
alter table pet modify column pet_status  enum ('ACTIVE','DEACTIVE') not null;
2025-03-18 15:39:18.199 [restartedMain]  INFO p6spy - #1742326758199 | took 3ms | statement | connection 25| url jdbc:mysql://localhost:3306/mymemopetdb?useSSL=false&serverTimezone=UTC&allowPublicKeyRetrieval=true
alter table recent_search modify column created_date  datetime(6)
alter table recent_search modify column created_date  datetime(6);
2025-03-18 15:39:18.204 [restartedMain]  INFO p6spy - #1742326758204 | took 5ms | statement | connection 25| url jdbc:mysql://localhost:3306/mymemopetdb?useSSL=false&serverTimezone=UTC&allowPublicKeyRetrieval=true
alter table refresh_token modify column expired_at  datetime(6)
alter table refresh_token modify column expired_at  datetime(6);
2025-03-18 15:39:18.209 [restartedMain]  INFO p6spy - #1742326758209 | took 4ms | statement | connection 25| url jdbc:mysql://localhost:3306/mymemopetdb?useSSL=false&serverTimezone=UTC&allowPublicKeyRetrieval=true
alter table report modify column created_date  datetime(6)
alter table report modify column created_date  datetime(6);
2025-03-18 15:39:18.215 [restartedMain]  INFO p6spy - #1742326758215 | took 5ms | statement | connection 25| url jdbc:mysql://localhost:3306/mymemopetdb?useSSL=false&serverTimezone=UTC&allowPublicKeyRetrieval=true
alter table species modify column last_modified_date  datetime(6)
alter table species modify column last_modified_date  datetime(6);
2025-03-18 15:39:18.219 [restartedMain]  INFO p6spy - #1742326758219 | took 3ms | statement | connection 25| url jdbc:mysql://localhost:3306/mymemopetdb?useSSL=false&serverTimezone=UTC&allowPublicKeyRetrieval=true
alter table verification_status_entity modify column expired_at  datetime(6)
alter table verification_status_entity modify column expired_at  datetime(6);
2025-03-18 15:39:18.225 [restartedMain]  INFO p6spy - #1742326758225 | took 0ms | statement | connection 25| url jdbc:mysql://localhost:3306/mymemopetdb?useSSL=false&serverTimezone=UTC&allowPublicKeyRetrieval=true
select * from `mymemopetdb`.`pet` where 1=0
select * from `mymemopetdb`.`pet` where 1=0;
2025-03-18 15:39:18.229 [restartedMain]  INFO p6spy - #1742326758229 | took 0ms | statement | connection 25| url jdbc:mysql://localhost:3306/mymemopetdb?useSSL=false&serverTimezone=UTC&allowPublicKeyRetrieval=true
select * from `mymemopetdb`.`memory` where 1=0
select * from `mymemopetdb`.`memory` where 1=0;
2025-03-18 15:39:18.231 [restartedMain]  INFO p6spy - #1742326758231 | took 0ms | statement | connection 25| url jdbc:mysql://localhost:3306/mymemopetdb?useSSL=false&serverTimezone=UTC&allowPublicKeyRetrieval=true
select * from `mymemopetdb`.`pet` where 1=0
select * from `mymemopetdb`.`pet` where 1=0;
2025-03-18 15:39:18.235 [restartedMain]  INFO p6spy - #1742326758235 | took 0ms | statement | connection 25| url jdbc:mysql://localhost:3306/mymemopetdb?useSSL=false&serverTimezone=UTC&allowPublicKeyRetrieval=true
select * from `mymemopetdb`.`pet` where 1=0
select * from `mymemopetdb`.`pet` where 1=0;
2025-03-18 15:39:18.239 [restartedMain]  INFO p6spy - #1742326758239 | took 0ms | statement | connection 25| url jdbc:mysql://localhost:3306/mymemopetdb?useSSL=false&serverTimezone=UTC&allowPublicKeyRetrieval=true
select * from `mymemopetdb`.`memory` where 1=0
select * from `mymemopetdb`.`memory` where 1=0;
2025-03-18 15:39:18.240 [restartedMain]  INFO p6spy - #1742326758240 | took 0ms | statement | connection 25| url jdbc:mysql://localhost:3306/mymemopetdb?useSSL=false&serverTimezone=UTC&allowPublicKeyRetrieval=true
select * from `mymemopetdb`.`pet` where 1=0
select * from `mymemopetdb`.`pet` where 1=0;
2025-03-18 15:39:18.244 [restartedMain]  INFO p6spy - #1742326758244 | took 0ms | statement | connection 25| url jdbc:mysql://localhost:3306/mymemopetdb?useSSL=false&serverTimezone=UTC&allowPublicKeyRetrieval=true
select * from `mymemopetdb`.`pet` where 1=0
select * from `mymemopetdb`.`pet` where 1=0;
2025-03-18 15:39:18.248 [restartedMain]  INFO p6spy - #1742326758248 | took 0ms | statement | connection 25| url jdbc:mysql://localhost:3306/mymemopetdb?useSSL=false&serverTimezone=UTC&allowPublicKeyRetrieval=true
select * from `mymemopetdb`.`memory` where 1=0
select * from `mymemopetdb`.`memory` where 1=0;
2025-03-18 15:39:18.252 [restartedMain]  INFO p6spy - #1742326758252 | took 0ms | statement | connection 25| url jdbc:mysql://localhost:3306/mymemopetdb?useSSL=false&serverTimezone=UTC&allowPublicKeyRetrieval=true
select * from `mymemopetdb`.`pet` where 1=0
select * from `mymemopetdb`.`pet` where 1=0;
2025-03-18 15:39:18.256 [restartedMain]  INFO p6spy - #1742326758256 | took 0ms | statement | connection 25| url jdbc:mysql://localhost:3306/mymemopetdb?useSSL=false&serverTimezone=UTC&allowPublicKeyRetrieval=true
select * from `mymemopetdb`.`member` where 1=0
select * from `mymemopetdb`.`member` where 1=0;
2025-03-18 15:39:18.257 [restartedMain]  INFO p6spy - #1742326758257 | took 0ms | statement | connection 25| url jdbc:mysql://localhost:3306/mymemopetdb?useSSL=false&serverTimezone=UTC&allowPublicKeyRetrieval=true
select * from `mymemopetdb`.`species` where 1=0
select * from `mymemopetdb`.`species` where 1=0;
2025-03-18 15:39:18.261 [restartedMain]  INFO p6spy - #1742326758261 | took 0ms | statement | connection 25| url jdbc:mysql://localhost:3306/mymemopetdb?useSSL=false&serverTimezone=UTC&allowPublicKeyRetrieval=true
select * from `mymemopetdb`.`pet` where 1=0
select * from `mymemopetdb`.`pet` where 1=0;
2025-03-18 15:39:18.265 [restartedMain]  INFO p6spy - #1742326758265 | took 0ms | statement | connection 25| url jdbc:mysql://localhost:3306/mymemopetdb?useSSL=false&serverTimezone=UTC&allowPublicKeyRetrieval=true
select * from `mymemopetdb`.`member_social` where 1=0
select * from `mymemopetdb`.`member_social` where 1=0;
2025-03-18 15:39:26.493 [http-nio-8080-exec-1]  INFO p6spy - #1742326766493 | took 3ms | statement | connection 27| url jdbc:mysql://localhost:3306/mymemopetdb?useSSL=false&serverTimezone=UTC&allowPublicKeyRetrieval=true
select m1_0.id,m1_0.created_date,m1_0.deleted_date,m1_0.email,m1_0.last_login_date,m1_0.last_modified_by,m1_0.last_modified_date,m1_0.login_fail_count,m1_0.member_id,m1_0.member_status,m1_0.password,m1_0.phone_num,m1_0.provider,m1_0.provider_id,m1_0.roles,m1_0.username from member_social m1_0 where m1_0.email=? and m1_0.deleted_date is null
select m1_0.id,m1_0.created_date,m1_0.deleted_date,m1_0.email,m1_0.last_login_date,m1_0.last_modified_by,m1_0.last_modified_date,m1_0.login_fail_count,m1_0.member_id,m1_0.member_status,m1_0.password,m1_0.phone_num,m1_0.provider,m1_0.provider_id,m1_0.roles,m1_0.username from member_social m1_0 where m1_0.email='jaelee9212@gmail.com' and m1_0.deleted_date is null;
2025-03-18 15:39:26.494 [http-nio-8080-exec-1]  INFO p6spy - #1742326766494 | took 0ms | rollback | connection 27| url jdbc:mysql://localhost:3306/mymemopetdb?useSSL=false&serverTimezone=UTC&allowPublicKeyRetrieval=true

;
2025-03-18 15:39:26.512 [org.springframework.amqp.rabbit.RabbitListenerEndpointContainer#1-1]  INFO p6spy - #1742326766512 | took 0ms | commit | connection 28| url jdbc:mysql://localhost:3306/mymemopetdb?useSSL=false&serverTimezone=UTC&allowPublicKeyRetrieval=true

;
2025-03-18 15:41:41.309 [Test worker]  INFO p6spy - #1742326901309 | took 3ms | statement | connection 2| url jdbc:h2:mem:7a2d9b97-b2df-4386-9974-2ad55e1d611c
select * from INFORMATION_SCHEMA.SEQUENCES
select * from INFORMATION_SCHEMA.SEQUENCES;
2025-03-18 15:41:41.741 [Test worker]  INFO p6spy - #1742326901741 | took 0ms | statement | connection 3| url jdbc:h2:mem:7a2d9b97-b2df-4386-9974-2ad55e1d611c
drop table if exists access_log cascade 
drop table if exists access_log cascade ;
2025-03-18 15:41:41.741 [Test worker]  INFO p6spy - #1742326901741 | took 0ms | statement | connection 3| url jdbc:h2:mem:7a2d9b97-b2df-4386-9974-2ad55e1d611c
drop table if exists audit cascade 
drop table if exists audit cascade ;
2025-03-18 15:41:41.741 [Test worker]  INFO p6spy - #1742326901741 | took 0ms | statement | connection 3| url jdbc:h2:mem:7a2d9b97-b2df-4386-9974-2ad55e1d611c
drop table if exists blocked cascade 
drop table if exists blocked cascade ;
2025-03-18 15:41:41.741 [Test worker]  INFO p6spy - #1742326901741 | took 0ms | statement | connection 3| url jdbc:h2:mem:7a2d9b97-b2df-4386-9974-2ad55e1d611c
drop table if exists comment cascade 
drop table if exists comment cascade ;
2025-03-18 15:41:41.741 [Test worker]  INFO p6spy - #1742326901741 | took 0ms | statement | connection 3| url jdbc:h2:mem:7a2d9b97-b2df-4386-9974-2ad55e1d611c
drop table if exists config cascade 
drop table if exists config cascade ;
2025-03-18 15:41:41.741 [Test worker]  INFO p6spy - #1742326901741 | took 0ms | statement | connection 3| url jdbc:h2:mem:7a2d9b97-b2df-4386-9974-2ad55e1d611c
drop table if exists follow cascade 
drop table if exists follow cascade ;
2025-03-18 15:41:41.742 [Test worker]  INFO p6spy - #1742326901742 | took 0ms | statement | connection 3| url jdbc:h2:mem:7a2d9b97-b2df-4386-9974-2ad55e1d611c
drop table if exists likes cascade 
drop table if exists likes cascade ;
2025-03-18 15:41:41.742 [Test worker]  INFO p6spy - #1742326901742 | took 0ms | statement | connection 3| url jdbc:h2:mem:7a2d9b97-b2df-4386-9974-2ad55e1d611c
drop table if exists member cascade 
drop table if exists member cascade ;
2025-03-18 15:41:41.742 [Test worker]  INFO p6spy - #1742326901742 | took 0ms | statement | connection 3| url jdbc:h2:mem:7a2d9b97-b2df-4386-9974-2ad55e1d611c
drop table if exists member_social cascade 
drop table if exists member_social cascade ;
2025-03-18 15:41:41.742 [Test worker]  INFO p6spy - #1742326901742 | took 0ms | statement | connection 3| url jdbc:h2:mem:7a2d9b97-b2df-4386-9974-2ad55e1d611c
drop table if exists memory cascade 
drop table if exists memory cascade ;
2025-03-18 15:41:41.742 [Test worker]  INFO p6spy - #1742326901742 | took 0ms | statement | connection 3| url jdbc:h2:mem:7a2d9b97-b2df-4386-9974-2ad55e1d611c
drop table if exists memory_image cascade 
drop table if exists memory_image cascade ;
2025-03-18 15:41:41.742 [Test worker]  INFO p6spy - #1742326901742 | took 0ms | statement | connection 3| url jdbc:h2:mem:7a2d9b97-b2df-4386-9974-2ad55e1d611c
drop table if exists meta cascade 
drop table if exists meta cascade ;
2025-03-18 15:41:41.742 [Test worker]  INFO p6spy - #1742326901742 | took 0ms | statement | connection 3| url jdbc:h2:mem:7a2d9b97-b2df-4386-9974-2ad55e1d611c
drop table if exists notification cascade 
drop table if exists notification cascade ;
2025-03-18 15:41:41.742 [Test worker]  INFO p6spy - #1742326901742 | took 0ms | statement | connection 3| url jdbc:h2:mem:7a2d9b97-b2df-4386-9974-2ad55e1d611c
drop table if exists pet cascade 
drop table if exists pet cascade ;
2025-03-18 15:41:41.743 [Test worker]  INFO p6spy - #1742326901743 | took 0ms | statement | connection 3| url jdbc:h2:mem:7a2d9b97-b2df-4386-9974-2ad55e1d611c
drop table if exists recent_search cascade 
drop table if exists recent_search cascade ;
2025-03-18 15:41:41.743 [Test worker]  INFO p6spy - #1742326901743 | took 0ms | statement | connection 3| url jdbc:h2:mem:7a2d9b97-b2df-4386-9974-2ad55e1d611c
drop table if exists refresh_token cascade 
drop table if exists refresh_token cascade ;
2025-03-18 15:41:41.743 [Test worker]  INFO p6spy - #1742326901743 | took 0ms | statement | connection 3| url jdbc:h2:mem:7a2d9b97-b2df-4386-9974-2ad55e1d611c
drop table if exists report cascade 
drop table if exists report cascade ;
2025-03-18 15:41:41.743 [Test worker]  INFO p6spy - #1742326901743 | took 0ms | statement | connection 3| url jdbc:h2:mem:7a2d9b97-b2df-4386-9974-2ad55e1d611c
drop table if exists sequence cascade 
drop table if exists sequence cascade ;
2025-03-18 15:41:41.743 [Test worker]  INFO p6spy - #1742326901743 | took 0ms | statement | connection 3| url jdbc:h2:mem:7a2d9b97-b2df-4386-9974-2ad55e1d611c
drop table if exists species cascade 
drop table if exists species cascade ;
2025-03-18 15:41:41.743 [Test worker]  INFO p6spy - #1742326901743 | took 0ms | statement | connection 3| url jdbc:h2:mem:7a2d9b97-b2df-4386-9974-2ad55e1d611c
drop table if exists verification_status_entity cascade 
drop table if exists verification_status_entity cascade ;
2025-03-18 15:41:41.744 [Test worker]  INFO p6spy - #1742326901744 | took 0ms | statement | connection 3| url jdbc:h2:mem:7a2d9b97-b2df-4386-9974-2ad55e1d611c
drop sequence if exists blocked_seq
drop sequence if exists blocked_seq;
2025-03-18 15:41:41.744 [Test worker]  INFO p6spy - #1742326901744 | took 0ms | statement | connection 3| url jdbc:h2:mem:7a2d9b97-b2df-4386-9974-2ad55e1d611c
drop sequence if exists follow_seq
drop sequence if exists follow_seq;
2025-03-18 15:41:41.744 [Test worker]  INFO p6spy - #1742326901744 | took 0ms | statement | connection 3| url jdbc:h2:mem:7a2d9b97-b2df-4386-9974-2ad55e1d611c
drop sequence if exists likes_seq
drop sequence if exists likes_seq;
2025-03-18 15:41:41.744 [Test worker]  INFO p6spy - #1742326901744 | took 0ms | statement | connection 3| url jdbc:h2:mem:7a2d9b97-b2df-4386-9974-2ad55e1d611c
drop sequence if exists memory_image_seq
drop sequence if exists memory_image_seq;
2025-03-18 15:41:41.744 [Test worker]  INFO p6spy - #1742326901744 | took 0ms | statement | connection 3| url jdbc:h2:mem:7a2d9b97-b2df-4386-9974-2ad55e1d611c
drop sequence if exists memory_seq
drop sequence if exists memory_seq;
2025-03-18 15:41:41.744 [Test worker]  INFO p6spy - #1742326901744 | took 0ms | statement | connection 3| url jdbc:h2:mem:7a2d9b97-b2df-4386-9974-2ad55e1d611c
drop sequence if exists meta_seq
drop sequence if exists meta_seq;
2025-03-18 15:41:41.744 [Test worker]  INFO p6spy - #1742326901744 | took 0ms | statement | connection 3| url jdbc:h2:mem:7a2d9b97-b2df-4386-9974-2ad55e1d611c
drop sequence if exists refresh_token_seq
drop sequence if exists refresh_token_seq;
2025-03-18 15:41:41.744 [Test worker]  INFO p6spy - #1742326901744 | took 0ms | statement | connection 3| url jdbc:h2:mem:7a2d9b97-b2df-4386-9974-2ad55e1d611c
drop sequence if exists report_seq
drop sequence if exists report_seq;
2025-03-18 15:41:41.749 [Test worker]  INFO p6spy - #1742326901749 | took 0ms | statement | connection 4| url jdbc:h2:mem:7a2d9b97-b2df-4386-9974-2ad55e1d611c
create sequence blocked_seq start with 1 increment by 50
create sequence blocked_seq start with 1 increment by 50;
2025-03-18 15:41:41.749 [Test worker]  INFO p6spy - #1742326901749 | took 0ms | statement | connection 4| url jdbc:h2:mem:7a2d9b97-b2df-4386-9974-2ad55e1d611c
create sequence follow_seq start with 1 increment by 50
create sequence follow_seq start with 1 increment by 50;
2025-03-18 15:41:41.750 [Test worker]  INFO p6spy - #1742326901750 | took 0ms | statement | connection 4| url jdbc:h2:mem:7a2d9b97-b2df-4386-9974-2ad55e1d611c
create sequence likes_seq start with 1 increment by 50
create sequence likes_seq start with 1 increment by 50;
2025-03-18 15:41:41.750 [Test worker]  INFO p6spy - #1742326901750 | took 0ms | statement | connection 4| url jdbc:h2:mem:7a2d9b97-b2df-4386-9974-2ad55e1d611c
create sequence memory_image_seq start with 1 increment by 50
create sequence memory_image_seq start with 1 increment by 50;
2025-03-18 15:41:41.750 [Test worker]  INFO p6spy - #1742326901750 | took 0ms | statement | connection 4| url jdbc:h2:mem:7a2d9b97-b2df-4386-9974-2ad55e1d611c
create sequence memory_seq start with 1 increment by 50
create sequence memory_seq start with 1 increment by 50;
2025-03-18 15:41:41.750 [Test worker]  INFO p6spy - #1742326901750 | took 0ms | statement | connection 4| url jdbc:h2:mem:7a2d9b97-b2df-4386-9974-2ad55e1d611c
create sequence meta_seq start with 1 increment by 50
create sequence meta_seq start with 1 increment by 50;
2025-03-18 15:41:41.751 [Test worker]  INFO p6spy - #1742326901751 | took 0ms | statement | connection 4| url jdbc:h2:mem:7a2d9b97-b2df-4386-9974-2ad55e1d611c
create sequence refresh_token_seq start with 1 increment by 50
create sequence refresh_token_seq start with 1 increment by 50;
2025-03-18 15:41:41.751 [Test worker]  INFO p6spy - #1742326901751 | took 0ms | statement | connection 4| url jdbc:h2:mem:7a2d9b97-b2df-4386-9974-2ad55e1d611c
create sequence report_seq start with 1 increment by 50
create sequence report_seq start with 1 increment by 50;
2025-03-18 15:41:41.754 [Test worker]  INFO p6spy - #1742326901754 | took 2ms | statement | connection 4| url jdbc:h2:mem:7a2d9b97-b2df-4386-9974-2ad55e1d611c
create table access_log (elapsed bigint not null, member_id bigint, request_at timestamp(6), response_at timestamp(6), seq bigint generated by default as identity, agent_class varchar(255), agent_name varchar(255), authorization varchar(255), client_ip varchar(255), device_class varchar(255), device_name varchar(255), email varchar(255), error_id varchar(255), host varchar(255), method varchar(255), os varchar(255), os_name varchar(255), os_version varchar(255), referer varchar(255), request varchar(255), request_id varchar(255), response varchar(255), service varchar(255), status varchar(255), thread_id varchar(255), uri varchar(255), user_agent varchar(255), primary key (seq))
create table access_log (elapsed bigint not null, member_id bigint, request_at timestamp(6), response_at timestamp(6), seq bigint generated by default as identity, agent_class varchar(255), agent_name varchar(255), authorization varchar(255), client_ip varchar(255), device_class varchar(255), device_name varchar(255), email varchar(255), error_id varchar(255), host varchar(255), method varchar(255), os varchar(255), os_name varchar(255), os_version varchar(255), referer varchar(255), request varchar(255), request_id varchar(255), response varchar(255), service varchar(255), status varchar(255), thread_id varchar(255), uri varchar(255), user_agent varchar(255), primary key (seq));
2025-03-18 15:41:41.761 [Test worker]  INFO p6spy - #1742326901761 | took 3ms | statement | connection 4| url jdbc:h2:mem:7a2d9b97-b2df-4386-9974-2ad55e1d611c
create table audit (created_date timestamp(6), seq bigint generated by default as identity, cnaf varchar(255), cnbf varchar(255), modifier varchar(255), primary key (seq))
create table audit (created_date timestamp(6), seq bigint generated by default as identity, cnaf varchar(255), cnbf varchar(255), modifier varchar(255), primary key (seq));
2025-03-18 15:41:41.762 [Test worker]  INFO p6spy - #1742326901762 | took 0ms | statement | connection 4| url jdbc:h2:mem:7a2d9b97-b2df-4386-9974-2ad55e1d611c
create table blocked (blocked_id bigint not null, blocked_pet bigint not null, blocker_pet_id bigint not null, created_date timestamp(6) not null, primary key (blocked_id))
create table blocked (blocked_id bigint not null, blocked_pet bigint not null, blocker_pet_id bigint not null, created_date timestamp(6) not null, primary key (blocked_id));
2025-03-18 15:41:41.763 [Test worker]  INFO p6spy - #1742326901763 | took 1ms | statement | connection 4| url jdbc:h2:mem:7a2d9b97-b2df-4386-9974-2ad55e1d611c
create table comment (depth integer not null, commenter_id bigint not null, created_date timestamp(6), deleted_date timestamp(6), id bigint generated by default as identity, last_modified_date timestamp(6), memory_id bigint, parent_comment_id bigint, pet_id bigint, comment varchar(150) not null, comment_group varchar(255) not null check (comment_group in ('LAST_WORD','MEMORY_COMMENT')), last_modified_by varchar(255), primary key (id))
create table comment (depth integer not null, commenter_id bigint not null, created_date timestamp(6), deleted_date timestamp(6), id bigint generated by default as identity, last_modified_date timestamp(6), memory_id bigint, parent_comment_id bigint, pet_id bigint, comment varchar(150) not null, comment_group varchar(255) not null check (comment_group in ('LAST_WORD','MEMORY_COMMENT')), last_modified_by varchar(255), primary key (id));
2025-03-18 15:41:41.764 [Test worker]  INFO p6spy - #1742326901764 | took 0ms | statement | connection 4| url jdbc:h2:mem:7a2d9b97-b2df-4386-9974-2ad55e1d611c
create table config (code varchar(255) not null, description varchar(255), val varchar(255), primary key (code))
create table config (code varchar(255) not null, description varchar(255), val varchar(255), primary key (code));
2025-03-18 15:41:41.764 [Test worker]  INFO p6spy - #1742326901764 | took 0ms | statement | connection 4| url jdbc:h2:mem:7a2d9b97-b2df-4386-9974-2ad55e1d611c
create table follow (created_date timestamp(6), following_pet_id bigint not null, id bigint not null, last_modified_date timestamp(6), pet_id bigint, last_modified_by varchar(255), primary key (id))
create table follow (created_date timestamp(6), following_pet_id bigint not null, id bigint not null, last_modified_date timestamp(6), pet_id bigint, last_modified_by varchar(255), primary key (id));
2025-03-18 15:41:41.765 [Test worker]  INFO p6spy - #1742326901765 | took 0ms | statement | connection 4| url jdbc:h2:mem:7a2d9b97-b2df-4386-9974-2ad55e1d611c
create table likes (created_date timestamp(6), liked_own_pet_id bigint not null, likes_id bigint not null, memory_id bigint not null, pet_id bigint not null, primary key (likes_id))
create table likes (created_date timestamp(6), liked_own_pet_id bigint not null, likes_id bigint not null, memory_id bigint not null, pet_id bigint not null, primary key (likes_id));
2025-03-18 15:41:41.765 [Test worker]  INFO p6spy - #1742326901765 | took 0ms | statement | connection 4| url jdbc:h2:mem:7a2d9b97-b2df-4386-9974-2ad55e1d611c
create table member (agree_yn boolean not null, agree_date timestamp(6) not null, created_date timestamp(6), deleted_date timestamp(6), id bigint generated by default as identity, last_modified_date timestamp(6), deactivation_reason varchar(255), deactivation_reason_comment varchar(255), last_modified_by varchar(255), member_id varchar(255), phone_num varchar(255), username varchar(255) not null, primary key (id))
create table member (agree_yn boolean not null, agree_date timestamp(6) not null, created_date timestamp(6), deleted_date timestamp(6), id bigint generated by default as identity, last_modified_date timestamp(6), deactivation_reason varchar(255), deactivation_reason_comment varchar(255), last_modified_by varchar(255), member_id varchar(255), phone_num varchar(255), username varchar(255) not null, primary key (id));
2025-03-18 15:41:41.766 [Test worker]  INFO p6spy - #1742326901766 | took 0ms | statement | connection 4| url jdbc:h2:mem:7a2d9b97-b2df-4386-9974-2ad55e1d611c
create table member_social (login_fail_count integer not null, created_date timestamp(6), deleted_date timestamp(6), id bigint generated by default as identity, last_login_date timestamp(6), last_modified_date timestamp(6), email varchar(255), last_modified_by varchar(255), member_id varchar(255), member_status varchar(255) check (member_status in ('NORMAL','LOCKED','BAN')), password varchar(255), phone_num varchar(255), provider varchar(255), provider_id varchar(255), roles varchar(255) not null, username varchar(255) not null, primary key (id))
create table member_social (login_fail_count integer not null, created_date timestamp(6), deleted_date timestamp(6), id bigint generated by default as identity, last_login_date timestamp(6), last_modified_date timestamp(6), email varchar(255), last_modified_by varchar(255), member_id varchar(255), member_status varchar(255) check (member_status in ('NORMAL','LOCKED','BAN')), password varchar(255), phone_num varchar(255), provider varchar(255), provider_id varchar(255), roles varchar(255) not null, username varchar(255) not null, primary key (id));
2025-03-18 15:41:41.767 [Test worker]  INFO p6spy - #1742326901767 | took 0ms | statement | connection 4| url jdbc:h2:mem:7a2d9b97-b2df-4386-9974-2ad55e1d611c
create table memory (like_count integer not null, memory_date date not null, created_date timestamp(6), deleted_date timestamp(6), last_modified_date timestamp(6), memory_id bigint not null, pet_id bigint not null, audience varchar(255) not null check (audience in ('ALL','FRIEND','ME')), last_modified_by varchar(255), memory_description varchar(255), title varchar(255) not null, primary key (memory_id))
create table memory (like_count integer not null, memory_date date not null, created_date timestamp(6), deleted_date timestamp(6), last_modified_date timestamp(6), memory_id bigint not null, pet_id bigint not null, audience varchar(255) not null check (audience in ('ALL','FRIEND','ME')), last_modified_by varchar(255), memory_description varchar(255), title varchar(255) not null, primary key (memory_id));
2025-03-18 15:41:41.767 [Test worker]  INFO p6spy - #1742326901767 | took 0ms | statement | connection 4| url jdbc:h2:mem:7a2d9b97-b2df-4386-9974-2ad55e1d611c
create table memory_image (created_date timestamp(6), deleted_date timestamp(6), memory_id bigint not null, memory_image_id bigint not null, image_format varchar(255) not null, image_logical_name varchar(255) not null, image_physical_name varchar(255) not null, image_size varchar(255) not null, image_url varchar(255) not null, primary key (memory_image_id))
create table memory_image (created_date timestamp(6), deleted_date timestamp(6), memory_id bigint not null, memory_image_id bigint not null, image_format varchar(255) not null, image_logical_name varchar(255) not null, image_physical_name varchar(255) not null, image_size varchar(255) not null, image_url varchar(255) not null, primary key (memory_image_id));
2025-03-18 15:41:41.769 [Test worker]  INFO p6spy - #1742326901769 | took 1ms | statement | connection 4| url jdbc:h2:mem:7a2d9b97-b2df-4386-9974-2ad55e1d611c
create table meta (meta_data integer not null, id bigint not null, last_modified_date timestamp(6), column_name varchar(255) not null, last_modified_by varchar(255), meta_data_name varchar(255) not null, table_name varchar(255) not null, primary key (id))
create table meta (meta_data integer not null, id bigint not null, last_modified_date timestamp(6), column_name varchar(255) not null, last_modified_by varchar(255), meta_data_name varchar(255) not null, table_name varchar(255) not null, primary key (id));
2025-03-18 15:41:41.769 [Test worker]  INFO p6spy - #1742326901769 | took 0ms | statement | connection 4| url jdbc:h2:mem:7a2d9b97-b2df-4386-9974-2ad55e1d611c
create table notification (notification_type tinyint not null check (notification_type between 0 and 5), read_yn integer not null, created_date timestamp(6), last_modified_date timestamp(6), notification_id bigint generated by default as identity, receiver bigint, sender bigint not null, follow_yn varchar(255), last_modified_by varchar(255), sender_img_url varchar(255) not null, primary key (notification_id))
create table notification (notification_type tinyint not null check (notification_type between 0 and 5), read_yn integer not null, created_date timestamp(6), last_modified_date timestamp(6), notification_id bigint generated by default as identity, receiver bigint, sender bigint not null, follow_yn varchar(255), last_modified_by varchar(255), sender_img_url varchar(255) not null, primary key (notification_id));
2025-03-18 15:41:41.770 [Test worker]  INFO p6spy - #1742326901770 | took 0ms | statement | connection 4| url jdbc:h2:mem:7a2d9b97-b2df-4386-9974-2ad55e1d611c
create table pet (pet_birth date not null, pet_death_date date, pet_profile_frame integer not null, created_date timestamp(6), deleted_date timestamp(6), last_modified_date timestamp(6), member_id bigint, pet_id bigint generated by default as identity, pet_species_id bigint, back_img_url varchar(255), gender varchar(255) not null check (gender in ('M','F')), last_modified_by varchar(255), pet_desc varchar(255) not null, pet_favs varchar(255) not null, pet_favs2 varchar(255), pet_favs2_colour varchar(255), pet_favs3 varchar(255), pet_favs3_colour varchar(255), pet_favs_colour varchar(255) not null, pet_name varchar(255) not null, pet_profile_url varchar(255) not null, pet_status varchar(255) not null check (pet_status in ('ACTIVE','DEACTIVE')), primary key (pet_id))
create table pet (pet_birth date not null, pet_death_date date, pet_profile_frame integer not null, created_date timestamp(6), deleted_date timestamp(6), last_modified_date timestamp(6), member_id bigint, pet_id bigint generated by default as identity, pet_species_id bigint, back_img_url varchar(255), gender varchar(255) not null check (gender in ('M','F')), last_modified_by varchar(255), pet_desc varchar(255) not null, pet_favs varchar(255) not null, pet_favs2 varchar(255), pet_favs2_colour varchar(255), pet_favs3 varchar(255), pet_favs3_colour varchar(255), pet_favs_colour varchar(255) not null, pet_name varchar(255) not null, pet_profile_url varchar(255) not null, pet_status varchar(255) not null check (pet_status in ('ACTIVE','DEACTIVE')), primary key (pet_id));
2025-03-18 15:41:41.771 [Test worker]  INFO p6spy - #1742326901771 | took 0ms | statement | connection 4| url jdbc:h2:mem:7a2d9b97-b2df-4386-9974-2ad55e1d611c
create table recent_search (created_date timestamp(6), id bigint generated by default as identity, pet_id bigint not null, search_texts varchar(255) array not null, primary key (id))
create table recent_search (created_date timestamp(6), id bigint generated by default as identity, pet_id bigint not null, search_texts varchar(255) array not null, primary key (id));
2025-03-18 15:41:41.771 [Test worker]  INFO p6spy - #1742326901771 | took 0ms | statement | connection 4| url jdbc:h2:mem:7a2d9b97-b2df-4386-9974-2ad55e1d611c
create table refresh_token (revoked boolean not null, expired_at timestamp(6), id bigint not null, member_social_id bigint, access_token varchar(1000), refresh_token varchar(1000) not null, primary key (id))
create table refresh_token (revoked boolean not null, expired_at timestamp(6), id bigint not null, member_social_id bigint, access_token varchar(1000), refresh_token varchar(1000) not null, primary key (id));
2025-03-18 15:41:41.772 [Test worker]  INFO p6spy - #1742326901772 | took 0ms | statement | connection 4| url jdbc:h2:mem:7a2d9b97-b2df-4386-9974-2ad55e1d611c
create table report (comment_id bigint, created_date timestamp(6), report_id bigint not null, reported_pet_id bigint not null, reporter_pet_id bigint not null, report_category varchar(255) not null, report_reason varchar(255) not null, primary key (report_id))
create table report (comment_id bigint, created_date timestamp(6), report_id bigint not null, reported_pet_id bigint not null, reporter_pet_id bigint not null, report_category varchar(255) not null, report_reason varchar(255) not null, primary key (report_id));
2025-03-18 15:41:41.772 [Test worker]  INFO p6spy - #1742326901772 | took 0ms | statement | connection 4| url jdbc:h2:mem:7a2d9b97-b2df-4386-9974-2ad55e1d611c
create table sequence (value bigint not null, name varchar(255) not null, primary key (name))
create table sequence (value bigint not null, name varchar(255) not null, primary key (name));
2025-03-18 15:41:41.774 [Test worker]  INFO p6spy - #1742326901774 | took 0ms | statement | connection 4| url jdbc:h2:mem:7a2d9b97-b2df-4386-9974-2ad55e1d611c
create table species (last_modified_date timestamp(6), pet_species_id bigint generated by default as identity, last_modified_by varchar(255), species_large_category varchar(255) not null, species_mid_category varchar(255), species_small_category varchar(255) not null, primary key (pet_species_id))
create table species (last_modified_date timestamp(6), pet_species_id bigint generated by default as identity, last_modified_by varchar(255), species_large_category varchar(255) not null, species_mid_category varchar(255), species_small_category varchar(255) not null, primary key (pet_species_id));
2025-03-18 15:41:41.774 [Test worker]  INFO p6spy - #1742326901774 | took 0ms | statement | connection 4| url jdbc:h2:mem:7a2d9b97-b2df-4386-9974-2ad55e1d611c
create table verification_status_entity (expired_at timestamp(6), id bigint generated by default as identity, auth_key varchar(255), primary key (id))
create table verification_status_entity (expired_at timestamp(6), id bigint generated by default as identity, auth_key varchar(255), primary key (id));
2025-03-18 15:41:41.777 [Test worker]  INFO p6spy - #1742326901777 | took 2ms | statement | connection 4| url jdbc:h2:mem:7a2d9b97-b2df-4386-9974-2ad55e1d611c
alter table if exists blocked add constraint FKnaikjrvvsgqydmq4dksrkbkqs foreign key (blocked_pet) references pet
alter table if exists blocked add constraint FKnaikjrvvsgqydmq4dksrkbkqs foreign key (blocked_pet) references pet;
2025-03-18 15:41:41.778 [Test worker]  INFO p6spy - #1742326901778 | took 0ms | statement | connection 4| url jdbc:h2:mem:7a2d9b97-b2df-4386-9974-2ad55e1d611c
alter table if exists comment add constraint FK9ikw731f4xppbn3feyloudpw3 foreign key (memory_id) references memory
alter table if exists comment add constraint FK9ikw731f4xppbn3feyloudpw3 foreign key (memory_id) references memory;
2025-03-18 15:41:41.779 [Test worker]  INFO p6spy - #1742326901779 | took 0ms | statement | connection 4| url jdbc:h2:mem:7a2d9b97-b2df-4386-9974-2ad55e1d611c
alter table if exists comment add constraint FKhvrca92mdyusiykgpypnfxnui foreign key (pet_id) references pet
alter table if exists comment add constraint FKhvrca92mdyusiykgpypnfxnui foreign key (pet_id) references pet;
2025-03-18 15:41:41.780 [Test worker]  INFO p6spy - #1742326901779 | took 0ms | statement | connection 4| url jdbc:h2:mem:7a2d9b97-b2df-4386-9974-2ad55e1d611c
alter table if exists follow add constraint FKsv1ro6ep72nof9lk8ey879js7 foreign key (following_pet_id) references pet
alter table if exists follow add constraint FKsv1ro6ep72nof9lk8ey879js7 foreign key (following_pet_id) references pet;
2025-03-18 15:41:41.780 [Test worker]  INFO p6spy - #1742326901780 | took 0ms | statement | connection 4| url jdbc:h2:mem:7a2d9b97-b2df-4386-9974-2ad55e1d611c
alter table if exists likes add constraint FK3eb73lcsoolg9hnt2mx72lslv foreign key (memory_id) references memory
alter table if exists likes add constraint FK3eb73lcsoolg9hnt2mx72lslv foreign key (memory_id) references memory;
2025-03-18 15:41:41.781 [Test worker]  INFO p6spy - #1742326901781 | took 0ms | statement | connection 4| url jdbc:h2:mem:7a2d9b97-b2df-4386-9974-2ad55e1d611c
alter table if exists likes add constraint FKc4sxuu6gf0q9qbnab319n657h foreign key (pet_id) references pet
alter table if exists likes add constraint FKc4sxuu6gf0q9qbnab319n657h foreign key (pet_id) references pet;
2025-03-18 15:41:41.781 [Test worker]  INFO p6spy - #1742326901781 | took 0ms | statement | connection 4| url jdbc:h2:mem:7a2d9b97-b2df-4386-9974-2ad55e1d611c
alter table if exists memory add constraint FK2ws42dna5wo37rsdrmb61o9d6 foreign key (pet_id) references pet
alter table if exists memory add constraint FK2ws42dna5wo37rsdrmb61o9d6 foreign key (pet_id) references pet;
2025-03-18 15:41:41.782 [Test worker]  INFO p6spy - #1742326901782 | took 0ms | statement | connection 4| url jdbc:h2:mem:7a2d9b97-b2df-4386-9974-2ad55e1d611c
alter table if exists memory_image add constraint FKdm4x79i6g8p4k7wbdlosy3s24 foreign key (memory_id) references memory
alter table if exists memory_image add constraint FKdm4x79i6g8p4k7wbdlosy3s24 foreign key (memory_id) references memory;
2025-03-18 15:41:41.782 [Test worker]  INFO p6spy - #1742326901782 | took 0ms | statement | connection 4| url jdbc:h2:mem:7a2d9b97-b2df-4386-9974-2ad55e1d611c
alter table if exists notification add constraint FKh6swx5uhav8puch5xjwi21r26 foreign key (receiver) references pet
alter table if exists notification add constraint FKh6swx5uhav8puch5xjwi21r26 foreign key (receiver) references pet;
2025-03-18 15:41:41.783 [Test worker]  INFO p6spy - #1742326901783 | took 0ms | statement | connection 4| url jdbc:h2:mem:7a2d9b97-b2df-4386-9974-2ad55e1d611c
alter table if exists pet add constraint FK1c9th7o408mgfqkbjjkvkl4mw foreign key (member_id) references member
alter table if exists pet add constraint FK1c9th7o408mgfqkbjjkvkl4mw foreign key (member_id) references member;
2025-03-18 15:41:41.784 [Test worker]  INFO p6spy - #1742326901784 | took 0ms | statement | connection 4| url jdbc:h2:mem:7a2d9b97-b2df-4386-9974-2ad55e1d611c
alter table if exists pet add constraint FKr1mw2c3xoe48evroh3mxacxok foreign key (pet_species_id) references species
alter table if exists pet add constraint FKr1mw2c3xoe48evroh3mxacxok foreign key (pet_species_id) references species;
2025-03-18 15:41:41.784 [Test worker]  INFO p6spy - #1742326901784 | took 0ms | statement | connection 4| url jdbc:h2:mem:7a2d9b97-b2df-4386-9974-2ad55e1d611c
alter table if exists recent_search add constraint FKqkom7u8p7og7hr5rl0jg1u2kd foreign key (pet_id) references pet
alter table if exists recent_search add constraint FKqkom7u8p7og7hr5rl0jg1u2kd foreign key (pet_id) references pet;
2025-03-18 15:41:41.785 [Test worker]  INFO p6spy - #1742326901785 | took 0ms | statement | connection 4| url jdbc:h2:mem:7a2d9b97-b2df-4386-9974-2ad55e1d611c
alter table if exists refresh_token add constraint FKcvhhfeqjn6c919q3omhpj91ig foreign key (member_social_id) references member_social
alter table if exists refresh_token add constraint FKcvhhfeqjn6c919q3omhpj91ig foreign key (member_social_id) references member_social;
2025-03-18 15:41:41.843 [Test worker]  INFO p6spy - #1742326901843 | took 0ms | statement | connection 5| url jdbc:h2:mem:7a2d9b97-b2df-4386-9974-2ad55e1d611c
drop table if exists access_log cascade 
drop table if exists access_log cascade ;
2025-03-18 15:41:41.844 [Test worker]  INFO p6spy - #1742326901844 | took 0ms | statement | connection 5| url jdbc:h2:mem:7a2d9b97-b2df-4386-9974-2ad55e1d611c
drop table if exists audit cascade 
drop table if exists audit cascade ;
2025-03-18 15:41:41.844 [Test worker]  INFO p6spy - #1742326901844 | took 0ms | statement | connection 5| url jdbc:h2:mem:7a2d9b97-b2df-4386-9974-2ad55e1d611c
drop table if exists blocked cascade 
drop table if exists blocked cascade ;
2025-03-18 15:41:41.845 [Test worker]  INFO p6spy - #1742326901845 | took 0ms | statement | connection 5| url jdbc:h2:mem:7a2d9b97-b2df-4386-9974-2ad55e1d611c
drop table if exists comment cascade 
drop table if exists comment cascade ;
2025-03-18 15:41:41.845 [Test worker]  INFO p6spy - #1742326901845 | took 0ms | statement | connection 5| url jdbc:h2:mem:7a2d9b97-b2df-4386-9974-2ad55e1d611c
drop table if exists config cascade 
drop table if exists config cascade ;
2025-03-18 15:41:41.846 [Test worker]  INFO p6spy - #1742326901846 | took 0ms | statement | connection 5| url jdbc:h2:mem:7a2d9b97-b2df-4386-9974-2ad55e1d611c
drop table if exists follow cascade 
drop table if exists follow cascade ;
2025-03-18 15:41:41.846 [Test worker]  INFO p6spy - #1742326901846 | took 0ms | statement | connection 5| url jdbc:h2:mem:7a2d9b97-b2df-4386-9974-2ad55e1d611c
drop table if exists likes cascade 
drop table if exists likes cascade ;
2025-03-18 15:41:41.846 [Test worker]  INFO p6spy - #1742326901846 | took 0ms | statement | connection 5| url jdbc:h2:mem:7a2d9b97-b2df-4386-9974-2ad55e1d611c
drop table if exists member cascade 
drop table if exists member cascade ;
2025-03-18 15:41:41.847 [Test worker]  INFO p6spy - #1742326901847 | took 0ms | statement | connection 5| url jdbc:h2:mem:7a2d9b97-b2df-4386-9974-2ad55e1d611c
drop table if exists member_social cascade 
drop table if exists member_social cascade ;
2025-03-18 15:41:41.847 [Test worker]  INFO p6spy - #1742326901847 | took 0ms | statement | connection 5| url jdbc:h2:mem:7a2d9b97-b2df-4386-9974-2ad55e1d611c
drop table if exists memory cascade 
drop table if exists memory cascade ;
2025-03-18 15:41:41.847 [Test worker]  INFO p6spy - #1742326901847 | took 0ms | statement | connection 5| url jdbc:h2:mem:7a2d9b97-b2df-4386-9974-2ad55e1d611c
drop table if exists memory_image cascade 
drop table if exists memory_image cascade ;
2025-03-18 15:41:41.848 [Test worker]  INFO p6spy - #1742326901848 | took 0ms | statement | connection 5| url jdbc:h2:mem:7a2d9b97-b2df-4386-9974-2ad55e1d611c
drop table if exists meta cascade 
drop table if exists meta cascade ;
2025-03-18 15:41:41.848 [Test worker]  INFO p6spy - #1742326901848 | took 0ms | statement | connection 5| url jdbc:h2:mem:7a2d9b97-b2df-4386-9974-2ad55e1d611c
drop table if exists notification cascade 
drop table if exists notification cascade ;
2025-03-18 15:41:41.848 [Test worker]  INFO p6spy - #1742326901848 | took 0ms | statement | connection 5| url jdbc:h2:mem:7a2d9b97-b2df-4386-9974-2ad55e1d611c
drop table if exists pet cascade 
drop table if exists pet cascade ;
2025-03-18 15:41:41.849 [Test worker]  INFO p6spy - #1742326901849 | took 0ms | statement | connection 5| url jdbc:h2:mem:7a2d9b97-b2df-4386-9974-2ad55e1d611c
drop table if exists recent_search cascade 
drop table if exists recent_search cascade ;
2025-03-18 15:41:41.849 [Test worker]  INFO p6spy - #1742326901849 | took 0ms | statement | connection 5| url jdbc:h2:mem:7a2d9b97-b2df-4386-9974-2ad55e1d611c
drop table if exists refresh_token cascade 
drop table if exists refresh_token cascade ;
2025-03-18 15:41:41.849 [Test worker]  INFO p6spy - #1742326901849 | took 0ms | statement | connection 5| url jdbc:h2:mem:7a2d9b97-b2df-4386-9974-2ad55e1d611c
drop table if exists report cascade 
drop table if exists report cascade ;
2025-03-18 15:41:41.849 [Test worker]  INFO p6spy - #1742326901849 | took 0ms | statement | connection 5| url jdbc:h2:mem:7a2d9b97-b2df-4386-9974-2ad55e1d611c
drop table if exists sequence cascade 
drop table if exists sequence cascade ;
2025-03-18 15:41:41.849 [Test worker]  INFO p6spy - #1742326901849 | took 0ms | statement | connection 5| url jdbc:h2:mem:7a2d9b97-b2df-4386-9974-2ad55e1d611c
drop table if exists species cascade 
drop table if exists species cascade ;
2025-03-18 15:41:41.849 [Test worker]  INFO p6spy - #1742326901849 | took 0ms | statement | connection 5| url jdbc:h2:mem:7a2d9b97-b2df-4386-9974-2ad55e1d611c
drop table if exists verification_status_entity cascade 
drop table if exists verification_status_entity cascade ;
2025-03-18 15:41:41.850 [Test worker]  INFO p6spy - #1742326901850 | took 0ms | statement | connection 5| url jdbc:h2:mem:7a2d9b97-b2df-4386-9974-2ad55e1d611c
drop sequence if exists blocked_seq
drop sequence if exists blocked_seq;
2025-03-18 15:41:41.850 [Test worker]  INFO p6spy - #1742326901850 | took 0ms | statement | connection 5| url jdbc:h2:mem:7a2d9b97-b2df-4386-9974-2ad55e1d611c
drop sequence if exists follow_seq
drop sequence if exists follow_seq;
2025-03-18 15:41:41.850 [Test worker]  INFO p6spy - #1742326901850 | took 0ms | statement | connection 5| url jdbc:h2:mem:7a2d9b97-b2df-4386-9974-2ad55e1d611c
drop sequence if exists likes_seq
drop sequence if exists likes_seq;
2025-03-18 15:41:41.850 [Test worker]  INFO p6spy - #1742326901850 | took 0ms | statement | connection 5| url jdbc:h2:mem:7a2d9b97-b2df-4386-9974-2ad55e1d611c
drop sequence if exists memory_image_seq
drop sequence if exists memory_image_seq;
2025-03-18 15:41:41.850 [Test worker]  INFO p6spy - #1742326901850 | took 0ms | statement | connection 5| url jdbc:h2:mem:7a2d9b97-b2df-4386-9974-2ad55e1d611c
drop sequence if exists memory_seq
drop sequence if exists memory_seq;
2025-03-18 15:41:41.850 [Test worker]  INFO p6spy - #1742326901850 | took 0ms | statement | connection 5| url jdbc:h2:mem:7a2d9b97-b2df-4386-9974-2ad55e1d611c
drop sequence if exists meta_seq
drop sequence if exists meta_seq;
2025-03-18 15:41:41.850 [Test worker]  INFO p6spy - #1742326901850 | took 0ms | statement | connection 5| url jdbc:h2:mem:7a2d9b97-b2df-4386-9974-2ad55e1d611c
drop sequence if exists refresh_token_seq
drop sequence if exists refresh_token_seq;
2025-03-18 15:41:41.851 [Test worker]  INFO p6spy - #1742326901851 | took 0ms | statement | connection 5| url jdbc:h2:mem:7a2d9b97-b2df-4386-9974-2ad55e1d611c
drop sequence if exists report_seq
drop sequence if exists report_seq;
2025-03-18 16:11:08.926 [Test worker]  INFO p6spy - #1742328668926 | took 14ms | statement | connection 1| url jdbc:mysql://localhost:3306/mymemopetdb?useSSL=false&serverTimezone=UTC&allowPublicKeyRetrieval=true
alter table access_log modify column request_at  datetime(6)
alter table access_log modify column request_at  datetime(6);
2025-03-18 16:11:08.932 [Test worker]  INFO p6spy - #1742328668932 | took 5ms | statement | connection 1| url jdbc:mysql://localhost:3306/mymemopetdb?useSSL=false&serverTimezone=UTC&allowPublicKeyRetrieval=true
alter table access_log modify column response_at  datetime(6)
alter table access_log modify column response_at  datetime(6);
2025-03-18 16:11:08.936 [Test worker]  INFO p6spy - #1742328668936 | took 3ms | statement | connection 1| url jdbc:mysql://localhost:3306/mymemopetdb?useSSL=false&serverTimezone=UTC&allowPublicKeyRetrieval=true
alter table audit modify column created_date  datetime(6)
alter table audit modify column created_date  datetime(6);
2025-03-18 16:11:08.940 [Test worker]  INFO p6spy - #1742328668940 | took 4ms | statement | connection 1| url jdbc:mysql://localhost:3306/mymemopetdb?useSSL=false&serverTimezone=UTC&allowPublicKeyRetrieval=true
alter table blocked modify column created_date  datetime(6) not null
alter table blocked modify column created_date  datetime(6) not null;
2025-03-18 16:11:08.946 [Test worker]  INFO p6spy - #1742328668946 | took 5ms | statement | connection 1| url jdbc:mysql://localhost:3306/mymemopetdb?useSSL=false&serverTimezone=UTC&allowPublicKeyRetrieval=true
alter table comment modify column last_modified_date  datetime(6)
alter table comment modify column last_modified_date  datetime(6);
2025-03-18 16:11:08.949 [Test worker]  INFO p6spy - #1742328668949 | took 3ms | statement | connection 1| url jdbc:mysql://localhost:3306/mymemopetdb?useSSL=false&serverTimezone=UTC&allowPublicKeyRetrieval=true
alter table comment modify column created_date  datetime(6)
alter table comment modify column created_date  datetime(6);
2025-03-18 16:11:08.953 [Test worker]  INFO p6spy - #1742328668953 | took 3ms | statement | connection 1| url jdbc:mysql://localhost:3306/mymemopetdb?useSSL=false&serverTimezone=UTC&allowPublicKeyRetrieval=true
alter table comment modify column comment_group  enum ('LAST_WORD','MEMORY_COMMENT') not null
alter table comment modify column comment_group  enum ('LAST_WORD','MEMORY_COMMENT') not null;
2025-03-18 16:11:08.957 [Test worker]  INFO p6spy - #1742328668957 | took 4ms | statement | connection 1| url jdbc:mysql://localhost:3306/mymemopetdb?useSSL=false&serverTimezone=UTC&allowPublicKeyRetrieval=true
alter table comment modify column deleted_date  datetime(6)
alter table comment modify column deleted_date  datetime(6);
2025-03-18 16:11:08.962 [Test worker]  INFO p6spy - #1742328668962 | took 4ms | statement | connection 1| url jdbc:mysql://localhost:3306/mymemopetdb?useSSL=false&serverTimezone=UTC&allowPublicKeyRetrieval=true
alter table follow modify column last_modified_date  datetime(6)
alter table follow modify column last_modified_date  datetime(6);
2025-03-18 16:11:08.965 [Test worker]  INFO p6spy - #1742328668965 | took 3ms | statement | connection 1| url jdbc:mysql://localhost:3306/mymemopetdb?useSSL=false&serverTimezone=UTC&allowPublicKeyRetrieval=true
alter table follow modify column created_date  datetime(6)
alter table follow modify column created_date  datetime(6);
2025-03-18 16:11:08.970 [Test worker]  INFO p6spy - #1742328668970 | took 4ms | statement | connection 1| url jdbc:mysql://localhost:3306/mymemopetdb?useSSL=false&serverTimezone=UTC&allowPublicKeyRetrieval=true
alter table likes modify column created_date  datetime(6)
alter table likes modify column created_date  datetime(6);
2025-03-18 16:11:08.977 [Test worker]  INFO p6spy - #1742328668977 | took 6ms | statement | connection 1| url jdbc:mysql://localhost:3306/mymemopetdb?useSSL=false&serverTimezone=UTC&allowPublicKeyRetrieval=true
alter table member modify column last_modified_date  datetime(6)
alter table member modify column last_modified_date  datetime(6);
2025-03-18 16:11:08.983 [Test worker]  INFO p6spy - #1742328668983 | took 5ms | statement | connection 1| url jdbc:mysql://localhost:3306/mymemopetdb?useSSL=false&serverTimezone=UTC&allowPublicKeyRetrieval=true
alter table member modify column created_date  datetime(6)
alter table member modify column created_date  datetime(6);
2025-03-18 16:11:08.989 [Test worker]  INFO p6spy - #1742328668989 | took 5ms | statement | connection 1| url jdbc:mysql://localhost:3306/mymemopetdb?useSSL=false&serverTimezone=UTC&allowPublicKeyRetrieval=true
alter table member modify column agree_date  datetime(6) not null
alter table member modify column agree_date  datetime(6) not null;
2025-03-18 16:11:08.995 [Test worker]  INFO p6spy - #1742328668995 | took 5ms | statement | connection 1| url jdbc:mysql://localhost:3306/mymemopetdb?useSSL=false&serverTimezone=UTC&allowPublicKeyRetrieval=true
alter table member modify column deleted_date  datetime(6)
alter table member modify column deleted_date  datetime(6);
2025-03-18 16:11:09.001 [Test worker]  INFO p6spy - #1742328669001 | took 6ms | statement | connection 1| url jdbc:mysql://localhost:3306/mymemopetdb?useSSL=false&serverTimezone=UTC&allowPublicKeyRetrieval=true
alter table member_social modify column last_modified_date  datetime(6)
alter table member_social modify column last_modified_date  datetime(6);
2025-03-18 16:11:09.007 [Test worker]  INFO p6spy - #1742328669007 | took 5ms | statement | connection 1| url jdbc:mysql://localhost:3306/mymemopetdb?useSSL=false&serverTimezone=UTC&allowPublicKeyRetrieval=true
alter table member_social modify column created_date  datetime(6)
alter table member_social modify column created_date  datetime(6);
2025-03-18 16:11:09.011 [Test worker]  INFO p6spy - #1742328669011 | took 4ms | statement | connection 1| url jdbc:mysql://localhost:3306/mymemopetdb?useSSL=false&serverTimezone=UTC&allowPublicKeyRetrieval=true
alter table member_social modify column deleted_date  datetime(6)
alter table member_social modify column deleted_date  datetime(6);
2025-03-18 16:11:09.018 [Test worker]  INFO p6spy - #1742328669018 | took 6ms | statement | connection 1| url jdbc:mysql://localhost:3306/mymemopetdb?useSSL=false&serverTimezone=UTC&allowPublicKeyRetrieval=true
alter table member_social modify column last_login_date  datetime(6)
alter table member_social modify column last_login_date  datetime(6);
2025-03-18 16:11:09.025 [Test worker]  INFO p6spy - #1742328669025 | took 7ms | statement | connection 1| url jdbc:mysql://localhost:3306/mymemopetdb?useSSL=false&serverTimezone=UTC&allowPublicKeyRetrieval=true
alter table member_social modify column member_status  enum ('BAN','LOCKED','NORMAL')
alter table member_social modify column member_status  enum ('BAN','LOCKED','NORMAL');
2025-03-18 16:11:09.037 [Test worker]  INFO p6spy - #1742328669037 | took 11ms | statement | connection 1| url jdbc:mysql://localhost:3306/mymemopetdb?useSSL=false&serverTimezone=UTC&allowPublicKeyRetrieval=true
alter table memory modify column last_modified_date  datetime(6)
alter table memory modify column last_modified_date  datetime(6);
2025-03-18 16:11:09.044 [Test worker]  INFO p6spy - #1742328669044 | took 6ms | statement | connection 1| url jdbc:mysql://localhost:3306/mymemopetdb?useSSL=false&serverTimezone=UTC&allowPublicKeyRetrieval=true
alter table memory modify column created_date  datetime(6)
alter table memory modify column created_date  datetime(6);
2025-03-18 16:11:09.050 [Test worker]  INFO p6spy - #1742328669050 | took 6ms | statement | connection 1| url jdbc:mysql://localhost:3306/mymemopetdb?useSSL=false&serverTimezone=UTC&allowPublicKeyRetrieval=true
alter table memory modify column audience  enum ('ALL','FRIEND','ME') not null
alter table memory modify column audience  enum ('ALL','FRIEND','ME') not null;
2025-03-18 16:11:09.056 [Test worker]  INFO p6spy - #1742328669056 | took 6ms | statement | connection 1| url jdbc:mysql://localhost:3306/mymemopetdb?useSSL=false&serverTimezone=UTC&allowPublicKeyRetrieval=true
alter table memory modify column deleted_date  datetime(6)
alter table memory modify column deleted_date  datetime(6);
2025-03-18 16:11:09.060 [Test worker]  INFO p6spy - #1742328669060 | took 3ms | statement | connection 1| url jdbc:mysql://localhost:3306/mymemopetdb?useSSL=false&serverTimezone=UTC&allowPublicKeyRetrieval=true
alter table memory_image modify column created_date  datetime(6)
alter table memory_image modify column created_date  datetime(6);
2025-03-18 16:11:09.064 [Test worker]  INFO p6spy - #1742328669064 | took 3ms | statement | connection 1| url jdbc:mysql://localhost:3306/mymemopetdb?useSSL=false&serverTimezone=UTC&allowPublicKeyRetrieval=true
alter table memory_image modify column deleted_date  datetime(6)
alter table memory_image modify column deleted_date  datetime(6);
2025-03-18 16:11:09.067 [Test worker]  INFO p6spy - #1742328669067 | took 2ms | statement | connection 1| url jdbc:mysql://localhost:3306/mymemopetdb?useSSL=false&serverTimezone=UTC&allowPublicKeyRetrieval=true
alter table meta modify column last_modified_date  datetime(6)
alter table meta modify column last_modified_date  datetime(6);
2025-03-18 16:11:09.071 [Test worker]  INFO p6spy - #1742328669071 | took 3ms | statement | connection 1| url jdbc:mysql://localhost:3306/mymemopetdb?useSSL=false&serverTimezone=UTC&allowPublicKeyRetrieval=true
alter table notification modify column last_modified_date  datetime(6)
alter table notification modify column last_modified_date  datetime(6);
2025-03-18 16:11:09.075 [Test worker]  INFO p6spy - #1742328669075 | took 3ms | statement | connection 1| url jdbc:mysql://localhost:3306/mymemopetdb?useSSL=false&serverTimezone=UTC&allowPublicKeyRetrieval=true
alter table notification modify column created_date  datetime(6)
alter table notification modify column created_date  datetime(6);
2025-03-18 16:11:09.086 [Test worker]  INFO p6spy - #1742328669086 | took 10ms | statement | connection 1| url jdbc:mysql://localhost:3306/mymemopetdb?useSSL=false&serverTimezone=UTC&allowPublicKeyRetrieval=true
alter table pet modify column last_modified_date  datetime(6)
alter table pet modify column last_modified_date  datetime(6);
2025-03-18 16:11:09.095 [Test worker]  INFO p6spy - #1742328669095 | took 9ms | statement | connection 1| url jdbc:mysql://localhost:3306/mymemopetdb?useSSL=false&serverTimezone=UTC&allowPublicKeyRetrieval=true
alter table pet modify column created_date  datetime(6)
alter table pet modify column created_date  datetime(6);
2025-03-18 16:11:09.105 [Test worker]  INFO p6spy - #1742328669105 | took 10ms | statement | connection 1| url jdbc:mysql://localhost:3306/mymemopetdb?useSSL=false&serverTimezone=UTC&allowPublicKeyRetrieval=true
alter table pet modify column deleted_date  datetime(6)
alter table pet modify column deleted_date  datetime(6);
2025-03-18 16:11:09.115 [Test worker]  INFO p6spy - #1742328669115 | took 10ms | statement | connection 1| url jdbc:mysql://localhost:3306/mymemopetdb?useSSL=false&serverTimezone=UTC&allowPublicKeyRetrieval=true
alter table pet modify column gender  enum ('F','M') not null
alter table pet modify column gender  enum ('F','M') not null;
2025-03-18 16:11:09.126 [Test worker]  INFO p6spy - #1742328669126 | took 10ms | statement | connection 1| url jdbc:mysql://localhost:3306/mymemopetdb?useSSL=false&serverTimezone=UTC&allowPublicKeyRetrieval=true
alter table pet modify column pet_status  enum ('ACTIVE','DEACTIVE') not null
alter table pet modify column pet_status  enum ('ACTIVE','DEACTIVE') not null;
2025-03-18 16:11:09.130 [Test worker]  INFO p6spy - #1742328669130 | took 3ms | statement | connection 1| url jdbc:mysql://localhost:3306/mymemopetdb?useSSL=false&serverTimezone=UTC&allowPublicKeyRetrieval=true
alter table recent_search modify column created_date  datetime(6)
alter table recent_search modify column created_date  datetime(6);
2025-03-18 16:11:09.134 [Test worker]  INFO p6spy - #1742328669134 | took 3ms | statement | connection 1| url jdbc:mysql://localhost:3306/mymemopetdb?useSSL=false&serverTimezone=UTC&allowPublicKeyRetrieval=true
alter table refresh_token modify column expired_at  datetime(6)
alter table refresh_token modify column expired_at  datetime(6);
2025-03-18 16:11:09.137 [Test worker]  INFO p6spy - #1742328669137 | took 3ms | statement | connection 1| url jdbc:mysql://localhost:3306/mymemopetdb?useSSL=false&serverTimezone=UTC&allowPublicKeyRetrieval=true
alter table report modify column created_date  datetime(6)
alter table report modify column created_date  datetime(6);
2025-03-18 16:11:09.143 [Test worker]  INFO p6spy - #1742328669143 | took 4ms | statement | connection 1| url jdbc:mysql://localhost:3306/mymemopetdb?useSSL=false&serverTimezone=UTC&allowPublicKeyRetrieval=true
alter table species modify column last_modified_date  datetime(6)
alter table species modify column last_modified_date  datetime(6);
2025-03-18 16:11:09.146 [Test worker]  INFO p6spy - #1742328669146 | took 3ms | statement | connection 1| url jdbc:mysql://localhost:3306/mymemopetdb?useSSL=false&serverTimezone=UTC&allowPublicKeyRetrieval=true
alter table verification_status_entity modify column expired_at  datetime(6)
alter table verification_status_entity modify column expired_at  datetime(6);
2025-03-18 16:11:09.159 [Test worker]  INFO p6spy - #1742328669159 | took 2ms | statement | connection 1| url jdbc:mysql://localhost:3306/mymemopetdb?useSSL=false&serverTimezone=UTC&allowPublicKeyRetrieval=true
select * from `mymemopetdb`.`pet` where 1=0
select * from `mymemopetdb`.`pet` where 1=0;
2025-03-18 16:11:09.166 [Test worker]  INFO p6spy - #1742328669166 | took 0ms | statement | connection 1| url jdbc:mysql://localhost:3306/mymemopetdb?useSSL=false&serverTimezone=UTC&allowPublicKeyRetrieval=true
select * from `mymemopetdb`.`memory` where 1=0
select * from `mymemopetdb`.`memory` where 1=0;
2025-03-18 16:11:09.168 [Test worker]  INFO p6spy - #1742328669168 | took 0ms | statement | connection 1| url jdbc:mysql://localhost:3306/mymemopetdb?useSSL=false&serverTimezone=UTC&allowPublicKeyRetrieval=true
select * from `mymemopetdb`.`pet` where 1=0
select * from `mymemopetdb`.`pet` where 1=0;
2025-03-18 16:11:09.172 [Test worker]  INFO p6spy - #1742328669172 | took 0ms | statement | connection 1| url jdbc:mysql://localhost:3306/mymemopetdb?useSSL=false&serverTimezone=UTC&allowPublicKeyRetrieval=true
select * from `mymemopetdb`.`pet` where 1=0
select * from `mymemopetdb`.`pet` where 1=0;
2025-03-18 16:11:09.177 [Test worker]  INFO p6spy - #1742328669177 | took 0ms | statement | connection 1| url jdbc:mysql://localhost:3306/mymemopetdb?useSSL=false&serverTimezone=UTC&allowPublicKeyRetrieval=true
select * from `mymemopetdb`.`memory` where 1=0
select * from `mymemopetdb`.`memory` where 1=0;
2025-03-18 16:11:09.178 [Test worker]  INFO p6spy - #1742328669178 | took 0ms | statement | connection 1| url jdbc:mysql://localhost:3306/mymemopetdb?useSSL=false&serverTimezone=UTC&allowPublicKeyRetrieval=true
select * from `mymemopetdb`.`pet` where 1=0
select * from `mymemopetdb`.`pet` where 1=0;
2025-03-18 16:11:09.183 [Test worker]  INFO p6spy - #1742328669183 | took 0ms | statement | connection 1| url jdbc:mysql://localhost:3306/mymemopetdb?useSSL=false&serverTimezone=UTC&allowPublicKeyRetrieval=true
select * from `mymemopetdb`.`pet` where 1=0
select * from `mymemopetdb`.`pet` where 1=0;
2025-03-18 16:11:09.188 [Test worker]  INFO p6spy - #1742328669188 | took 0ms | statement | connection 1| url jdbc:mysql://localhost:3306/mymemopetdb?useSSL=false&serverTimezone=UTC&allowPublicKeyRetrieval=true
select * from `mymemopetdb`.`memory` where 1=0
select * from `mymemopetdb`.`memory` where 1=0;
2025-03-18 16:11:09.193 [Test worker]  INFO p6spy - #1742328669193 | took 0ms | statement | connection 1| url jdbc:mysql://localhost:3306/mymemopetdb?useSSL=false&serverTimezone=UTC&allowPublicKeyRetrieval=true
select * from `mymemopetdb`.`pet` where 1=0
select * from `mymemopetdb`.`pet` where 1=0;
2025-03-18 16:11:09.197 [Test worker]  INFO p6spy - #1742328669197 | took 0ms | statement | connection 1| url jdbc:mysql://localhost:3306/mymemopetdb?useSSL=false&serverTimezone=UTC&allowPublicKeyRetrieval=true
select * from `mymemopetdb`.`member` where 1=0
select * from `mymemopetdb`.`member` where 1=0;
2025-03-18 16:11:09.200 [Test worker]  INFO p6spy - #1742328669199 | took 0ms | statement | connection 1| url jdbc:mysql://localhost:3306/mymemopetdb?useSSL=false&serverTimezone=UTC&allowPublicKeyRetrieval=true
select * from `mymemopetdb`.`species` where 1=0
select * from `mymemopetdb`.`species` where 1=0;
2025-03-18 16:11:09.205 [Test worker]  INFO p6spy - #1742328669205 | took 0ms | statement | connection 1| url jdbc:mysql://localhost:3306/mymemopetdb?useSSL=false&serverTimezone=UTC&allowPublicKeyRetrieval=true
select * from `mymemopetdb`.`pet` where 1=0
select * from `mymemopetdb`.`pet` where 1=0;
2025-03-18 16:11:09.210 [Test worker]  INFO p6spy - #1742328669210 | took 0ms | statement | connection 1| url jdbc:mysql://localhost:3306/mymemopetdb?useSSL=false&serverTimezone=UTC&allowPublicKeyRetrieval=true
select * from `mymemopetdb`.`member_social` where 1=0
select * from `mymemopetdb`.`member_social` where 1=0;
2025-03-18 16:11:13.279 [Test worker]  INFO p6spy - #1742328673279 | took 1ms | rollback | connection 2| url jdbc:mysql://localhost:3306/mymemopetdb?useSSL=false&serverTimezone=UTC&allowPublicKeyRetrieval=true

;
2025-03-18 16:11:27.284 [Test worker]  INFO p6spy - #1742328687284 | took 13ms | statement | connection 1| url jdbc:mysql://localhost:3306/mymemopetdb?useSSL=false&serverTimezone=UTC&allowPublicKeyRetrieval=true
alter table access_log modify column request_at  datetime(6)
alter table access_log modify column request_at  datetime(6);
2025-03-18 16:11:27.290 [Test worker]  INFO p6spy - #1742328687290 | took 6ms | statement | connection 1| url jdbc:mysql://localhost:3306/mymemopetdb?useSSL=false&serverTimezone=UTC&allowPublicKeyRetrieval=true
alter table access_log modify column response_at  datetime(6)
alter table access_log modify column response_at  datetime(6);
2025-03-18 16:11:27.294 [Test worker]  INFO p6spy - #1742328687294 | took 4ms | statement | connection 1| url jdbc:mysql://localhost:3306/mymemopetdb?useSSL=false&serverTimezone=UTC&allowPublicKeyRetrieval=true
alter table audit modify column created_date  datetime(6)
alter table audit modify column created_date  datetime(6);
2025-03-18 16:11:27.299 [Test worker]  INFO p6spy - #1742328687299 | took 4ms | statement | connection 1| url jdbc:mysql://localhost:3306/mymemopetdb?useSSL=false&serverTimezone=UTC&allowPublicKeyRetrieval=true
alter table blocked modify column created_date  datetime(6) not null
alter table blocked modify column created_date  datetime(6) not null;
2025-03-18 16:11:27.303 [Test worker]  INFO p6spy - #1742328687303 | took 4ms | statement | connection 1| url jdbc:mysql://localhost:3306/mymemopetdb?useSSL=false&serverTimezone=UTC&allowPublicKeyRetrieval=true
alter table comment modify column last_modified_date  datetime(6)
alter table comment modify column last_modified_date  datetime(6);
2025-03-18 16:11:27.307 [Test worker]  INFO p6spy - #1742328687307 | took 3ms | statement | connection 1| url jdbc:mysql://localhost:3306/mymemopetdb?useSSL=false&serverTimezone=UTC&allowPublicKeyRetrieval=true
alter table comment modify column created_date  datetime(6)
alter table comment modify column created_date  datetime(6);
2025-03-18 16:11:27.311 [Test worker]  INFO p6spy - #1742328687311 | took 4ms | statement | connection 1| url jdbc:mysql://localhost:3306/mymemopetdb?useSSL=false&serverTimezone=UTC&allowPublicKeyRetrieval=true
alter table comment modify column comment_group  enum ('LAST_WORD','MEMORY_COMMENT') not null
alter table comment modify column comment_group  enum ('LAST_WORD','MEMORY_COMMENT') not null;
2025-03-18 16:11:27.315 [Test worker]  INFO p6spy - #1742328687315 | took 3ms | statement | connection 1| url jdbc:mysql://localhost:3306/mymemopetdb?useSSL=false&serverTimezone=UTC&allowPublicKeyRetrieval=true
alter table comment modify column deleted_date  datetime(6)
alter table comment modify column deleted_date  datetime(6);
2025-03-18 16:11:27.319 [Test worker]  INFO p6spy - #1742328687319 | took 3ms | statement | connection 1| url jdbc:mysql://localhost:3306/mymemopetdb?useSSL=false&serverTimezone=UTC&allowPublicKeyRetrieval=true
alter table follow modify column last_modified_date  datetime(6)
alter table follow modify column last_modified_date  datetime(6);
2025-03-18 16:11:27.323 [Test worker]  INFO p6spy - #1742328687323 | took 3ms | statement | connection 1| url jdbc:mysql://localhost:3306/mymemopetdb?useSSL=false&serverTimezone=UTC&allowPublicKeyRetrieval=true
alter table follow modify column created_date  datetime(6)
alter table follow modify column created_date  datetime(6);
2025-03-18 16:11:27.328 [Test worker]  INFO p6spy - #1742328687328 | took 4ms | statement | connection 1| url jdbc:mysql://localhost:3306/mymemopetdb?useSSL=false&serverTimezone=UTC&allowPublicKeyRetrieval=true
alter table likes modify column created_date  datetime(6)
alter table likes modify column created_date  datetime(6);
2025-03-18 16:11:27.335 [Test worker]  INFO p6spy - #1742328687335 | took 6ms | statement | connection 1| url jdbc:mysql://localhost:3306/mymemopetdb?useSSL=false&serverTimezone=UTC&allowPublicKeyRetrieval=true
alter table member modify column last_modified_date  datetime(6)
alter table member modify column last_modified_date  datetime(6);
2025-03-18 16:11:27.340 [Test worker]  INFO p6spy - #1742328687340 | took 5ms | statement | connection 1| url jdbc:mysql://localhost:3306/mymemopetdb?useSSL=false&serverTimezone=UTC&allowPublicKeyRetrieval=true
alter table member modify column created_date  datetime(6)
alter table member modify column created_date  datetime(6);
2025-03-18 16:11:27.354 [Test worker]  INFO p6spy - #1742328687354 | took 13ms | statement | connection 1| url jdbc:mysql://localhost:3306/mymemopetdb?useSSL=false&serverTimezone=UTC&allowPublicKeyRetrieval=true
alter table member modify column agree_date  datetime(6) not null
alter table member modify column agree_date  datetime(6) not null;
2025-03-18 16:11:27.364 [Test worker]  INFO p6spy - #1742328687364 | took 10ms | statement | connection 1| url jdbc:mysql://localhost:3306/mymemopetdb?useSSL=false&serverTimezone=UTC&allowPublicKeyRetrieval=true
alter table member modify column deleted_date  datetime(6)
alter table member modify column deleted_date  datetime(6);
2025-03-18 16:11:27.371 [Test worker]  INFO p6spy - #1742328687371 | took 6ms | statement | connection 1| url jdbc:mysql://localhost:3306/mymemopetdb?useSSL=false&serverTimezone=UTC&allowPublicKeyRetrieval=true
alter table member_social modify column last_modified_date  datetime(6)
alter table member_social modify column last_modified_date  datetime(6);
2025-03-18 16:11:27.377 [Test worker]  INFO p6spy - #1742328687377 | took 5ms | statement | connection 1| url jdbc:mysql://localhost:3306/mymemopetdb?useSSL=false&serverTimezone=UTC&allowPublicKeyRetrieval=true
alter table member_social modify column created_date  datetime(6)
alter table member_social modify column created_date  datetime(6);
2025-03-18 16:11:27.383 [Test worker]  INFO p6spy - #1742328687383 | took 6ms | statement | connection 1| url jdbc:mysql://localhost:3306/mymemopetdb?useSSL=false&serverTimezone=UTC&allowPublicKeyRetrieval=true
alter table member_social modify column deleted_date  datetime(6)
alter table member_social modify column deleted_date  datetime(6);
2025-03-18 16:11:27.389 [Test worker]  INFO p6spy - #1742328687389 | took 5ms | statement | connection 1| url jdbc:mysql://localhost:3306/mymemopetdb?useSSL=false&serverTimezone=UTC&allowPublicKeyRetrieval=true
alter table member_social modify column last_login_date  datetime(6)
alter table member_social modify column last_login_date  datetime(6);
2025-03-18 16:11:27.395 [Test worker]  INFO p6spy - #1742328687395 | took 6ms | statement | connection 1| url jdbc:mysql://localhost:3306/mymemopetdb?useSSL=false&serverTimezone=UTC&allowPublicKeyRetrieval=true
alter table member_social modify column member_status  enum ('BAN','LOCKED','NORMAL')
alter table member_social modify column member_status  enum ('BAN','LOCKED','NORMAL');
2025-03-18 16:11:27.401 [Test worker]  INFO p6spy - #1742328687401 | took 5ms | statement | connection 1| url jdbc:mysql://localhost:3306/mymemopetdb?useSSL=false&serverTimezone=UTC&allowPublicKeyRetrieval=true
alter table memory modify column last_modified_date  datetime(6)
alter table memory modify column last_modified_date  datetime(6);
2025-03-18 16:11:27.407 [Test worker]  INFO p6spy - #1742328687407 | took 5ms | statement | connection 1| url jdbc:mysql://localhost:3306/mymemopetdb?useSSL=false&serverTimezone=UTC&allowPublicKeyRetrieval=true
alter table memory modify column created_date  datetime(6)
alter table memory modify column created_date  datetime(6);
2025-03-18 16:11:27.414 [Test worker]  INFO p6spy - #1742328687413 | took 6ms | statement | connection 1| url jdbc:mysql://localhost:3306/mymemopetdb?useSSL=false&serverTimezone=UTC&allowPublicKeyRetrieval=true
alter table memory modify column audience  enum ('ALL','FRIEND','ME') not null
alter table memory modify column audience  enum ('ALL','FRIEND','ME') not null;
2025-03-18 16:11:27.420 [Test worker]  INFO p6spy - #1742328687420 | took 6ms | statement | connection 1| url jdbc:mysql://localhost:3306/mymemopetdb?useSSL=false&serverTimezone=UTC&allowPublicKeyRetrieval=true
alter table memory modify column deleted_date  datetime(6)
alter table memory modify column deleted_date  datetime(6);
2025-03-18 16:11:27.423 [Test worker]  INFO p6spy - #1742328687423 | took 3ms | statement | connection 1| url jdbc:mysql://localhost:3306/mymemopetdb?useSSL=false&serverTimezone=UTC&allowPublicKeyRetrieval=true
alter table memory_image modify column created_date  datetime(6)
alter table memory_image modify column created_date  datetime(6);
2025-03-18 16:11:27.427 [Test worker]  INFO p6spy - #1742328687427 | took 3ms | statement | connection 1| url jdbc:mysql://localhost:3306/mymemopetdb?useSSL=false&serverTimezone=UTC&allowPublicKeyRetrieval=true
alter table memory_image modify column deleted_date  datetime(6)
alter table memory_image modify column deleted_date  datetime(6);
2025-03-18 16:11:27.430 [Test worker]  INFO p6spy - #1742328687430 | took 3ms | statement | connection 1| url jdbc:mysql://localhost:3306/mymemopetdb?useSSL=false&serverTimezone=UTC&allowPublicKeyRetrieval=true
alter table meta modify column last_modified_date  datetime(6)
alter table meta modify column last_modified_date  datetime(6);
2025-03-18 16:11:27.434 [Test worker]  INFO p6spy - #1742328687434 | took 3ms | statement | connection 1| url jdbc:mysql://localhost:3306/mymemopetdb?useSSL=false&serverTimezone=UTC&allowPublicKeyRetrieval=true
alter table notification modify column last_modified_date  datetime(6)
alter table notification modify column last_modified_date  datetime(6);
2025-03-18 16:11:27.437 [Test worker]  INFO p6spy - #1742328687437 | took 2ms | statement | connection 1| url jdbc:mysql://localhost:3306/mymemopetdb?useSSL=false&serverTimezone=UTC&allowPublicKeyRetrieval=true
alter table notification modify column created_date  datetime(6)
alter table notification modify column created_date  datetime(6);
2025-03-18 16:11:27.447 [Test worker]  INFO p6spy - #1742328687447 | took 9ms | statement | connection 1| url jdbc:mysql://localhost:3306/mymemopetdb?useSSL=false&serverTimezone=UTC&allowPublicKeyRetrieval=true
alter table pet modify column last_modified_date  datetime(6)
alter table pet modify column last_modified_date  datetime(6);
2025-03-18 16:11:27.456 [Test worker]  INFO p6spy - #1742328687456 | took 9ms | statement | connection 1| url jdbc:mysql://localhost:3306/mymemopetdb?useSSL=false&serverTimezone=UTC&allowPublicKeyRetrieval=true
alter table pet modify column created_date  datetime(6)
alter table pet modify column created_date  datetime(6);
2025-03-18 16:11:27.465 [Test worker]  INFO p6spy - #1742328687465 | took 8ms | statement | connection 1| url jdbc:mysql://localhost:3306/mymemopetdb?useSSL=false&serverTimezone=UTC&allowPublicKeyRetrieval=true
alter table pet modify column deleted_date  datetime(6)
alter table pet modify column deleted_date  datetime(6);
2025-03-18 16:11:27.474 [Test worker]  INFO p6spy - #1742328687474 | took 8ms | statement | connection 1| url jdbc:mysql://localhost:3306/mymemopetdb?useSSL=false&serverTimezone=UTC&allowPublicKeyRetrieval=true
alter table pet modify column gender  enum ('F','M') not null
alter table pet modify column gender  enum ('F','M') not null;
2025-03-18 16:11:27.484 [Test worker]  INFO p6spy - #1742328687484 | took 10ms | statement | connection 1| url jdbc:mysql://localhost:3306/mymemopetdb?useSSL=false&serverTimezone=UTC&allowPublicKeyRetrieval=true
alter table pet modify column pet_status  enum ('ACTIVE','DEACTIVE') not null
alter table pet modify column pet_status  enum ('ACTIVE','DEACTIVE') not null;
2025-03-18 16:11:27.488 [Test worker]  INFO p6spy - #1742328687488 | took 3ms | statement | connection 1| url jdbc:mysql://localhost:3306/mymemopetdb?useSSL=false&serverTimezone=UTC&allowPublicKeyRetrieval=true
alter table recent_search modify column created_date  datetime(6)
alter table recent_search modify column created_date  datetime(6);
2025-03-18 16:11:27.492 [Test worker]  INFO p6spy - #1742328687492 | took 3ms | statement | connection 1| url jdbc:mysql://localhost:3306/mymemopetdb?useSSL=false&serverTimezone=UTC&allowPublicKeyRetrieval=true
alter table refresh_token modify column expired_at  datetime(6)
alter table refresh_token modify column expired_at  datetime(6);
2025-03-18 16:11:27.497 [Test worker]  INFO p6spy - #1742328687497 | took 5ms | statement | connection 1| url jdbc:mysql://localhost:3306/mymemopetdb?useSSL=false&serverTimezone=UTC&allowPublicKeyRetrieval=true
alter table report modify column created_date  datetime(6)
alter table report modify column created_date  datetime(6);
2025-03-18 16:11:27.502 [Test worker]  INFO p6spy - #1742328687502 | took 4ms | statement | connection 1| url jdbc:mysql://localhost:3306/mymemopetdb?useSSL=false&serverTimezone=UTC&allowPublicKeyRetrieval=true
alter table species modify column last_modified_date  datetime(6)
alter table species modify column last_modified_date  datetime(6);
2025-03-18 16:11:27.505 [Test worker]  INFO p6spy - #1742328687505 | took 2ms | statement | connection 1| url jdbc:mysql://localhost:3306/mymemopetdb?useSSL=false&serverTimezone=UTC&allowPublicKeyRetrieval=true
alter table verification_status_entity modify column expired_at  datetime(6)
alter table verification_status_entity modify column expired_at  datetime(6);
2025-03-18 16:11:27.519 [Test worker]  INFO p6spy - #1742328687519 | took 2ms | statement | connection 1| url jdbc:mysql://localhost:3306/mymemopetdb?useSSL=false&serverTimezone=UTC&allowPublicKeyRetrieval=true
select * from `mymemopetdb`.`pet` where 1=0
select * from `mymemopetdb`.`pet` where 1=0;
2025-03-18 16:11:27.526 [Test worker]  INFO p6spy - #1742328687526 | took 0ms | statement | connection 1| url jdbc:mysql://localhost:3306/mymemopetdb?useSSL=false&serverTimezone=UTC&allowPublicKeyRetrieval=true
select * from `mymemopetdb`.`memory` where 1=0
select * from `mymemopetdb`.`memory` where 1=0;
2025-03-18 16:11:27.527 [Test worker]  INFO p6spy - #1742328687527 | took 0ms | statement | connection 1| url jdbc:mysql://localhost:3306/mymemopetdb?useSSL=false&serverTimezone=UTC&allowPublicKeyRetrieval=true
select * from `mymemopetdb`.`pet` where 1=0
select * from `mymemopetdb`.`pet` where 1=0;
2025-03-18 16:11:27.531 [Test worker]  INFO p6spy - #1742328687531 | took 0ms | statement | connection 1| url jdbc:mysql://localhost:3306/mymemopetdb?useSSL=false&serverTimezone=UTC&allowPublicKeyRetrieval=true
select * from `mymemopetdb`.`pet` where 1=0
select * from `mymemopetdb`.`pet` where 1=0;
2025-03-18 16:11:27.535 [Test worker]  INFO p6spy - #1742328687535 | took 0ms | statement | connection 1| url jdbc:mysql://localhost:3306/mymemopetdb?useSSL=false&serverTimezone=UTC&allowPublicKeyRetrieval=true
select * from `mymemopetdb`.`memory` where 1=0
select * from `mymemopetdb`.`memory` where 1=0;
2025-03-18 16:11:27.537 [Test worker]  INFO p6spy - #1742328687537 | took 0ms | statement | connection 1| url jdbc:mysql://localhost:3306/mymemopetdb?useSSL=false&serverTimezone=UTC&allowPublicKeyRetrieval=true
select * from `mymemopetdb`.`pet` where 1=0
select * from `mymemopetdb`.`pet` where 1=0;
2025-03-18 16:11:27.541 [Test worker]  INFO p6spy - #1742328687541 | took 0ms | statement | connection 1| url jdbc:mysql://localhost:3306/mymemopetdb?useSSL=false&serverTimezone=UTC&allowPublicKeyRetrieval=true
select * from `mymemopetdb`.`pet` where 1=0
select * from `mymemopetdb`.`pet` where 1=0;
2025-03-18 16:11:27.545 [Test worker]  INFO p6spy - #1742328687545 | took 0ms | statement | connection 1| url jdbc:mysql://localhost:3306/mymemopetdb?useSSL=false&serverTimezone=UTC&allowPublicKeyRetrieval=true
select * from `mymemopetdb`.`memory` where 1=0
select * from `mymemopetdb`.`memory` where 1=0;
2025-03-18 16:11:27.549 [Test worker]  INFO p6spy - #1742328687549 | took 0ms | statement | connection 1| url jdbc:mysql://localhost:3306/mymemopetdb?useSSL=false&serverTimezone=UTC&allowPublicKeyRetrieval=true
select * from `mymemopetdb`.`pet` where 1=0
select * from `mymemopetdb`.`pet` where 1=0;
2025-03-18 16:11:27.554 [Test worker]  INFO p6spy - #1742328687554 | took 0ms | statement | connection 1| url jdbc:mysql://localhost:3306/mymemopetdb?useSSL=false&serverTimezone=UTC&allowPublicKeyRetrieval=true
select * from `mymemopetdb`.`member` where 1=0
select * from `mymemopetdb`.`member` where 1=0;
2025-03-18 16:11:27.555 [Test worker]  INFO p6spy - #1742328687555 | took 0ms | statement | connection 1| url jdbc:mysql://localhost:3306/mymemopetdb?useSSL=false&serverTimezone=UTC&allowPublicKeyRetrieval=true
select * from `mymemopetdb`.`species` where 1=0
select * from `mymemopetdb`.`species` where 1=0;
2025-03-18 16:11:27.559 [Test worker]  INFO p6spy - #1742328687559 | took 0ms | statement | connection 1| url jdbc:mysql://localhost:3306/mymemopetdb?useSSL=false&serverTimezone=UTC&allowPublicKeyRetrieval=true
select * from `mymemopetdb`.`pet` where 1=0
select * from `mymemopetdb`.`pet` where 1=0;
2025-03-18 16:11:27.564 [Test worker]  INFO p6spy - #1742328687564 | took 0ms | statement | connection 1| url jdbc:mysql://localhost:3306/mymemopetdb?useSSL=false&serverTimezone=UTC&allowPublicKeyRetrieval=true
select * from `mymemopetdb`.`member_social` where 1=0
select * from `mymemopetdb`.`member_social` where 1=0;
2025-03-18 16:11:31.603 [Test worker]  INFO p6spy - #1742328691603 | took 0ms | commit | connection 2| url jdbc:mysql://localhost:3306/mymemopetdb?useSSL=false&serverTimezone=UTC&allowPublicKeyRetrieval=true

;
2025-03-18 16:12:34.292 [Test worker]  INFO p6spy - #1742328754292 | took 17ms | statement | connection 1| url jdbc:mysql://localhost:3306/mymemopetdb?useSSL=false&serverTimezone=UTC&allowPublicKeyRetrieval=true
alter table access_log modify column request_at  datetime(6)
alter table access_log modify column request_at  datetime(6);
2025-03-18 16:12:34.298 [Test worker]  INFO p6spy - #1742328754298 | took 4ms | statement | connection 1| url jdbc:mysql://localhost:3306/mymemopetdb?useSSL=false&serverTimezone=UTC&allowPublicKeyRetrieval=true
alter table access_log modify column response_at  datetime(6)
alter table access_log modify column response_at  datetime(6);
2025-03-18 16:12:34.302 [Test worker]  INFO p6spy - #1742328754302 | took 4ms | statement | connection 1| url jdbc:mysql://localhost:3306/mymemopetdb?useSSL=false&serverTimezone=UTC&allowPublicKeyRetrieval=true
alter table audit modify column created_date  datetime(6)
alter table audit modify column created_date  datetime(6);
2025-03-18 16:12:34.306 [Test worker]  INFO p6spy - #1742328754306 | took 3ms | statement | connection 1| url jdbc:mysql://localhost:3306/mymemopetdb?useSSL=false&serverTimezone=UTC&allowPublicKeyRetrieval=true
alter table blocked modify column created_date  datetime(6) not null
alter table blocked modify column created_date  datetime(6) not null;
2025-03-18 16:12:34.312 [Test worker]  INFO p6spy - #1742328754312 | took 5ms | statement | connection 1| url jdbc:mysql://localhost:3306/mymemopetdb?useSSL=false&serverTimezone=UTC&allowPublicKeyRetrieval=true
alter table comment modify column last_modified_date  datetime(6)
alter table comment modify column last_modified_date  datetime(6);
2025-03-18 16:12:34.316 [Test worker]  INFO p6spy - #1742328754316 | took 4ms | statement | connection 1| url jdbc:mysql://localhost:3306/mymemopetdb?useSSL=false&serverTimezone=UTC&allowPublicKeyRetrieval=true
alter table comment modify column created_date  datetime(6)
alter table comment modify column created_date  datetime(6);
2025-03-18 16:12:34.321 [Test worker]  INFO p6spy - #1742328754321 | took 4ms | statement | connection 1| url jdbc:mysql://localhost:3306/mymemopetdb?useSSL=false&serverTimezone=UTC&allowPublicKeyRetrieval=true
alter table comment modify column comment_group  enum ('LAST_WORD','MEMORY_COMMENT') not null
alter table comment modify column comment_group  enum ('LAST_WORD','MEMORY_COMMENT') not null;
2025-03-18 16:12:34.324 [Test worker]  INFO p6spy - #1742328754324 | took 3ms | statement | connection 1| url jdbc:mysql://localhost:3306/mymemopetdb?useSSL=false&serverTimezone=UTC&allowPublicKeyRetrieval=true
alter table comment modify column deleted_date  datetime(6)
alter table comment modify column deleted_date  datetime(6);
2025-03-18 16:12:34.328 [Test worker]  INFO p6spy - #1742328754328 | took 3ms | statement | connection 1| url jdbc:mysql://localhost:3306/mymemopetdb?useSSL=false&serverTimezone=UTC&allowPublicKeyRetrieval=true
alter table follow modify column last_modified_date  datetime(6)
alter table follow modify column last_modified_date  datetime(6);
2025-03-18 16:12:34.333 [Test worker]  INFO p6spy - #1742328754333 | took 4ms | statement | connection 1| url jdbc:mysql://localhost:3306/mymemopetdb?useSSL=false&serverTimezone=UTC&allowPublicKeyRetrieval=true
alter table follow modify column created_date  datetime(6)
alter table follow modify column created_date  datetime(6);
2025-03-18 16:12:34.337 [Test worker]  INFO p6spy - #1742328754337 | took 4ms | statement | connection 1| url jdbc:mysql://localhost:3306/mymemopetdb?useSSL=false&serverTimezone=UTC&allowPublicKeyRetrieval=true
alter table likes modify column created_date  datetime(6)
alter table likes modify column created_date  datetime(6);
2025-03-18 16:12:34.344 [Test worker]  INFO p6spy - #1742328754344 | took 6ms | statement | connection 1| url jdbc:mysql://localhost:3306/mymemopetdb?useSSL=false&serverTimezone=UTC&allowPublicKeyRetrieval=true
alter table member modify column last_modified_date  datetime(6)
alter table member modify column last_modified_date  datetime(6);
2025-03-18 16:12:34.349 [Test worker]  INFO p6spy - #1742328754349 | took 5ms | statement | connection 1| url jdbc:mysql://localhost:3306/mymemopetdb?useSSL=false&serverTimezone=UTC&allowPublicKeyRetrieval=true
alter table member modify column created_date  datetime(6)
alter table member modify column created_date  datetime(6);
2025-03-18 16:12:34.354 [Test worker]  INFO p6spy - #1742328754354 | took 5ms | statement | connection 1| url jdbc:mysql://localhost:3306/mymemopetdb?useSSL=false&serverTimezone=UTC&allowPublicKeyRetrieval=true
alter table member modify column agree_date  datetime(6) not null
alter table member modify column agree_date  datetime(6) not null;
2025-03-18 16:12:34.363 [Test worker]  INFO p6spy - #1742328754363 | took 8ms | statement | connection 1| url jdbc:mysql://localhost:3306/mymemopetdb?useSSL=false&serverTimezone=UTC&allowPublicKeyRetrieval=true
alter table member modify column deleted_date  datetime(6)
alter table member modify column deleted_date  datetime(6);
2025-03-18 16:12:34.376 [Test worker]  INFO p6spy - #1742328754376 | took 13ms | statement | connection 1| url jdbc:mysql://localhost:3306/mymemopetdb?useSSL=false&serverTimezone=UTC&allowPublicKeyRetrieval=true
alter table member_social modify column last_modified_date  datetime(6)
alter table member_social modify column last_modified_date  datetime(6);
2025-03-18 16:12:34.381 [Test worker]  INFO p6spy - #1742328754381 | took 4ms | statement | connection 1| url jdbc:mysql://localhost:3306/mymemopetdb?useSSL=false&serverTimezone=UTC&allowPublicKeyRetrieval=true
alter table member_social modify column created_date  datetime(6)
alter table member_social modify column created_date  datetime(6);
2025-03-18 16:12:34.386 [Test worker]  INFO p6spy - #1742328754386 | took 4ms | statement | connection 1| url jdbc:mysql://localhost:3306/mymemopetdb?useSSL=false&serverTimezone=UTC&allowPublicKeyRetrieval=true
alter table member_social modify column deleted_date  datetime(6)
alter table member_social modify column deleted_date  datetime(6);
2025-03-18 16:12:34.392 [Test worker]  INFO p6spy - #1742328754392 | took 5ms | statement | connection 1| url jdbc:mysql://localhost:3306/mymemopetdb?useSSL=false&serverTimezone=UTC&allowPublicKeyRetrieval=true
alter table member_social modify column last_login_date  datetime(6)
alter table member_social modify column last_login_date  datetime(6);
2025-03-18 16:12:34.399 [Test worker]  INFO p6spy - #1742328754399 | took 6ms | statement | connection 1| url jdbc:mysql://localhost:3306/mymemopetdb?useSSL=false&serverTimezone=UTC&allowPublicKeyRetrieval=true
alter table member_social modify column member_status  enum ('BAN','LOCKED','NORMAL')
alter table member_social modify column member_status  enum ('BAN','LOCKED','NORMAL');
2025-03-18 16:12:34.406 [Test worker]  INFO p6spy - #1742328754406 | took 7ms | statement | connection 1| url jdbc:mysql://localhost:3306/mymemopetdb?useSSL=false&serverTimezone=UTC&allowPublicKeyRetrieval=true
alter table memory modify column last_modified_date  datetime(6)
alter table memory modify column last_modified_date  datetime(6);
2025-03-18 16:12:34.414 [Test worker]  INFO p6spy - #1742328754414 | took 7ms | statement | connection 1| url jdbc:mysql://localhost:3306/mymemopetdb?useSSL=false&serverTimezone=UTC&allowPublicKeyRetrieval=true
alter table memory modify column created_date  datetime(6)
alter table memory modify column created_date  datetime(6);
2025-03-18 16:12:34.420 [Test worker]  INFO p6spy - #1742328754420 | took 6ms | statement | connection 1| url jdbc:mysql://localhost:3306/mymemopetdb?useSSL=false&serverTimezone=UTC&allowPublicKeyRetrieval=true
alter table memory modify column audience  enum ('ALL','FRIEND','ME') not null
alter table memory modify column audience  enum ('ALL','FRIEND','ME') not null;
2025-03-18 16:12:34.427 [Test worker]  INFO p6spy - #1742328754427 | took 6ms | statement | connection 1| url jdbc:mysql://localhost:3306/mymemopetdb?useSSL=false&serverTimezone=UTC&allowPublicKeyRetrieval=true
alter table memory modify column deleted_date  datetime(6)
alter table memory modify column deleted_date  datetime(6);
2025-03-18 16:12:34.431 [Test worker]  INFO p6spy - #1742328754431 | took 3ms | statement | connection 1| url jdbc:mysql://localhost:3306/mymemopetdb?useSSL=false&serverTimezone=UTC&allowPublicKeyRetrieval=true
alter table memory_image modify column created_date  datetime(6)
alter table memory_image modify column created_date  datetime(6);
2025-03-18 16:12:34.435 [Test worker]  INFO p6spy - #1742328754435 | took 3ms | statement | connection 1| url jdbc:mysql://localhost:3306/mymemopetdb?useSSL=false&serverTimezone=UTC&allowPublicKeyRetrieval=true
alter table memory_image modify column deleted_date  datetime(6)
alter table memory_image modify column deleted_date  datetime(6);
2025-03-18 16:12:34.438 [Test worker]  INFO p6spy - #1742328754438 | took 3ms | statement | connection 1| url jdbc:mysql://localhost:3306/mymemopetdb?useSSL=false&serverTimezone=UTC&allowPublicKeyRetrieval=true
alter table meta modify column last_modified_date  datetime(6)
alter table meta modify column last_modified_date  datetime(6);
2025-03-18 16:12:34.443 [Test worker]  INFO p6spy - #1742328754443 | took 4ms | statement | connection 1| url jdbc:mysql://localhost:3306/mymemopetdb?useSSL=false&serverTimezone=UTC&allowPublicKeyRetrieval=true
alter table notification modify column last_modified_date  datetime(6)
alter table notification modify column last_modified_date  datetime(6);
2025-03-18 16:12:34.446 [Test worker]  INFO p6spy - #1742328754446 | took 2ms | statement | connection 1| url jdbc:mysql://localhost:3306/mymemopetdb?useSSL=false&serverTimezone=UTC&allowPublicKeyRetrieval=true
alter table notification modify column created_date  datetime(6)
alter table notification modify column created_date  datetime(6);
2025-03-18 16:12:34.455 [Test worker]  INFO p6spy - #1742328754455 | took 8ms | statement | connection 1| url jdbc:mysql://localhost:3306/mymemopetdb?useSSL=false&serverTimezone=UTC&allowPublicKeyRetrieval=true
alter table pet modify column last_modified_date  datetime(6)
alter table pet modify column last_modified_date  datetime(6);
2025-03-18 16:12:34.465 [Test worker]  INFO p6spy - #1742328754465 | took 9ms | statement | connection 1| url jdbc:mysql://localhost:3306/mymemopetdb?useSSL=false&serverTimezone=UTC&allowPublicKeyRetrieval=true
alter table pet modify column created_date  datetime(6)
alter table pet modify column created_date  datetime(6);
2025-03-18 16:12:34.474 [Test worker]  INFO p6spy - #1742328754474 | took 9ms | statement | connection 1| url jdbc:mysql://localhost:3306/mymemopetdb?useSSL=false&serverTimezone=UTC&allowPublicKeyRetrieval=true
alter table pet modify column deleted_date  datetime(6)
alter table pet modify column deleted_date  datetime(6);
2025-03-18 16:12:34.492 [Test worker]  INFO p6spy - #1742328754492 | took 18ms | statement | connection 1| url jdbc:mysql://localhost:3306/mymemopetdb?useSSL=false&serverTimezone=UTC&allowPublicKeyRetrieval=true
alter table pet modify column gender  enum ('F','M') not null
alter table pet modify column gender  enum ('F','M') not null;
2025-03-18 16:12:34.502 [Test worker]  INFO p6spy - #1742328754502 | took 9ms | statement | connection 1| url jdbc:mysql://localhost:3306/mymemopetdb?useSSL=false&serverTimezone=UTC&allowPublicKeyRetrieval=true
alter table pet modify column pet_status  enum ('ACTIVE','DEACTIVE') not null
alter table pet modify column pet_status  enum ('ACTIVE','DEACTIVE') not null;
2025-03-18 16:12:34.505 [Test worker]  INFO p6spy - #1742328754505 | took 2ms | statement | connection 1| url jdbc:mysql://localhost:3306/mymemopetdb?useSSL=false&serverTimezone=UTC&allowPublicKeyRetrieval=true
alter table recent_search modify column created_date  datetime(6)
alter table recent_search modify column created_date  datetime(6);
2025-03-18 16:12:34.509 [Test worker]  INFO p6spy - #1742328754509 | took 3ms | statement | connection 1| url jdbc:mysql://localhost:3306/mymemopetdb?useSSL=false&serverTimezone=UTC&allowPublicKeyRetrieval=true
alter table refresh_token modify column expired_at  datetime(6)
alter table refresh_token modify column expired_at  datetime(6);
2025-03-18 16:12:34.512 [Test worker]  INFO p6spy - #1742328754512 | took 3ms | statement | connection 1| url jdbc:mysql://localhost:3306/mymemopetdb?useSSL=false&serverTimezone=UTC&allowPublicKeyRetrieval=true
alter table report modify column created_date  datetime(6)
alter table report modify column created_date  datetime(6);
2025-03-18 16:12:34.516 [Test worker]  INFO p6spy - #1742328754516 | took 4ms | statement | connection 1| url jdbc:mysql://localhost:3306/mymemopetdb?useSSL=false&serverTimezone=UTC&allowPublicKeyRetrieval=true
alter table species modify column last_modified_date  datetime(6)
alter table species modify column last_modified_date  datetime(6);
2025-03-18 16:12:34.519 [Test worker]  INFO p6spy - #1742328754519 | took 2ms | statement | connection 1| url jdbc:mysql://localhost:3306/mymemopetdb?useSSL=false&serverTimezone=UTC&allowPublicKeyRetrieval=true
alter table verification_status_entity modify column expired_at  datetime(6)
alter table verification_status_entity modify column expired_at  datetime(6);
2025-03-18 16:12:34.532 [Test worker]  INFO p6spy - #1742328754532 | took 2ms | statement | connection 1| url jdbc:mysql://localhost:3306/mymemopetdb?useSSL=false&serverTimezone=UTC&allowPublicKeyRetrieval=true
select * from `mymemopetdb`.`pet` where 1=0
select * from `mymemopetdb`.`pet` where 1=0;
2025-03-18 16:12:34.539 [Test worker]  INFO p6spy - #1742328754539 | took 0ms | statement | connection 1| url jdbc:mysql://localhost:3306/mymemopetdb?useSSL=false&serverTimezone=UTC&allowPublicKeyRetrieval=true
select * from `mymemopetdb`.`memory` where 1=0
select * from `mymemopetdb`.`memory` where 1=0;
2025-03-18 16:12:34.541 [Test worker]  INFO p6spy - #1742328754541 | took 0ms | statement | connection 1| url jdbc:mysql://localhost:3306/mymemopetdb?useSSL=false&serverTimezone=UTC&allowPublicKeyRetrieval=true
select * from `mymemopetdb`.`pet` where 1=0
select * from `mymemopetdb`.`pet` where 1=0;
2025-03-18 16:12:34.547 [Test worker]  INFO p6spy - #1742328754547 | took 0ms | statement | connection 1| url jdbc:mysql://localhost:3306/mymemopetdb?useSSL=false&serverTimezone=UTC&allowPublicKeyRetrieval=true
select * from `mymemopetdb`.`pet` where 1=0
select * from `mymemopetdb`.`pet` where 1=0;
2025-03-18 16:12:34.552 [Test worker]  INFO p6spy - #1742328754552 | took 0ms | statement | connection 1| url jdbc:mysql://localhost:3306/mymemopetdb?useSSL=false&serverTimezone=UTC&allowPublicKeyRetrieval=true
select * from `mymemopetdb`.`memory` where 1=0
select * from `mymemopetdb`.`memory` where 1=0;
2025-03-18 16:12:34.554 [Test worker]  INFO p6spy - #1742328754554 | took 0ms | statement | connection 1| url jdbc:mysql://localhost:3306/mymemopetdb?useSSL=false&serverTimezone=UTC&allowPublicKeyRetrieval=true
select * from `mymemopetdb`.`pet` where 1=0
select * from `mymemopetdb`.`pet` where 1=0;
2025-03-18 16:12:34.559 [Test worker]  INFO p6spy - #1742328754559 | took 0ms | statement | connection 1| url jdbc:mysql://localhost:3306/mymemopetdb?useSSL=false&serverTimezone=UTC&allowPublicKeyRetrieval=true
select * from `mymemopetdb`.`pet` where 1=0
select * from `mymemopetdb`.`pet` where 1=0;
2025-03-18 16:12:34.577 [Test worker]  INFO p6spy - #1742328754577 | took 0ms | statement | connection 1| url jdbc:mysql://localhost:3306/mymemopetdb?useSSL=false&serverTimezone=UTC&allowPublicKeyRetrieval=true
select * from `mymemopetdb`.`memory` where 1=0
select * from `mymemopetdb`.`memory` where 1=0;
2025-03-18 16:12:34.585 [Test worker]  INFO p6spy - #1742328754585 | took 1ms | statement | connection 1| url jdbc:mysql://localhost:3306/mymemopetdb?useSSL=false&serverTimezone=UTC&allowPublicKeyRetrieval=true
select * from `mymemopetdb`.`pet` where 1=0
select * from `mymemopetdb`.`pet` where 1=0;
2025-03-18 16:12:34.592 [Test worker]  INFO p6spy - #1742328754592 | took 0ms | statement | connection 1| url jdbc:mysql://localhost:3306/mymemopetdb?useSSL=false&serverTimezone=UTC&allowPublicKeyRetrieval=true
select * from `mymemopetdb`.`member` where 1=0
select * from `mymemopetdb`.`member` where 1=0;
2025-03-18 16:12:34.595 [Test worker]  INFO p6spy - #1742328754595 | took 0ms | statement | connection 1| url jdbc:mysql://localhost:3306/mymemopetdb?useSSL=false&serverTimezone=UTC&allowPublicKeyRetrieval=true
select * from `mymemopetdb`.`species` where 1=0
select * from `mymemopetdb`.`species` where 1=0;
2025-03-18 16:12:34.601 [Test worker]  INFO p6spy - #1742328754601 | took 0ms | statement | connection 1| url jdbc:mysql://localhost:3306/mymemopetdb?useSSL=false&serverTimezone=UTC&allowPublicKeyRetrieval=true
select * from `mymemopetdb`.`pet` where 1=0
select * from `mymemopetdb`.`pet` where 1=0;
2025-03-18 16:12:34.606 [Test worker]  INFO p6spy - #1742328754606 | took 0ms | statement | connection 1| url jdbc:mysql://localhost:3306/mymemopetdb?useSSL=false&serverTimezone=UTC&allowPublicKeyRetrieval=true
select * from `mymemopetdb`.`member_social` where 1=0
select * from `mymemopetdb`.`member_social` where 1=0;
2025-03-18 16:12:38.226 [Test worker]  INFO p6spy - #1742328758226 | took 0ms | commit | connection 2| url jdbc:mysql://localhost:3306/mymemopetdb?useSSL=false&serverTimezone=UTC&allowPublicKeyRetrieval=true

;
